,Nombre Municipio,ANO,Casos,Código ,Nombre,Código Municipio,Unnamed: 4,Longitud,Latitud,Unnamed: 7
0,ABEJORRAL,"1,985",5,5,ANTIOQUIA,5002,Municipio,-75.428739,5.789315,
1,ABEJORRAL,"1,986",1,5,ANTIOQUIA,5002,Municipio,-75.428739,5.789315,
2,ABEJORRAL,"1,989",1,5,ANTIOQUIA,5002,Municipio,-75.428739,5.789315,
3,ABEJORRAL,"1,992",3,5,ANTIOQUIA,5002,Municipio,-75.428739,5.789315,
4,ABEJORRAL,"1,995",1,5,ANTIOQUIA,5002,Municipio,-75.428739,5.789315,
5,ABEJORRAL,"1,996",1,5,ANTIOQUIA,5002,Municipio,-75.428739,5.789315,
6,ABEJORRAL,"1,997",1,5,ANTIOQUIA,5002,Municipio,-75.428739,5.789315,
7,ABEJORRAL,"1,998",1,5,ANTIOQUIA,5002,Municipio,-75.428739,5.789315,
8,ABEJORRAL,"1,999",1,5,ANTIOQUIA,5002,Municipio,-75.428739,5.789315,
9,ABEJORRAL,"2,001",1,5,ANTIOQUIA,5002,Municipio,-75.428739,5.789315,
10,ABEJORRAL,"2,003",1,5,ANTIOQUIA,5002,Municipio,-75.428739,5.789315,
11,ABEJORRAL,"2,010",2,5,ANTIOQUIA,5002,Municipio,-75.428739,5.789315,
12,ABEJORRAL,"2,011",1,5,ANTIOQUIA,5002,Municipio,-75.428739,5.789315,
13,ABEJORRAL,"2,013",2,5,ANTIOQUIA,5002,Municipio,-75.428739,5.789315,
14,ABEJORRAL,"2,014",1,5,ANTIOQUIA,5002,Municipio,-75.428739,5.789315,
15,ABEJORRAL,"2,015",2,5,ANTIOQUIA,5002,Municipio,-75.428739,5.789315,
16,ABEJORRAL,"2,016",1,5,ANTIOQUIA,5002,Municipio,-75.428739,5.789315,
17,ABRIAQUÍ,"1,987",1,5,ANTIOQUIA,5004,Municipio,-76.064304,6.632282,
18,ABRIAQUÍ,"1,990",1,5,ANTIOQUIA,5004,Municipio,-76.064304,6.632282,
19,ACACÍAS,"1,985",1,50,META,50006,Municipio,-73.766034,3.990413,
20,ACACÍAS,"1,988",2,50,META,50006,Municipio,-73.766034,3.990413,
21,ACACÍAS,"1,990",1,50,META,50006,Municipio,-73.766034,3.990413,
22,ACACÍAS,"1,993",2,50,META,50006,Municipio,-73.766034,3.990413,
23,ACACÍAS,"1,994",2,50,META,50006,Municipio,-73.766034,3.990413,
24,ACACÍAS,"1,999",3,50,META,50006,Municipio,-73.766034,3.990413,
25,ACACÍAS,"2,000",1,50,META,50006,Municipio,-73.766034,3.990413,
26,ACACÍAS,"2,002",3,50,META,50006,Municipio,-73.766034,3.990413,
27,ACACÍAS,"2,003",3,50,META,50006,Municipio,-73.766034,3.990413,
28,ACACÍAS,"2,005",3,50,META,50006,Municipio,-73.766034,3.990413,
29,ACACÍAS,"2,006",1,50,META,50006,Municipio,-73.766034,3.990413,
30,ACACÍAS,"2,007",3,50,META,50006,Municipio,-73.766034,3.990413,
31,ACACÍAS,"2,008",3,50,META,50006,Municipio,-73.766034,3.990413,
32,ACACÍAS,"2,009",1,50,META,50006,Municipio,-73.766034,3.990413,
33,ACACÍAS,"2,010",3,50,META,50006,Municipio,-73.766034,3.990413,
34,ACACÍAS,"2,011",1,50,META,50006,Municipio,-73.766034,3.990413,
35,ACACÍAS,"2,012",2,50,META,50006,Municipio,-73.766034,3.990413,
36,ACACÍAS,"2,013",2,50,META,50006,Municipio,-73.766034,3.990413,
37,ACACÍAS,"2,014",2,50,META,50006,Municipio,-73.766034,3.990413,
38,ACACÍAS,"2,015",1,50,META,50006,Municipio,-73.766034,3.990413,
39,ACACÍAS,"2,016",1,50,META,50006,Municipio,-73.766034,3.990413,
40,ACACÍAS,"2,017",5,50,META,50006,Municipio,-73.766034,3.990413,
41,ACACÍAS,"2,018",5,50,META,50006,Municipio,-73.766034,3.990413,
42,ACACÍAS,"2,019",8,50,META,50006,Municipio,-73.766034,3.990413,
43,ACANDÍ,"1,985",1,27,CHOCÓ,27006,Municipio,-77.279951,8.512178,
44,ACANDÍ,"2,012",1,27,CHOCÓ,27006,Municipio,-77.279951,8.512178,
45,ACANDÍ,"2,014",1,27,CHOCÓ,27006,Municipio,-77.279951,8.512178,
46,ACEVEDO,"1,993",1,41,HUILA,41006,Municipio,-75.888706,1.805173,
47,ACEVEDO,"1,999",1,41,HUILA,41006,Municipio,-75.888706,1.805173,
48,ACEVEDO,"2,008",1,41,HUILA,41006,Municipio,-75.888706,1.805173,
49,ACEVEDO,"2,009",1,41,HUILA,41006,Municipio,-75.888706,1.805173,
50,ACEVEDO,"2,014",1,41,HUILA,41006,Municipio,-75.888706,1.805173,
51,ACEVEDO,"2,019",1,41,HUILA,41006,Municipio,-75.888706,1.805173,
52,ACHÍ,"2,017",1,13,BOLÍVAR,13006,Municipio,-74.557676,8.570107,
53,AGRADO,"1,988",1,41,HUILA,41013,Municipio,-75.772022,2.25987,
54,AGRADO,"1,993",1,41,HUILA,41013,Municipio,-75.772022,2.25987,
55,AGRADO,"1,996",1,41,HUILA,41013,Municipio,-75.772022,2.25987,
56,AGRADO,"2,001",1,41,HUILA,41013,Municipio,-75.772022,2.25987,
57,AGRADO,"2,002",1,41,HUILA,41013,Municipio,-75.772022,2.25987,
58,AGRADO,"2,005",1,41,HUILA,41013,Municipio,-75.772022,2.25987,
59,AGRADO,"2,013",1,41,HUILA,41013,Municipio,-75.772022,2.25987,
60,AGRADO,"2,017",1,41,HUILA,41013,Municipio,-75.772022,2.25987,
61,AGUA DE DIOS,"1,985",1,25,CUNDINAMARCA,25001,Municipio,-74.669221,4.375309,
62,AGUA DE DIOS,"1,987",1,25,CUNDINAMARCA,25001,Municipio,-74.669221,4.375309,
63,AGUA DE DIOS,"1,990",1,25,CUNDINAMARCA,25001,Municipio,-74.669221,4.375309,
64,AGUA DE DIOS,"1,991",1,25,CUNDINAMARCA,25001,Municipio,-74.669221,4.375309,
65,AGUA DE DIOS,"1,992",3,25,CUNDINAMARCA,25001,Municipio,-74.669221,4.375309,
66,AGUA DE DIOS,"1,994",1,25,CUNDINAMARCA,25001,Municipio,-74.669221,4.375309,
67,AGUA DE DIOS,"1,995",2,25,CUNDINAMARCA,25001,Municipio,-74.669221,4.375309,
68,AGUA DE DIOS,"1,997",2,25,CUNDINAMARCA,25001,Municipio,-74.669221,4.375309,
69,AGUA DE DIOS,"2,000",2,25,CUNDINAMARCA,25001,Municipio,-74.669221,4.375309,
70,AGUA DE DIOS,"2,002",1,25,CUNDINAMARCA,25001,Municipio,-74.669221,4.375309,
71,AGUA DE DIOS,"2,005",2,25,CUNDINAMARCA,25001,Municipio,-74.669221,4.375309,
72,AGUA DE DIOS,"2,009",1,25,CUNDINAMARCA,25001,Municipio,-74.669221,4.375309,
73,AGUA DE DIOS,"2,010",2,25,CUNDINAMARCA,25001,Municipio,-74.669221,4.375309,
74,AGUA DE DIOS,"2,011",2,25,CUNDINAMARCA,25001,Municipio,-74.669221,4.375309,
75,AGUA DE DIOS,"2,012",1,25,CUNDINAMARCA,25001,Municipio,-74.669221,4.375309,
76,AGUA DE DIOS,"2,013",2,25,CUNDINAMARCA,25001,Municipio,-74.669221,4.375309,
77,AGUA DE DIOS,"2,015",2,25,CUNDINAMARCA,25001,Municipio,-74.669221,4.375309,
78,AGUA DE DIOS,"2,016",1,25,CUNDINAMARCA,25001,Municipio,-74.669221,4.375309,
79,AGUA DE DIOS,"2,017",3,25,CUNDINAMARCA,25001,Municipio,-74.669221,4.375309,
80,AGUACHICA,"1,985",1,20,CESAR,20011,Municipio,-73.614027,8.306811,
81,AGUACHICA,"1,987",1,20,CESAR,20011,Municipio,-73.614027,8.306811,
82,AGUACHICA,"1,994",2,20,CESAR,20011,Municipio,-73.614027,8.306811,
83,AGUACHICA,"1,995",1,20,CESAR,20011,Municipio,-73.614027,8.306811,
84,AGUACHICA,"1,996",1,20,CESAR,20011,Municipio,-73.614027,8.306811,
85,AGUACHICA,"1,997",3,20,CESAR,20011,Municipio,-73.614027,8.306811,
86,AGUACHICA,"1,998",2,20,CESAR,20011,Municipio,-73.614027,8.306811,
87,AGUACHICA,"2,001",5,20,CESAR,20011,Municipio,-73.614027,8.306811,
88,AGUACHICA,"2,002",1,20,CESAR,20011,Municipio,-73.614027,8.306811,
89,AGUACHICA,"2,003",1,20,CESAR,20011,Municipio,-73.614027,8.306811,
90,AGUACHICA,"2,004",3,20,CESAR,20011,Municipio,-73.614027,8.306811,
91,AGUACHICA,"2,005",4,20,CESAR,20011,Municipio,-73.614027,8.306811,
92,AGUACHICA,"2,006",2,20,CESAR,20011,Municipio,-73.614027,8.306811,
93,AGUACHICA,"2,007",1,20,CESAR,20011,Municipio,-73.614027,8.306811,
94,AGUACHICA,"2,008",3,20,CESAR,20011,Municipio,-73.614027,8.306811,
95,AGUACHICA,"2,009",4,20,CESAR,20011,Municipio,-73.614027,8.306811,
96,AGUACHICA,"2,010",1,20,CESAR,20011,Municipio,-73.614027,8.306811,
97,AGUACHICA,"2,011",3,20,CESAR,20011,Municipio,-73.614027,8.306811,
98,AGUACHICA,"2,013",2,20,CESAR,20011,Municipio,-73.614027,8.306811,
99,AGUACHICA,"2,014",2,20,CESAR,20011,Municipio,-73.614027,8.306811,
100,AGUACHICA,"2,015",4,20,CESAR,20011,Municipio,-73.614027,8.306811,
101,AGUACHICA,"2,016",6,20,CESAR,20011,Municipio,-73.614027,8.306811,
102,AGUACHICA,"2,017",3,20,CESAR,20011,Municipio,-73.614027,8.306811,
103,AGUACHICA,"2,018",2,20,CESAR,20011,Municipio,-73.614027,8.306811,
104,AGUACHICA,"2,019",6,20,CESAR,20011,Municipio,-73.614027,8.306811,
105,AGUADAS,"1,985",1,17,CALDAS,17013,Municipio,-75.45487,5.610244,
106,AGUADAS,"1,989",1,17,CALDAS,17013,Municipio,-75.45487,5.610244,
107,AGUADAS,"1,992",1,17,CALDAS,17013,Municipio,-75.45487,5.610244,
108,AGUADAS,"1,993",1,17,CALDAS,17013,Municipio,-75.45487,5.610244,
109,AGUADAS,"1,995",1,17,CALDAS,17013,Municipio,-75.45487,5.610244,
110,AGUADAS,"1,996",1,17,CALDAS,17013,Municipio,-75.45487,5.610244,
111,AGUADAS,"1,997",1,17,CALDAS,17013,Municipio,-75.45487,5.610244,
112,AGUADAS,"1,998",1,17,CALDAS,17013,Municipio,-75.45487,5.610244,
113,AGUADAS,"2,000",1,17,CALDAS,17013,Municipio,-75.45487,5.610244,
114,AGUADAS,"2,001",1,17,CALDAS,17013,Municipio,-75.45487,5.610244,
115,AGUADAS,"2,002",1,17,CALDAS,17013,Municipio,-75.45487,5.610244,
116,AGUADAS,"2,003",2,17,CALDAS,17013,Municipio,-75.45487,5.610244,
117,AGUADAS,"2,004",2,17,CALDAS,17013,Municipio,-75.45487,5.610244,
118,AGUADAS,"2,006",1,17,CALDAS,17013,Municipio,-75.45487,5.610244,
119,AGUADAS,"2,009",1,17,CALDAS,17013,Municipio,-75.45487,5.610244,
120,AGUADAS,"2,013",1,17,CALDAS,17013,Municipio,-75.45487,5.610244,
121,AGUADAS,"2,014",2,17,CALDAS,17013,Municipio,-75.45487,5.610244,
122,AGUADAS,"2,015",1,17,CALDAS,17013,Municipio,-75.45487,5.610244,
123,AGUADAS,"2,016",3,17,CALDAS,17013,Municipio,-75.45487,5.610244,
124,AGUADAS,"2,017",1,17,CALDAS,17013,Municipio,-75.45487,5.610244,
125,AGUADAS,"2,018",2,17,CALDAS,17013,Municipio,-75.45487,5.610244,
126,AGUADAS,"2,019",2,17,CALDAS,17013,Municipio,-75.45487,5.610244,
127,AGUAZUL,"1,992",1,85,CASANARE,85010,Municipio,-72.546838,5.172641,
128,AGUAZUL,"1,997",1,85,CASANARE,85010,Municipio,-72.546838,5.172641,
129,AGUAZUL,"1,999",2,85,CASANARE,85010,Municipio,-72.546838,5.172641,
130,AGUAZUL,"2,000",2,85,CASANARE,85010,Municipio,-72.546838,5.172641,
131,AGUAZUL,"2,005",1,85,CASANARE,85010,Municipio,-72.546838,5.172641,
132,AGUAZUL,"2,014",1,85,CASANARE,85010,Municipio,-72.546838,5.172641,
133,AGUAZUL,"2,016",1,85,CASANARE,85010,Municipio,-72.546838,5.172641,
134,AGUSTÍN CODAZZI,"1,988",1,20,CESAR,20013,Municipio,-73.238389,10.040454,
135,AGUSTÍN CODAZZI,"1,990",1,20,CESAR,20013,Municipio,-73.238389,10.040454,
136,AGUSTÍN CODAZZI,"1,994",1,20,CESAR,20013,Municipio,-73.238389,10.040454,
137,AGUSTÍN CODAZZI,"1,995",1,20,CESAR,20013,Municipio,-73.238389,10.040454,
138,AGUSTÍN CODAZZI,"1,998",1,20,CESAR,20013,Municipio,-73.238389,10.040454,
139,AGUSTÍN CODAZZI,"2,000",2,20,CESAR,20013,Municipio,-73.238389,10.040454,
140,AGUSTÍN CODAZZI,"2,001",1,20,CESAR,20013,Municipio,-73.238389,10.040454,
141,AGUSTÍN CODAZZI,"2,002",1,20,CESAR,20013,Municipio,-73.238389,10.040454,
142,AGUSTÍN CODAZZI,"2,009",1,20,CESAR,20013,Municipio,-73.238389,10.040454,
143,AGUSTÍN CODAZZI,"2,014",2,20,CESAR,20013,Municipio,-73.238389,10.040454,
144,AGUSTÍN CODAZZI,"2,015",3,20,CESAR,20013,Municipio,-73.238389,10.040454,
145,AGUSTÍN CODAZZI,"2,016",1,20,CESAR,20013,Municipio,-73.238389,10.040454,
146,AGUSTÍN CODAZZI,"2,019",2,20,CESAR,20013,Municipio,-73.238389,10.040454,
147,AIPE,"1,990",1,41,HUILA,41016,Municipio,-75.239017,3.223996,
148,AIPE,"1,994",1,41,HUILA,41016,Municipio,-75.239017,3.223996,
149,AIPE,"1,999",1,41,HUILA,41016,Municipio,-75.239017,3.223996,
150,AIPE,"2,004",1,41,HUILA,41016,Municipio,-75.239017,3.223996,
151,AIPE,"2,005",1,41,HUILA,41016,Municipio,-75.239017,3.223996,
152,AIPE,"2,006",1,41,HUILA,41016,Municipio,-75.239017,3.223996,
153,AIPE,"2,007",2,41,HUILA,41016,Municipio,-75.239017,3.223996,
154,AIPE,"2,008",1,41,HUILA,41016,Municipio,-75.239017,3.223996,
155,AIPE,"2,011",1,41,HUILA,41016,Municipio,-75.239017,3.223996,
156,AIPE,"2,012",2,41,HUILA,41016,Municipio,-75.239017,3.223996,
157,AIPE,"2,013",1,41,HUILA,41016,Municipio,-75.239017,3.223996,
158,AIPE,"2,014",1,41,HUILA,41016,Municipio,-75.239017,3.223996,
159,AIPE,"2,015",1,41,HUILA,41016,Municipio,-75.239017,3.223996,
160,AIPE,"2,016",2,41,HUILA,41016,Municipio,-75.239017,3.223996,
161,AIPE,"2,017",2,41,HUILA,41016,Municipio,-75.239017,3.223996,
162,ALBANIA,"1,994",1,18,CAQUETÁ,18029,Municipio,-75.878375,1.328526,
163,ALBANIA,"1,994",1,44,LA GUAJIRA,44035,Municipio,-72.61232,11.151628,
164,ALBANIA,"1,994",1,68,SANTANDER,68020,Municipio,-73.91336,5.759166,
165,ALBANIA,"2,001",1,18,CAQUETÁ,18029,Municipio,-75.878375,1.328526,
166,ALBANIA,"2,001",1,44,LA GUAJIRA,44035,Municipio,-72.61232,11.151628,
167,ALBANIA,"2,001",1,68,SANTANDER,68020,Municipio,-73.91336,5.759166,
168,ALBANIA,"2,011",1,18,CAQUETÁ,18029,Municipio,-75.878375,1.328526,
169,ALBANIA,"2,011",1,44,LA GUAJIRA,44035,Municipio,-72.61232,11.151628,
170,ALBANIA,"2,011",1,68,SANTANDER,68020,Municipio,-73.91336,5.759166,
171,ALBÁN,"1,988",1,25,CUNDINAMARCA,25019,Municipio,-74.438261,4.878022,
172,ALBÁN,"1,988",1,52,NARIÑO,52019,Municipio,-77.080712,1.474978,
173,ALBÁN,"1,991",2,25,CUNDINAMARCA,25019,Municipio,-74.438261,4.878022,
174,ALBÁN,"1,991",2,52,NARIÑO,52019,Municipio,-77.080712,1.474978,
175,ALBÁN,"1,996",1,25,CUNDINAMARCA,25019,Municipio,-74.438261,4.878022,
176,ALBÁN,"1,996",1,52,NARIÑO,52019,Municipio,-77.080712,1.474978,
177,ALBÁN,"2,001",1,25,CUNDINAMARCA,25019,Municipio,-74.438261,4.878022,
178,ALBÁN,"2,001",1,52,NARIÑO,52019,Municipio,-77.080712,1.474978,
179,ALBÁN,"2,004",1,25,CUNDINAMARCA,25019,Municipio,-74.438261,4.878022,
180,ALBÁN,"2,004",1,52,NARIÑO,52019,Municipio,-77.080712,1.474978,
181,ALBÁN,"2,012",2,25,CUNDINAMARCA,25019,Municipio,-74.438261,4.878022,
182,ALBÁN,"2,012",2,52,NARIÑO,52019,Municipio,-77.080712,1.474978,
183,ALBÁN,"2,015",1,25,CUNDINAMARCA,25019,Municipio,-74.438261,4.878022,
184,ALBÁN,"2,015",1,52,NARIÑO,52019,Municipio,-77.080712,1.474978,
185,ALBÁN,"2,017",1,25,CUNDINAMARCA,25019,Municipio,-74.438261,4.878022,
186,ALBÁN,"2,017",1,52,NARIÑO,52019,Municipio,-77.080712,1.474978,
187,ALCALÁ,"1,997",1,76,VALLE DEL CAUCA,76020,Municipio,-75.779792,4.674994,
188,ALCALÁ,"1,998",1,76,VALLE DEL CAUCA,76020,Municipio,-75.779792,4.674994,
189,ALCALÁ,"1,999",1,76,VALLE DEL CAUCA,76020,Municipio,-75.779792,4.674994,
190,ALCALÁ,"2,002",1,76,VALLE DEL CAUCA,76020,Municipio,-75.779792,4.674994,
191,ALCALÁ,"2,003",1,76,VALLE DEL CAUCA,76020,Municipio,-75.779792,4.674994,
192,ALCALÁ,"2,004",1,76,VALLE DEL CAUCA,76020,Municipio,-75.779792,4.674994,
193,ALCALÁ,"2,006",1,76,VALLE DEL CAUCA,76020,Municipio,-75.779792,4.674994,
194,ALCALÁ,"2,009",4,76,VALLE DEL CAUCA,76020,Municipio,-75.779792,4.674994,
195,ALCALÁ,"2,011",1,76,VALLE DEL CAUCA,76020,Municipio,-75.779792,4.674994,
196,ALCALÁ,"2,012",1,76,VALLE DEL CAUCA,76020,Municipio,-75.779792,4.674994,
197,ALCALÁ,"2,013",1,76,VALLE DEL CAUCA,76020,Municipio,-75.779792,4.674994,
198,ALCALÁ,"2,018",1,76,VALLE DEL CAUCA,76020,Municipio,-75.779792,4.674994,
199,ALCALÁ,"2,019",1,76,VALLE DEL CAUCA,76020,Municipio,-75.779792,4.674994,
200,ALDANA,"2,015",1,52,NARIÑO,52022,Municipio,-77.700564,0.882381,
201,ALDANA,"2,016",1,52,NARIÑO,52022,Municipio,-77.700564,0.882381,
202,ALEJANDRÍA,"1,989",1,5,ANTIOQUIA,5021,Municipio,-75.141346,6.376061,
203,ALEJANDRÍA,"2,012",1,5,ANTIOQUIA,5021,Municipio,-75.141346,6.376061,
204,ALEJANDRÍA,"2,018",1,5,ANTIOQUIA,5021,Municipio,-75.141346,6.376061,
205,ALGARROBO,"2,012",1,47,MAGDALENA,47030,Municipio,-74.061132,10.188059,
206,ALGARROBO,"2,014",1,47,MAGDALENA,47030,Municipio,-74.061132,10.188059,
207,ALGECIRAS,"1,986",1,41,HUILA,41020,Municipio,-75.315389,2.521674,
208,ALGECIRAS,"1,990",1,41,HUILA,41020,Municipio,-75.315389,2.521674,
209,ALGECIRAS,"1,994",1,41,HUILA,41020,Municipio,-75.315389,2.521674,
210,ALGECIRAS,"1,996",1,41,HUILA,41020,Municipio,-75.315389,2.521674,
211,ALGECIRAS,"2,000",1,41,HUILA,41020,Municipio,-75.315389,2.521674,
212,ALGECIRAS,"2,002",1,41,HUILA,41020,Municipio,-75.315389,2.521674,
213,ALGECIRAS,"2,003",1,41,HUILA,41020,Municipio,-75.315389,2.521674,
214,ALGECIRAS,"2,005",1,41,HUILA,41020,Municipio,-75.315389,2.521674,
215,ALGECIRAS,"2,008",1,41,HUILA,41020,Municipio,-75.315389,2.521674,
216,ALGECIRAS,"2,015",1,41,HUILA,41020,Municipio,-75.315389,2.521674,
217,ALGECIRAS,"2,017",1,41,HUILA,41020,Municipio,-75.315389,2.521674,
218,ALGECIRAS,"2,018",1,41,HUILA,41020,Municipio,-75.315389,2.521674,
219,ALGECIRAS,"2,019",1,41,HUILA,41020,Municipio,-75.315389,2.521674,
220,ALMAGUER,"1,997",1,19,CAUCA,19022,Municipio,-76.85607,1.913429,
221,ALMAGUER,"2,006",1,19,CAUCA,19022,Municipio,-76.85607,1.913429,
222,ALMAGUER,"2,016",1,19,CAUCA,19022,Municipio,-76.85607,1.913429,
223,ALMEIDA,"2,000",1,15,BOYACÁ,15022,Municipio,-73.378933,4.970857,
224,ALPUJARRA,"1,989",1,73,TOLIMA,73024,Municipio,-74.9329,3.391548,
225,ALPUJARRA,"2,008",1,73,TOLIMA,73024,Municipio,-74.9329,3.391548,
226,ALPUJARRA,"2,013",1,73,TOLIMA,73024,Municipio,-74.9329,3.391548,
227,ALPUJARRA,"2,018",1,73,TOLIMA,73024,Municipio,-74.9329,3.391548,
228,ALTOS DEL ROSARIO,"2,005",1,13,BOLÍVAR,13030,Municipio,-74.164905,8.791865,
229,ALTOS DEL ROSARIO,"2,006",1,13,BOLÍVAR,13030,Municipio,-74.164905,8.791865,
230,ALVARADO,"2,001",1,73,TOLIMA,73026,Municipio,-74.953418,4.567356,
231,ALVARADO,"2,002",1,73,TOLIMA,73026,Municipio,-74.953418,4.567356,
232,ALVARADO,"2,004",1,73,TOLIMA,73026,Municipio,-74.953418,4.567356,
233,ALVARADO,"2,008",1,73,TOLIMA,73026,Municipio,-74.953418,4.567356,
234,AMAGÁ,"1,985",3,5,ANTIOQUIA,5030,Municipio,-75.702188,6.038708,
235,AMAGÁ,"1,988",1,5,ANTIOQUIA,5030,Municipio,-75.702188,6.038708,
236,AMAGÁ,"1,989",2,5,ANTIOQUIA,5030,Municipio,-75.702188,6.038708,
237,AMAGÁ,"1,991",1,5,ANTIOQUIA,5030,Municipio,-75.702188,6.038708,
238,AMAGÁ,"1,992",3,5,ANTIOQUIA,5030,Municipio,-75.702188,6.038708,
239,AMAGÁ,"1,993",3,5,ANTIOQUIA,5030,Municipio,-75.702188,6.038708,
240,AMAGÁ,"1,994",1,5,ANTIOQUIA,5030,Municipio,-75.702188,6.038708,
241,AMAGÁ,"1,995",1,5,ANTIOQUIA,5030,Municipio,-75.702188,6.038708,
242,AMAGÁ,"1,996",3,5,ANTIOQUIA,5030,Municipio,-75.702188,6.038708,
243,AMAGÁ,"1,997",2,5,ANTIOQUIA,5030,Municipio,-75.702188,6.038708,
244,AMAGÁ,"1,999",2,5,ANTIOQUIA,5030,Municipio,-75.702188,6.038708,
245,AMAGÁ,"2,001",1,5,ANTIOQUIA,5030,Municipio,-75.702188,6.038708,
246,AMAGÁ,"2,002",1,5,ANTIOQUIA,5030,Municipio,-75.702188,6.038708,
247,AMAGÁ,"2,004",2,5,ANTIOQUIA,5030,Municipio,-75.702188,6.038708,
248,AMAGÁ,"2,008",2,5,ANTIOQUIA,5030,Municipio,-75.702188,6.038708,
249,AMAGÁ,"2,009",3,5,ANTIOQUIA,5030,Municipio,-75.702188,6.038708,
250,AMAGÁ,"2,010",1,5,ANTIOQUIA,5030,Municipio,-75.702188,6.038708,
251,AMAGÁ,"2,011",1,5,ANTIOQUIA,5030,Municipio,-75.702188,6.038708,
252,AMAGÁ,"2,012",3,5,ANTIOQUIA,5030,Municipio,-75.702188,6.038708,
253,AMAGÁ,"2,014",1,5,ANTIOQUIA,5030,Municipio,-75.702188,6.038708,
254,AMAGÁ,"2,015",2,5,ANTIOQUIA,5030,Municipio,-75.702188,6.038708,
255,AMAGÁ,"2,016",2,5,ANTIOQUIA,5030,Municipio,-75.702188,6.038708,
256,AMAGÁ,"2,017",2,5,ANTIOQUIA,5030,Municipio,-75.702188,6.038708,
257,AMAGÁ,"2,018",3,5,ANTIOQUIA,5030,Municipio,-75.702188,6.038708,
258,AMAGÁ,"2,019",2,5,ANTIOQUIA,5030,Municipio,-75.702188,6.038708,
259,AMALFI,"1,985",1,5,ANTIOQUIA,5031,Municipio,-75.077501,6.909655,
260,AMALFI,"1,987",3,5,ANTIOQUIA,5031,Municipio,-75.077501,6.909655,
261,AMALFI,"1,988",1,5,ANTIOQUIA,5031,Municipio,-75.077501,6.909655,
262,AMALFI,"1,991",1,5,ANTIOQUIA,5031,Municipio,-75.077501,6.909655,
263,AMALFI,"1,993",1,5,ANTIOQUIA,5031,Municipio,-75.077501,6.909655,
264,AMALFI,"1,994",1,5,ANTIOQUIA,5031,Municipio,-75.077501,6.909655,
265,AMALFI,"1,995",2,5,ANTIOQUIA,5031,Municipio,-75.077501,6.909655,
266,AMALFI,"2,000",2,5,ANTIOQUIA,5031,Municipio,-75.077501,6.909655,
267,AMALFI,"2,002",1,5,ANTIOQUIA,5031,Municipio,-75.077501,6.909655,
268,AMALFI,"2,003",1,5,ANTIOQUIA,5031,Municipio,-75.077501,6.909655,
269,AMALFI,"2,004",1,5,ANTIOQUIA,5031,Municipio,-75.077501,6.909655,
270,AMALFI,"2,005",1,5,ANTIOQUIA,5031,Municipio,-75.077501,6.909655,
271,AMALFI,"2,006",2,5,ANTIOQUIA,5031,Municipio,-75.077501,6.909655,
272,AMALFI,"2,007",1,5,ANTIOQUIA,5031,Municipio,-75.077501,6.909655,
273,AMALFI,"2,008",2,5,ANTIOQUIA,5031,Municipio,-75.077501,6.909655,
274,AMALFI,"2,010",2,5,ANTIOQUIA,5031,Municipio,-75.077501,6.909655,
275,AMALFI,"2,011",1,5,ANTIOQUIA,5031,Municipio,-75.077501,6.909655,
276,AMALFI,"2,012",1,5,ANTIOQUIA,5031,Municipio,-75.077501,6.909655,
277,AMALFI,"2,015",2,5,ANTIOQUIA,5031,Municipio,-75.077501,6.909655,
278,AMALFI,"2,016",1,5,ANTIOQUIA,5031,Municipio,-75.077501,6.909655,
279,AMBALEMA,"1,986",1,73,TOLIMA,73030,Municipio,-74.764429,4.782682,
280,AMBALEMA,"1,992",1,73,TOLIMA,73030,Municipio,-74.764429,4.782682,
281,AMBALEMA,"1,994",1,73,TOLIMA,73030,Municipio,-74.764429,4.782682,
282,AMBALEMA,"1,997",1,73,TOLIMA,73030,Municipio,-74.764429,4.782682,
283,AMBALEMA,"1,998",1,73,TOLIMA,73030,Municipio,-74.764429,4.782682,
284,AMBALEMA,"2,001",1,73,TOLIMA,73030,Municipio,-74.764429,4.782682,
285,AMBALEMA,"2,008",1,73,TOLIMA,73030,Municipio,-74.764429,4.782682,
286,AMBALEMA,"2,010",2,73,TOLIMA,73030,Municipio,-74.764429,4.782682,
287,AMBALEMA,"2,011",1,73,TOLIMA,73030,Municipio,-74.764429,4.782682,
288,AMBALEMA,"2,018",1,73,TOLIMA,73030,Municipio,-74.764429,4.782682,
289,ANAPOIMA,"1,987",1,25,CUNDINAMARCA,25035,Municipio,-74.528676,4.562737,
290,ANAPOIMA,"1,990",1,25,CUNDINAMARCA,25035,Municipio,-74.528676,4.562737,
291,ANAPOIMA,"1,997",1,25,CUNDINAMARCA,25035,Municipio,-74.528676,4.562737,
292,ANAPOIMA,"1,998",2,25,CUNDINAMARCA,25035,Municipio,-74.528676,4.562737,
293,ANAPOIMA,"2,005",1,25,CUNDINAMARCA,25035,Municipio,-74.528676,4.562737,
294,ANAPOIMA,"2,006",1,25,CUNDINAMARCA,25035,Municipio,-74.528676,4.562737,
295,ANAPOIMA,"2,010",1,25,CUNDINAMARCA,25035,Municipio,-74.528676,4.562737,
296,ANAPOIMA,"2,012",1,25,CUNDINAMARCA,25035,Municipio,-74.528676,4.562737,
297,ANAPOIMA,"2,015",1,25,CUNDINAMARCA,25035,Municipio,-74.528676,4.562737,
298,ANAPOIMA,"2,017",1,25,CUNDINAMARCA,25035,Municipio,-74.528676,4.562737,
299,ANCUYA,"2,000",1,52,NARIÑO,52036,Municipio,-77.514512,1.263276,
300,ANCUYA,"2,001",1,52,NARIÑO,52036,Municipio,-77.514512,1.263276,
301,ANCUYA,"2,015",1,52,NARIÑO,52036,Municipio,-77.514512,1.263276,
302,ANCUYA,"2,017",1,52,NARIÑO,52036,Municipio,-77.514512,1.263276,
303,ANDALUCÍA,"1,986",1,76,VALLE DEL CAUCA,76036,Municipio,-76.167925,4.171713,
304,ANDALUCÍA,"1,987",1,76,VALLE DEL CAUCA,76036,Municipio,-76.167925,4.171713,
305,ANDALUCÍA,"1,988",1,76,VALLE DEL CAUCA,76036,Municipio,-76.167925,4.171713,
306,ANDALUCÍA,"1,991",2,76,VALLE DEL CAUCA,76036,Municipio,-76.167925,4.171713,
307,ANDALUCÍA,"1,994",1,76,VALLE DEL CAUCA,76036,Municipio,-76.167925,4.171713,
308,ANDALUCÍA,"1,999",1,76,VALLE DEL CAUCA,76036,Municipio,-76.167925,4.171713,
309,ANDALUCÍA,"2,000",1,76,VALLE DEL CAUCA,76036,Municipio,-76.167925,4.171713,
310,ANDALUCÍA,"2,002",1,76,VALLE DEL CAUCA,76036,Municipio,-76.167925,4.171713,
311,ANDALUCÍA,"2,003",1,76,VALLE DEL CAUCA,76036,Municipio,-76.167925,4.171713,
312,ANDALUCÍA,"2,004",1,76,VALLE DEL CAUCA,76036,Municipio,-76.167925,4.171713,
313,ANDALUCÍA,"2,005",2,76,VALLE DEL CAUCA,76036,Municipio,-76.167925,4.171713,
314,ANDALUCÍA,"2,007",2,76,VALLE DEL CAUCA,76036,Municipio,-76.167925,4.171713,
315,ANDALUCÍA,"2,008",1,76,VALLE DEL CAUCA,76036,Municipio,-76.167925,4.171713,
316,ANDALUCÍA,"2,009",1,76,VALLE DEL CAUCA,76036,Municipio,-76.167925,4.171713,
317,ANDALUCÍA,"2,012",1,76,VALLE DEL CAUCA,76036,Municipio,-76.167925,4.171713,
318,ANDALUCÍA,"2,014",1,76,VALLE DEL CAUCA,76036,Municipio,-76.167925,4.171713,
319,ANDALUCÍA,"2,017",1,76,VALLE DEL CAUCA,76036,Municipio,-76.167925,4.171713,
320,ANDALUCÍA,"2,018",2,76,VALLE DEL CAUCA,76036,Municipio,-76.167925,4.171713,
321,ANDALUCÍA,"2,019",2,76,VALLE DEL CAUCA,76036,Municipio,-76.167925,4.171713,
322,ANDES,"1,986",2,5,ANTIOQUIA,5034,Municipio,-75.878828,5.657194,
323,ANDES,"1,987",1,5,ANTIOQUIA,5034,Municipio,-75.878828,5.657194,
324,ANDES,"1,990",2,5,ANTIOQUIA,5034,Municipio,-75.878828,5.657194,
325,ANDES,"1,991",2,5,ANTIOQUIA,5034,Municipio,-75.878828,5.657194,
326,ANDES,"1,992",2,5,ANTIOQUIA,5034,Municipio,-75.878828,5.657194,
327,ANDES,"1,993",2,5,ANTIOQUIA,5034,Municipio,-75.878828,5.657194,
328,ANDES,"1,994",2,5,ANTIOQUIA,5034,Municipio,-75.878828,5.657194,
329,ANDES,"1,995",2,5,ANTIOQUIA,5034,Municipio,-75.878828,5.657194,
330,ANDES,"1,997",2,5,ANTIOQUIA,5034,Municipio,-75.878828,5.657194,
331,ANDES,"1,999",1,5,ANTIOQUIA,5034,Municipio,-75.878828,5.657194,
332,ANDES,"2,000",1,5,ANTIOQUIA,5034,Municipio,-75.878828,5.657194,
333,ANDES,"2,001",3,5,ANTIOQUIA,5034,Municipio,-75.878828,5.657194,
334,ANDES,"2,003",2,5,ANTIOQUIA,5034,Municipio,-75.878828,5.657194,
335,ANDES,"2,004",1,5,ANTIOQUIA,5034,Municipio,-75.878828,5.657194,
336,ANDES,"2,005",4,5,ANTIOQUIA,5034,Municipio,-75.878828,5.657194,
337,ANDES,"2,006",1,5,ANTIOQUIA,5034,Municipio,-75.878828,5.657194,
338,ANDES,"2,007",1,5,ANTIOQUIA,5034,Municipio,-75.878828,5.657194,
339,ANDES,"2,008",3,5,ANTIOQUIA,5034,Municipio,-75.878828,5.657194,
340,ANDES,"2,009",1,5,ANTIOQUIA,5034,Municipio,-75.878828,5.657194,
341,ANDES,"2,010",2,5,ANTIOQUIA,5034,Municipio,-75.878828,5.657194,
342,ANDES,"2,012",1,5,ANTIOQUIA,5034,Municipio,-75.878828,5.657194,
343,ANDES,"2,013",1,5,ANTIOQUIA,5034,Municipio,-75.878828,5.657194,
344,ANDES,"2,014",2,5,ANTIOQUIA,5034,Municipio,-75.878828,5.657194,
345,ANDES,"2,015",4,5,ANTIOQUIA,5034,Municipio,-75.878828,5.657194,
346,ANDES,"2,016",2,5,ANTIOQUIA,5034,Municipio,-75.878828,5.657194,
347,ANDES,"2,017",3,5,ANTIOQUIA,5034,Municipio,-75.878828,5.657194,
348,ANDES,"2,018",1,5,ANTIOQUIA,5034,Municipio,-75.878828,5.657194,
349,ANDES,"2,019",2,5,ANTIOQUIA,5034,Municipio,-75.878828,5.657194,
350,ANGELÓPOLIS,"1,985",1,5,ANTIOQUIA,5036,Municipio,-75.711389,6.109719,
351,ANGELÓPOLIS,"1,988",2,5,ANTIOQUIA,5036,Municipio,-75.711389,6.109719,
352,ANGELÓPOLIS,"2,007",1,5,ANTIOQUIA,5036,Municipio,-75.711389,6.109719,
353,ANGELÓPOLIS,"2,008",1,5,ANTIOQUIA,5036,Municipio,-75.711389,6.109719,
354,ANGOSTURA,"1,988",1,5,ANTIOQUIA,5038,Municipio,-75.335116,6.885175,
355,ANGOSTURA,"1,989",3,5,ANTIOQUIA,5038,Municipio,-75.335116,6.885175,
356,ANGOSTURA,"1,990",1,5,ANTIOQUIA,5038,Municipio,-75.335116,6.885175,
357,ANGOSTURA,"1,991",1,5,ANTIOQUIA,5038,Municipio,-75.335116,6.885175,
358,ANGOSTURA,"2,001",1,5,ANTIOQUIA,5038,Municipio,-75.335116,6.885175,
359,ANGOSTURA,"2,005",1,5,ANTIOQUIA,5038,Municipio,-75.335116,6.885175,
360,ANGOSTURA,"2,007",1,5,ANTIOQUIA,5038,Municipio,-75.335116,6.885175,
361,ANGOSTURA,"2,013",1,5,ANTIOQUIA,5038,Municipio,-75.335116,6.885175,
362,ANOLAIMA,"1,985",1,25,CUNDINAMARCA,25040,Municipio,-74.46384,4.7617,
363,ANOLAIMA,"1,986",2,25,CUNDINAMARCA,25040,Municipio,-74.46384,4.7617,
364,ANOLAIMA,"1,987",2,25,CUNDINAMARCA,25040,Municipio,-74.46384,4.7617,
365,ANOLAIMA,"1,991",1,25,CUNDINAMARCA,25040,Municipio,-74.46384,4.7617,
366,ANOLAIMA,"1,992",1,25,CUNDINAMARCA,25040,Municipio,-74.46384,4.7617,
367,ANOLAIMA,"1,993",1,25,CUNDINAMARCA,25040,Municipio,-74.46384,4.7617,
368,ANOLAIMA,"1,994",1,25,CUNDINAMARCA,25040,Municipio,-74.46384,4.7617,
369,ANOLAIMA,"2,002",2,25,CUNDINAMARCA,25040,Municipio,-74.46384,4.7617,
370,ANOLAIMA,"2,004",2,25,CUNDINAMARCA,25040,Municipio,-74.46384,4.7617,
371,ANOLAIMA,"2,008",1,25,CUNDINAMARCA,25040,Municipio,-74.46384,4.7617,
372,ANOLAIMA,"2,009",2,25,CUNDINAMARCA,25040,Municipio,-74.46384,4.7617,
373,ANOLAIMA,"2,010",1,25,CUNDINAMARCA,25040,Municipio,-74.46384,4.7617,
374,ANOLAIMA,"2,011",1,25,CUNDINAMARCA,25040,Municipio,-74.46384,4.7617,
375,ANOLAIMA,"2,013",3,25,CUNDINAMARCA,25040,Municipio,-74.46384,4.7617,
376,ANOLAIMA,"2,014",1,25,CUNDINAMARCA,25040,Municipio,-74.46384,4.7617,
377,ANOLAIMA,"2,015",1,25,CUNDINAMARCA,25040,Municipio,-74.46384,4.7617,
378,ANOLAIMA,"2,016",1,25,CUNDINAMARCA,25040,Municipio,-74.46384,4.7617,
379,ANOLAIMA,"2,018",1,25,CUNDINAMARCA,25040,Municipio,-74.46384,4.7617,
380,ANORÍ,"1,986",1,5,ANTIOQUIA,5040,Municipio,-75.148355,7.074703,
381,ANORÍ,"1,994",1,5,ANTIOQUIA,5040,Municipio,-75.148355,7.074703,
382,ANORÍ,"1,997",1,5,ANTIOQUIA,5040,Municipio,-75.148355,7.074703,
383,ANORÍ,"2,006",1,5,ANTIOQUIA,5040,Municipio,-75.148355,7.074703,
384,ANORÍ,"2,011",1,5,ANTIOQUIA,5040,Municipio,-75.148355,7.074703,
385,ANORÍ,"2,014",1,5,ANTIOQUIA,5040,Municipio,-75.148355,7.074703,
386,ANORÍ,"2,018",1,5,ANTIOQUIA,5040,Municipio,-75.148355,7.074703,
387,ANSERMA,"1,985",1,17,CALDAS,17042,Municipio,-75.784343,5.236471,
388,ANSERMA,"1,989",1,17,CALDAS,17042,Municipio,-75.784343,5.236471,
389,ANSERMA,"1,990",1,17,CALDAS,17042,Municipio,-75.784343,5.236471,
390,ANSERMA,"1,991",1,17,CALDAS,17042,Municipio,-75.784343,5.236471,
391,ANSERMA,"1,992",2,17,CALDAS,17042,Municipio,-75.784343,5.236471,
392,ANSERMA,"1,993",2,17,CALDAS,17042,Municipio,-75.784343,5.236471,
393,ANSERMA,"1,994",2,17,CALDAS,17042,Municipio,-75.784343,5.236471,
394,ANSERMA,"1,995",3,17,CALDAS,17042,Municipio,-75.784343,5.236471,
395,ANSERMA,"1,996",1,17,CALDAS,17042,Municipio,-75.784343,5.236471,
396,ANSERMA,"1,998",1,17,CALDAS,17042,Municipio,-75.784343,5.236471,
397,ANSERMA,"1,999",3,17,CALDAS,17042,Municipio,-75.784343,5.236471,
398,ANSERMA,"2,000",2,17,CALDAS,17042,Municipio,-75.784343,5.236471,
399,ANSERMA,"2,001",3,17,CALDAS,17042,Municipio,-75.784343,5.236471,
400,ANSERMA,"2,003",1,17,CALDAS,17042,Municipio,-75.784343,5.236471,
401,ANSERMA,"2,004",3,17,CALDAS,17042,Municipio,-75.784343,5.236471,
402,ANSERMA,"2,005",3,17,CALDAS,17042,Municipio,-75.784343,5.236471,
403,ANSERMA,"2,007",1,17,CALDAS,17042,Municipio,-75.784343,5.236471,
404,ANSERMA,"2,008",2,17,CALDAS,17042,Municipio,-75.784343,5.236471,
405,ANSERMA,"2,009",2,17,CALDAS,17042,Municipio,-75.784343,5.236471,
406,ANSERMA,"2,010",2,17,CALDAS,17042,Municipio,-75.784343,5.236471,
407,ANSERMA,"2,011",2,17,CALDAS,17042,Municipio,-75.784343,5.236471,
408,ANSERMA,"2,012",2,17,CALDAS,17042,Municipio,-75.784343,5.236471,
409,ANSERMA,"2,013",2,17,CALDAS,17042,Municipio,-75.784343,5.236471,
410,ANSERMA,"2,014",2,17,CALDAS,17042,Municipio,-75.784343,5.236471,
411,ANSERMA,"2,015",2,17,CALDAS,17042,Municipio,-75.784343,5.236471,
412,ANSERMA,"2,016",3,17,CALDAS,17042,Municipio,-75.784343,5.236471,
413,ANSERMA,"2,017",2,17,CALDAS,17042,Municipio,-75.784343,5.236471,
414,ANSERMA,"2,018",3,17,CALDAS,17042,Municipio,-75.784343,5.236471,
415,ANSERMA,"2,019",1,17,CALDAS,17042,Municipio,-75.784343,5.236471,
416,ANSERMANUEVO,"1,998",1,76,VALLE DEL CAUCA,76041,Municipio,-75.992003,4.794984,
417,ANSERMANUEVO,"2,001",1,76,VALLE DEL CAUCA,76041,Municipio,-75.992003,4.794984,
418,ANSERMANUEVO,"2,002",1,76,VALLE DEL CAUCA,76041,Municipio,-75.992003,4.794984,
419,ANSERMANUEVO,"2,004",2,76,VALLE DEL CAUCA,76041,Municipio,-75.992003,4.794984,
420,ANSERMANUEVO,"2,005",2,76,VALLE DEL CAUCA,76041,Municipio,-75.992003,4.794984,
421,ANSERMANUEVO,"2,008",1,76,VALLE DEL CAUCA,76041,Municipio,-75.992003,4.794984,
422,ANSERMANUEVO,"2,009",3,76,VALLE DEL CAUCA,76041,Municipio,-75.992003,4.794984,
423,ANSERMANUEVO,"2,015",1,76,VALLE DEL CAUCA,76041,Municipio,-75.992003,4.794984,
424,ANSERMANUEVO,"2,019",2,76,VALLE DEL CAUCA,76041,Municipio,-75.992003,4.794984,
425,ANZOÁTEGUI,"1,987",1,73,TOLIMA,73043,Municipio,-75.093772,4.631756,
426,ANZOÁTEGUI,"2,010",1,73,TOLIMA,73043,Municipio,-75.093772,4.631756,
427,ANZOÁTEGUI,"2,013",2,73,TOLIMA,73043,Municipio,-75.093772,4.631756,
428,ANZOÁTEGUI,"2,018",1,73,TOLIMA,73043,Municipio,-75.093772,4.631756,
429,ANZOÁTEGUI,"2,019",1,73,TOLIMA,73043,Municipio,-75.093772,4.631756,
430,ANZÁ,"1,992",2,5,ANTIOQUIA,5044,Municipio,-75.854442,6.302641,
431,ANZÁ,"1,994",1,5,ANTIOQUIA,5044,Municipio,-75.854442,6.302641,
432,ANZÁ,"1,999",1,5,ANTIOQUIA,5044,Municipio,-75.854442,6.302641,
433,ANZÁ,"2,000",1,5,ANTIOQUIA,5044,Municipio,-75.854442,6.302641,
434,ANZÁ,"2,005",1,5,ANTIOQUIA,5044,Municipio,-75.854442,6.302641,
435,ANZÁ,"2,016",1,5,ANTIOQUIA,5044,Municipio,-75.854442,6.302641,
436,APARTADÓ,"1,985",1,5,ANTIOQUIA,5045,Municipio,-76.625279,7.882968,
437,APARTADÓ,"1,989",1,5,ANTIOQUIA,5045,Municipio,-76.625279,7.882968,
438,APARTADÓ,"1,990",1,5,ANTIOQUIA,5045,Municipio,-76.625279,7.882968,
439,APARTADÓ,"1,991",3,5,ANTIOQUIA,5045,Municipio,-76.625279,7.882968,
440,APARTADÓ,"1,992",2,5,ANTIOQUIA,5045,Municipio,-76.625279,7.882968,
441,APARTADÓ,"1,993",1,5,ANTIOQUIA,5045,Municipio,-76.625279,7.882968,
442,APARTADÓ,"1,994",1,5,ANTIOQUIA,5045,Municipio,-76.625279,7.882968,
443,APARTADÓ,"1,995",2,5,ANTIOQUIA,5045,Municipio,-76.625279,7.882968,
444,APARTADÓ,"1,998",1,5,ANTIOQUIA,5045,Municipio,-76.625279,7.882968,
445,APARTADÓ,"2,000",1,5,ANTIOQUIA,5045,Municipio,-76.625279,7.882968,
446,APARTADÓ,"2,001",4,5,ANTIOQUIA,5045,Municipio,-76.625279,7.882968,
447,APARTADÓ,"2,003",2,5,ANTIOQUIA,5045,Municipio,-76.625279,7.882968,
448,APARTADÓ,"2,004",1,5,ANTIOQUIA,5045,Municipio,-76.625279,7.882968,
449,APARTADÓ,"2,005",3,5,ANTIOQUIA,5045,Municipio,-76.625279,7.882968,
450,APARTADÓ,"2,006",2,5,ANTIOQUIA,5045,Municipio,-76.625279,7.882968,
451,APARTADÓ,"2,007",4,5,ANTIOQUIA,5045,Municipio,-76.625279,7.882968,
452,APARTADÓ,"2,008",3,5,ANTIOQUIA,5045,Municipio,-76.625279,7.882968,
453,APARTADÓ,"2,009",4,5,ANTIOQUIA,5045,Municipio,-76.625279,7.882968,
454,APARTADÓ,"2,010",2,5,ANTIOQUIA,5045,Municipio,-76.625279,7.882968,
455,APARTADÓ,"2,011",7,5,ANTIOQUIA,5045,Municipio,-76.625279,7.882968,
456,APARTADÓ,"2,012",6,5,ANTIOQUIA,5045,Municipio,-76.625279,7.882968,
457,APARTADÓ,"2,013",2,5,ANTIOQUIA,5045,Municipio,-76.625279,7.882968,
458,APARTADÓ,"2,014",3,5,ANTIOQUIA,5045,Municipio,-76.625279,7.882968,
459,APARTADÓ,"2,015",9,5,ANTIOQUIA,5045,Municipio,-76.625279,7.882968,
460,APARTADÓ,"2,016",5,5,ANTIOQUIA,5045,Municipio,-76.625279,7.882968,
461,APARTADÓ,"2,017",10,5,ANTIOQUIA,5045,Municipio,-76.625279,7.882968,
462,APARTADÓ,"2,018",6,5,ANTIOQUIA,5045,Municipio,-76.625279,7.882968,
463,APARTADÓ,"2,019",5,5,ANTIOQUIA,5045,Municipio,-76.625279,7.882968,
464,APULO,"1,995",1,25,CUNDINAMARCA,25599,Municipio,-74.593926,4.520304,
465,APULO,"1,996",1,25,CUNDINAMARCA,25599,Municipio,-74.593926,4.520304,
466,APULO,"2,008",1,25,CUNDINAMARCA,25599,Municipio,-74.593926,4.520304,
467,APULO,"2,009",2,25,CUNDINAMARCA,25599,Municipio,-74.593926,4.520304,
468,APULO,"2,012",1,25,CUNDINAMARCA,25599,Municipio,-74.593926,4.520304,
469,APULO,"2,016",1,25,CUNDINAMARCA,25599,Municipio,-74.593926,4.520304,
470,APÍA,"1,988",1,66,RISARALDA,66045,Municipio,-75.942356,5.106526,
471,APÍA,"1,990",1,66,RISARALDA,66045,Municipio,-75.942356,5.106526,
472,APÍA,"1,991",1,66,RISARALDA,66045,Municipio,-75.942356,5.106526,
473,APÍA,"1,993",1,66,RISARALDA,66045,Municipio,-75.942356,5.106526,
474,APÍA,"1,995",1,66,RISARALDA,66045,Municipio,-75.942356,5.106526,
475,APÍA,"2,003",1,66,RISARALDA,66045,Municipio,-75.942356,5.106526,
476,APÍA,"2,004",1,66,RISARALDA,66045,Municipio,-75.942356,5.106526,
477,APÍA,"2,005",1,66,RISARALDA,66045,Municipio,-75.942356,5.106526,
478,APÍA,"2,007",1,66,RISARALDA,66045,Municipio,-75.942356,5.106526,
479,APÍA,"2,011",1,66,RISARALDA,66045,Municipio,-75.942356,5.106526,
480,APÍA,"2,013",1,66,RISARALDA,66045,Municipio,-75.942356,5.106526,
481,APÍA,"2,014",1,66,RISARALDA,66045,Municipio,-75.942356,5.106526,
482,APÍA,"2,016",1,66,RISARALDA,66045,Municipio,-75.942356,5.106526,
483,AQUITANIA,"2,000",1,15,BOYACÁ,15047,Municipio,-72.88399,5.518602,
484,AQUITANIA,"2,002",1,15,BOYACÁ,15047,Municipio,-72.88399,5.518602,
485,AQUITANIA,"2,004",1,15,BOYACÁ,15047,Municipio,-72.88399,5.518602,
486,AQUITANIA,"2,010",2,15,BOYACÁ,15047,Municipio,-72.88399,5.518602,
487,AQUITANIA,"2,016",1,15,BOYACÁ,15047,Municipio,-72.88399,5.518602,
488,AQUITANIA,"2,017",1,15,BOYACÁ,15047,Municipio,-72.88399,5.518602,
489,AQUITANIA,"2,018",1,15,BOYACÁ,15047,Municipio,-72.88399,5.518602,
490,ARACATACA,"1,987",1,47,MAGDALENA,47053,Municipio,-74.186702,10.589791,
491,ARACATACA,"1,989",1,47,MAGDALENA,47053,Municipio,-74.186702,10.589791,
492,ARACATACA,"1,996",1,47,MAGDALENA,47053,Municipio,-74.186702,10.589791,
493,ARACATACA,"2,001",1,47,MAGDALENA,47053,Municipio,-74.186702,10.589791,
494,ARACATACA,"2,003",1,47,MAGDALENA,47053,Municipio,-74.186702,10.589791,
495,ARACATACA,"2,006",2,47,MAGDALENA,47053,Municipio,-74.186702,10.589791,
496,ARACATACA,"2,010",2,47,MAGDALENA,47053,Municipio,-74.186702,10.589791,
497,ARACATACA,"2,014",1,47,MAGDALENA,47053,Municipio,-74.186702,10.589791,
498,ARACATACA,"2,015",1,47,MAGDALENA,47053,Municipio,-74.186702,10.589791,
499,ARACATACA,"2,016",1,47,MAGDALENA,47053,Municipio,-74.186702,10.589791,
500,ARACATACA,"2,018",1,47,MAGDALENA,47053,Municipio,-74.186702,10.589791,
501,ARANZAZU,"1,985",2,17,CALDAS,17050,Municipio,-75.49129,5.271195,
502,ARANZAZU,"1,989",1,17,CALDAS,17050,Municipio,-75.49129,5.271195,
503,ARANZAZU,"1,993",1,17,CALDAS,17050,Municipio,-75.49129,5.271195,
504,ARANZAZU,"1,994",2,17,CALDAS,17050,Municipio,-75.49129,5.271195,
505,ARANZAZU,"1,996",1,17,CALDAS,17050,Municipio,-75.49129,5.271195,
506,ARANZAZU,"1,997",1,17,CALDAS,17050,Municipio,-75.49129,5.271195,
507,ARANZAZU,"1,998",1,17,CALDAS,17050,Municipio,-75.49129,5.271195,
508,ARANZAZU,"1,999",1,17,CALDAS,17050,Municipio,-75.49129,5.271195,
509,ARANZAZU,"2,002",2,17,CALDAS,17050,Municipio,-75.49129,5.271195,
510,ARANZAZU,"2,004",2,17,CALDAS,17050,Municipio,-75.49129,5.271195,
511,ARANZAZU,"2,006",1,17,CALDAS,17050,Municipio,-75.49129,5.271195,
512,ARANZAZU,"2,008",1,17,CALDAS,17050,Municipio,-75.49129,5.271195,
513,ARATOCA,"1,993",1,68,SANTANDER,68051,Municipio,-73.01786,6.694418,
514,ARATOCA,"2,005",1,68,SANTANDER,68051,Municipio,-73.01786,6.694418,
515,ARATOCA,"2,007",1,68,SANTANDER,68051,Municipio,-73.01786,6.694418,
516,ARATOCA,"2,011",1,68,SANTANDER,68051,Municipio,-73.01786,6.694418,
517,ARATOCA,"2,016",1,68,SANTANDER,68051,Municipio,-73.01786,6.694418,
518,ARAUCA,"1,985",1,81,ARAUCA,81001,Municipio,-70.747408,7.072726,
519,ARAUCA,"1,986",1,81,ARAUCA,81001,Municipio,-70.747408,7.072726,
520,ARAUCA,"1,992",1,81,ARAUCA,81001,Municipio,-70.747408,7.072726,
521,ARAUCA,"1,993",1,81,ARAUCA,81001,Municipio,-70.747408,7.072726,
522,ARAUCA,"1,994",1,81,ARAUCA,81001,Municipio,-70.747408,7.072726,
523,ARAUCA,"1,995",1,81,ARAUCA,81001,Municipio,-70.747408,7.072726,
524,ARAUCA,"1,996",1,81,ARAUCA,81001,Municipio,-70.747408,7.072726,
525,ARAUCA,"1,997",2,81,ARAUCA,81001,Municipio,-70.747408,7.072726,
526,ARAUCA,"1,998",3,81,ARAUCA,81001,Municipio,-70.747408,7.072726,
527,ARAUCA,"1,999",2,81,ARAUCA,81001,Municipio,-70.747408,7.072726,
528,ARAUCA,"2,000",2,81,ARAUCA,81001,Municipio,-70.747408,7.072726,
529,ARAUCA,"2,001",1,81,ARAUCA,81001,Municipio,-70.747408,7.072726,
530,ARAUCA,"2,002",1,81,ARAUCA,81001,Municipio,-70.747408,7.072726,
531,ARAUCA,"2,004",1,81,ARAUCA,81001,Municipio,-70.747408,7.072726,
532,ARAUCA,"2,008",3,81,ARAUCA,81001,Municipio,-70.747408,7.072726,
533,ARAUCA,"2,009",1,81,ARAUCA,81001,Municipio,-70.747408,7.072726,
534,ARAUCA,"2,010",2,81,ARAUCA,81001,Municipio,-70.747408,7.072726,
535,ARAUCA,"2,011",8,81,ARAUCA,81001,Municipio,-70.747408,7.072726,
536,ARAUCA,"2,012",3,81,ARAUCA,81001,Municipio,-70.747408,7.072726,
537,ARAUCA,"2,013",2,81,ARAUCA,81001,Municipio,-70.747408,7.072726,
538,ARAUCA,"2,014",6,81,ARAUCA,81001,Municipio,-70.747408,7.072726,
539,ARAUCA,"2,015",1,81,ARAUCA,81001,Municipio,-70.747408,7.072726,
540,ARAUCA,"2,016",8,81,ARAUCA,81001,Municipio,-70.747408,7.072726,
541,ARAUCA,"2,017",2,81,ARAUCA,81001,Municipio,-70.747408,7.072726,
542,ARAUCA,"2,018",2,81,ARAUCA,81001,Municipio,-70.747408,7.072726,
543,ARAUCA,"2,019",4,81,ARAUCA,81001,Municipio,-70.747408,7.072726,
544,ARAUQUITA,"1,986",2,81,ARAUCA,81065,Municipio,-71.426733,7.02702,
545,ARAUQUITA,"2,000",1,81,ARAUCA,81065,Municipio,-71.426733,7.02702,
546,ARAUQUITA,"2,001",1,81,ARAUCA,81065,Municipio,-71.426733,7.02702,
547,ARAUQUITA,"2,003",2,81,ARAUCA,81065,Municipio,-71.426733,7.02702,
548,ARAUQUITA,"2,007",3,81,ARAUCA,81065,Municipio,-71.426733,7.02702,
549,ARAUQUITA,"2,010",1,81,ARAUCA,81065,Municipio,-71.426733,7.02702,
550,ARAUQUITA,"2,015",1,81,ARAUCA,81065,Municipio,-71.426733,7.02702,
551,ARAUQUITA,"2,016",2,81,ARAUCA,81065,Municipio,-71.426733,7.02702,
552,ARBELÁEZ,"1,986",1,25,CUNDINAMARCA,25053,Municipio,-74.414901,4.272534,
553,ARBELÁEZ,"1,988",3,25,CUNDINAMARCA,25053,Municipio,-74.414901,4.272534,
554,ARBELÁEZ,"1,989",1,25,CUNDINAMARCA,25053,Municipio,-74.414901,4.272534,
555,ARBELÁEZ,"1,990",2,25,CUNDINAMARCA,25053,Municipio,-74.414901,4.272534,
556,ARBELÁEZ,"1,991",1,25,CUNDINAMARCA,25053,Municipio,-74.414901,4.272534,
557,ARBELÁEZ,"1,992",1,25,CUNDINAMARCA,25053,Municipio,-74.414901,4.272534,
558,ARBELÁEZ,"1,994",3,25,CUNDINAMARCA,25053,Municipio,-74.414901,4.272534,
559,ARBELÁEZ,"1,995",1,25,CUNDINAMARCA,25053,Municipio,-74.414901,4.272534,
560,ARBELÁEZ,"1,996",1,25,CUNDINAMARCA,25053,Municipio,-74.414901,4.272534,
561,ARBELÁEZ,"1,997",2,25,CUNDINAMARCA,25053,Municipio,-74.414901,4.272534,
562,ARBELÁEZ,"2,004",1,25,CUNDINAMARCA,25053,Municipio,-74.414901,4.272534,
563,ARBELÁEZ,"2,006",1,25,CUNDINAMARCA,25053,Municipio,-74.414901,4.272534,
564,ARBELÁEZ,"2,008",1,25,CUNDINAMARCA,25053,Municipio,-74.414901,4.272534,
565,ARBELÁEZ,"2,010",1,25,CUNDINAMARCA,25053,Municipio,-74.414901,4.272534,
566,ARBELÁEZ,"2,014",1,25,CUNDINAMARCA,25053,Municipio,-74.414901,4.272534,
567,ARBELÁEZ,"2,016",1,25,CUNDINAMARCA,25053,Municipio,-74.414901,4.272534,
568,ARBELÁEZ,"2,019",1,25,CUNDINAMARCA,25053,Municipio,-74.414901,4.272534,
569,ARBOLEDA,"2,010",1,52,NARIÑO,52051,Municipio,-77.135467,1.503418,
570,ARBOLEDA,"2,016",1,52,NARIÑO,52051,Municipio,-77.135467,1.503418,
571,ARBOLEDA,"2,017",1,52,NARIÑO,52051,Municipio,-77.135467,1.503418,
572,ARBOLEDAS,"1,993",1,54,NORTE DE SANTANDER,54051,Municipio,-72.798952,7.642985,
573,ARBOLEDAS,"1,995",1,54,NORTE DE SANTANDER,54051,Municipio,-72.798952,7.642985,
574,ARBOLEDAS,"2,002",1,54,NORTE DE SANTANDER,54051,Municipio,-72.798952,7.642985,
575,ARBOLETES,"2,000",1,5,ANTIOQUIA,5051,Municipio,-76.426708,8.849317,
576,ARBOLETES,"2,012",1,5,ANTIOQUIA,5051,Municipio,-76.426708,8.849317,
577,ARBOLETES,"2,014",1,5,ANTIOQUIA,5051,Municipio,-76.426708,8.849317,
578,ARCABUCO,"1,987",1,15,BOYACÁ,15051,Municipio,-73.437503,5.755673,
579,ARCABUCO,"1,998",1,15,BOYACÁ,15051,Municipio,-73.437503,5.755673,
580,ARCABUCO,"2,012",1,15,BOYACÁ,15051,Municipio,-73.437503,5.755673,
581,ARCABUCO,"2,014",1,15,BOYACÁ,15051,Municipio,-73.437503,5.755673,
582,ARCABUCO,"2,019",1,15,BOYACÁ,15051,Municipio,-73.437503,5.755673,
583,ARENAL,"1,997",1,13,BOLÍVAR,13042,Municipio,-73.941099,8.458865,
584,ARGELIA,"1,985",1,5,ANTIOQUIA,5055,Municipio,-75.14107,5.731474,
585,ARGELIA,"1,985",1,19,CAUCA,19050,Municipio,-77.24905,2.257427,
586,ARGELIA,"1,985",1,76,VALLE DEL CAUCA,76054,Municipio,-76.119905,4.726945,
587,ARGELIA,"1,986",1,5,ANTIOQUIA,5055,Municipio,-75.14107,5.731474,
588,ARGELIA,"1,986",1,19,CAUCA,19050,Municipio,-77.24905,2.257427,
589,ARGELIA,"1,986",1,76,VALLE DEL CAUCA,76054,Municipio,-76.119905,4.726945,
590,ARGELIA,"1,988",1,5,ANTIOQUIA,5055,Municipio,-75.14107,5.731474,
591,ARGELIA,"1,988",1,19,CAUCA,19050,Municipio,-77.24905,2.257427,
592,ARGELIA,"1,988",1,76,VALLE DEL CAUCA,76054,Municipio,-76.119905,4.726945,
593,ARGELIA,"1,990",1,5,ANTIOQUIA,5055,Municipio,-75.14107,5.731474,
594,ARGELIA,"1,990",1,19,CAUCA,19050,Municipio,-77.24905,2.257427,
595,ARGELIA,"1,990",1,76,VALLE DEL CAUCA,76054,Municipio,-76.119905,4.726945,
596,ARGELIA,"1,991",1,5,ANTIOQUIA,5055,Municipio,-75.14107,5.731474,
597,ARGELIA,"1,991",1,19,CAUCA,19050,Municipio,-77.24905,2.257427,
598,ARGELIA,"1,991",1,76,VALLE DEL CAUCA,76054,Municipio,-76.119905,4.726945,
599,ARGELIA,"1,994",2,5,ANTIOQUIA,5055,Municipio,-75.14107,5.731474,
600,ARGELIA,"1,994",2,19,CAUCA,19050,Municipio,-77.24905,2.257427,
601,ARGELIA,"1,994",2,76,VALLE DEL CAUCA,76054,Municipio,-76.119905,4.726945,
602,ARGELIA,"1,998",1,5,ANTIOQUIA,5055,Municipio,-75.14107,5.731474,
603,ARGELIA,"1,998",1,19,CAUCA,19050,Municipio,-77.24905,2.257427,
604,ARGELIA,"1,998",1,76,VALLE DEL CAUCA,76054,Municipio,-76.119905,4.726945,
605,ARGELIA,"2,007",1,5,ANTIOQUIA,5055,Municipio,-75.14107,5.731474,
606,ARGELIA,"2,007",1,19,CAUCA,19050,Municipio,-77.24905,2.257427,
607,ARGELIA,"2,007",1,76,VALLE DEL CAUCA,76054,Municipio,-76.119905,4.726945,
608,ARGELIA,"2,009",1,5,ANTIOQUIA,5055,Municipio,-75.14107,5.731474,
609,ARGELIA,"2,009",1,19,CAUCA,19050,Municipio,-77.24905,2.257427,
610,ARGELIA,"2,009",1,76,VALLE DEL CAUCA,76054,Municipio,-76.119905,4.726945,
611,ARGELIA,"2,011",1,5,ANTIOQUIA,5055,Municipio,-75.14107,5.731474,
612,ARGELIA,"2,011",1,19,CAUCA,19050,Municipio,-77.24905,2.257427,
613,ARGELIA,"2,011",1,76,VALLE DEL CAUCA,76054,Municipio,-76.119905,4.726945,
614,ARGELIA,"2,013",1,5,ANTIOQUIA,5055,Municipio,-75.14107,5.731474,
615,ARGELIA,"2,013",1,19,CAUCA,19050,Municipio,-77.24905,2.257427,
616,ARGELIA,"2,013",1,76,VALLE DEL CAUCA,76054,Municipio,-76.119905,4.726945,
617,ARGELIA,"2,014",1,5,ANTIOQUIA,5055,Municipio,-75.14107,5.731474,
618,ARGELIA,"2,014",1,19,CAUCA,19050,Municipio,-77.24905,2.257427,
619,ARGELIA,"2,014",1,76,VALLE DEL CAUCA,76054,Municipio,-76.119905,4.726945,
620,ARGELIA,"2,016",1,5,ANTIOQUIA,5055,Municipio,-75.14107,5.731474,
621,ARGELIA,"2,016",1,19,CAUCA,19050,Municipio,-77.24905,2.257427,
622,ARGELIA,"2,016",1,76,VALLE DEL CAUCA,76054,Municipio,-76.119905,4.726945,
623,ARGELIA,"2,017",1,5,ANTIOQUIA,5055,Municipio,-75.14107,5.731474,
624,ARGELIA,"2,017",1,19,CAUCA,19050,Municipio,-77.24905,2.257427,
625,ARGELIA,"2,017",1,76,VALLE DEL CAUCA,76054,Municipio,-76.119905,4.726945,
626,ARGELIA,"2,019",1,5,ANTIOQUIA,5055,Municipio,-75.14107,5.731474,
627,ARGELIA,"2,019",1,19,CAUCA,19050,Municipio,-77.24905,2.257427,
628,ARGELIA,"2,019",1,76,VALLE DEL CAUCA,76054,Municipio,-76.119905,4.726945,
629,ARIGUANÍ,"1,985",1,47,MAGDALENA,47058,Municipio,-74.236515,9.847047,
630,ARIGUANÍ,"1,986",1,47,MAGDALENA,47058,Municipio,-74.236515,9.847047,
631,ARIGUANÍ,"1,993",1,47,MAGDALENA,47058,Municipio,-74.236515,9.847047,
632,ARIGUANÍ,"2,004",2,47,MAGDALENA,47058,Municipio,-74.236515,9.847047,
633,ARIGUANÍ,"2,005",1,47,MAGDALENA,47058,Municipio,-74.236515,9.847047,
634,ARIGUANÍ,"2,007",1,47,MAGDALENA,47058,Municipio,-74.236515,9.847047,
635,ARIGUANÍ,"2,010",1,47,MAGDALENA,47058,Municipio,-74.236515,9.847047,
636,ARIGUANÍ,"2,014",2,47,MAGDALENA,47058,Municipio,-74.236515,9.847047,
637,ARIGUANÍ,"2,016",2,47,MAGDALENA,47058,Municipio,-74.236515,9.847047,
638,ARIGUANÍ,"2,017",1,47,MAGDALENA,47058,Municipio,-74.236515,9.847047,
639,ARJONA,"1,985",1,13,BOLÍVAR,13052,Municipio,-75.344332,10.25666,
640,ARJONA,"1,990",2,13,BOLÍVAR,13052,Municipio,-75.344332,10.25666,
641,ARJONA,"1,991",1,13,BOLÍVAR,13052,Municipio,-75.344332,10.25666,
642,ARJONA,"1,994",2,13,BOLÍVAR,13052,Municipio,-75.344332,10.25666,
643,ARJONA,"1,999",2,13,BOLÍVAR,13052,Municipio,-75.344332,10.25666,
644,ARJONA,"2,000",1,13,BOLÍVAR,13052,Municipio,-75.344332,10.25666,
645,ARJONA,"2,001",2,13,BOLÍVAR,13052,Municipio,-75.344332,10.25666,
646,ARJONA,"2,002",1,13,BOLÍVAR,13052,Municipio,-75.344332,10.25666,
647,ARJONA,"2,004",1,13,BOLÍVAR,13052,Municipio,-75.344332,10.25666,
648,ARJONA,"2,006",1,13,BOLÍVAR,13052,Municipio,-75.344332,10.25666,
649,ARJONA,"2,008",1,13,BOLÍVAR,13052,Municipio,-75.344332,10.25666,
650,ARJONA,"2,009",1,13,BOLÍVAR,13052,Municipio,-75.344332,10.25666,
651,ARJONA,"2,010",1,13,BOLÍVAR,13052,Municipio,-75.344332,10.25666,
652,ARJONA,"2,014",3,13,BOLÍVAR,13052,Municipio,-75.344332,10.25666,
653,ARJONA,"2,015",1,13,BOLÍVAR,13052,Municipio,-75.344332,10.25666,
654,ARJONA,"2,016",2,13,BOLÍVAR,13052,Municipio,-75.344332,10.25666,
655,ARJONA,"2,018",2,13,BOLÍVAR,13052,Municipio,-75.344332,10.25666,
656,ARJONA,"2,019",1,13,BOLÍVAR,13052,Municipio,-75.344332,10.25666,
657,ARMENIA,"1,985",6,5,ANTIOQUIA,5059,Municipio,-75.786647,6.155667,
658,ARMENIA,"1,985",6,63,QUINDÍO,63001,Municipio,-75.680786,4.53598,
659,ARMENIA,"1,986",6,5,ANTIOQUIA,5059,Municipio,-75.786647,6.155667,
660,ARMENIA,"1,986",6,63,QUINDÍO,63001,Municipio,-75.680786,4.53598,
661,ARMENIA,"1,987",12,5,ANTIOQUIA,5059,Municipio,-75.786647,6.155667,
662,ARMENIA,"1,987",12,63,QUINDÍO,63001,Municipio,-75.680786,4.53598,
663,ARMENIA,"1,988",11,5,ANTIOQUIA,5059,Municipio,-75.786647,6.155667,
664,ARMENIA,"1,988",11,63,QUINDÍO,63001,Municipio,-75.680786,4.53598,
665,ARMENIA,"1,989",12,5,ANTIOQUIA,5059,Municipio,-75.786647,6.155667,
666,ARMENIA,"1,989",12,63,QUINDÍO,63001,Municipio,-75.680786,4.53598,
667,ARMENIA,"1,990",8,5,ANTIOQUIA,5059,Municipio,-75.786647,6.155667,
668,ARMENIA,"1,990",8,63,QUINDÍO,63001,Municipio,-75.680786,4.53598,
669,ARMENIA,"1,991",9,5,ANTIOQUIA,5059,Municipio,-75.786647,6.155667,
670,ARMENIA,"1,991",9,63,QUINDÍO,63001,Municipio,-75.680786,4.53598,
671,ARMENIA,"1,992",9,5,ANTIOQUIA,5059,Municipio,-75.786647,6.155667,
672,ARMENIA,"1,992",9,63,QUINDÍO,63001,Municipio,-75.680786,4.53598,
673,ARMENIA,"1,993",14,5,ANTIOQUIA,5059,Municipio,-75.786647,6.155667,
674,ARMENIA,"1,993",14,63,QUINDÍO,63001,Municipio,-75.680786,4.53598,
675,ARMENIA,"1,994",15,5,ANTIOQUIA,5059,Municipio,-75.786647,6.155667,
676,ARMENIA,"1,994",15,63,QUINDÍO,63001,Municipio,-75.680786,4.53598,
677,ARMENIA,"1,995",13,5,ANTIOQUIA,5059,Municipio,-75.786647,6.155667,
678,ARMENIA,"1,995",13,63,QUINDÍO,63001,Municipio,-75.680786,4.53598,
679,ARMENIA,"1,996",20,5,ANTIOQUIA,5059,Municipio,-75.786647,6.155667,
680,ARMENIA,"1,996",20,63,QUINDÍO,63001,Municipio,-75.680786,4.53598,
681,ARMENIA,"1,997",19,5,ANTIOQUIA,5059,Municipio,-75.786647,6.155667,
682,ARMENIA,"1,997",19,63,QUINDÍO,63001,Municipio,-75.680786,4.53598,
683,ARMENIA,"1,998",13,5,ANTIOQUIA,5059,Municipio,-75.786647,6.155667,
684,ARMENIA,"1,998",13,63,QUINDÍO,63001,Municipio,-75.680786,4.53598,
685,ARMENIA,"1,999",23,5,ANTIOQUIA,5059,Municipio,-75.786647,6.155667,
686,ARMENIA,"1,999",23,63,QUINDÍO,63001,Municipio,-75.680786,4.53598,
687,ARMENIA,"2,000",11,5,ANTIOQUIA,5059,Municipio,-75.786647,6.155667,
688,ARMENIA,"2,000",11,63,QUINDÍO,63001,Municipio,-75.680786,4.53598,
689,ARMENIA,"2,001",15,5,ANTIOQUIA,5059,Municipio,-75.786647,6.155667,
690,ARMENIA,"2,001",15,63,QUINDÍO,63001,Municipio,-75.680786,4.53598,
691,ARMENIA,"2,002",19,5,ANTIOQUIA,5059,Municipio,-75.786647,6.155667,
692,ARMENIA,"2,002",19,63,QUINDÍO,63001,Municipio,-75.680786,4.53598,
693,ARMENIA,"2,003",20,5,ANTIOQUIA,5059,Municipio,-75.786647,6.155667,
694,ARMENIA,"2,003",20,63,QUINDÍO,63001,Municipio,-75.680786,4.53598,
695,ARMENIA,"2,004",18,5,ANTIOQUIA,5059,Municipio,-75.786647,6.155667,
696,ARMENIA,"2,004",18,63,QUINDÍO,63001,Municipio,-75.680786,4.53598,
697,ARMENIA,"2,005",16,5,ANTIOQUIA,5059,Municipio,-75.786647,6.155667,
698,ARMENIA,"2,005",16,63,QUINDÍO,63001,Municipio,-75.680786,4.53598,
699,ARMENIA,"2,006",32,5,ANTIOQUIA,5059,Municipio,-75.786647,6.155667,
700,ARMENIA,"2,006",32,63,QUINDÍO,63001,Municipio,-75.680786,4.53598,
701,ARMENIA,"2,007",24,5,ANTIOQUIA,5059,Municipio,-75.786647,6.155667,
702,ARMENIA,"2,007",24,63,QUINDÍO,63001,Municipio,-75.680786,4.53598,
703,ARMENIA,"2,008",36,5,ANTIOQUIA,5059,Municipio,-75.786647,6.155667,
704,ARMENIA,"2,008",36,63,QUINDÍO,63001,Municipio,-75.680786,4.53598,
705,ARMENIA,"2,009",46,5,ANTIOQUIA,5059,Municipio,-75.786647,6.155667,
706,ARMENIA,"2,009",46,63,QUINDÍO,63001,Municipio,-75.680786,4.53598,
707,ARMENIA,"2,010",54,5,ANTIOQUIA,5059,Municipio,-75.786647,6.155667,
708,ARMENIA,"2,010",54,63,QUINDÍO,63001,Municipio,-75.680786,4.53598,
709,ARMENIA,"2,011",55,5,ANTIOQUIA,5059,Municipio,-75.786647,6.155667,
710,ARMENIA,"2,011",55,63,QUINDÍO,63001,Municipio,-75.680786,4.53598,
711,ARMENIA,"2,012",37,5,ANTIOQUIA,5059,Municipio,-75.786647,6.155667,
712,ARMENIA,"2,012",37,63,QUINDÍO,63001,Municipio,-75.680786,4.53598,
713,ARMENIA,"2,013",48,5,ANTIOQUIA,5059,Municipio,-75.786647,6.155667,
714,ARMENIA,"2,013",48,63,QUINDÍO,63001,Municipio,-75.680786,4.53598,
715,ARMENIA,"2,014",66,5,ANTIOQUIA,5059,Municipio,-75.786647,6.155667,
716,ARMENIA,"2,014",66,63,QUINDÍO,63001,Municipio,-75.680786,4.53598,
717,ARMENIA,"2,015",52,5,ANTIOQUIA,5059,Municipio,-75.786647,6.155667,
718,ARMENIA,"2,015",52,63,QUINDÍO,63001,Municipio,-75.680786,4.53598,
719,ARMENIA,"2,016",50,5,ANTIOQUIA,5059,Municipio,-75.786647,6.155667,
720,ARMENIA,"2,016",50,63,QUINDÍO,63001,Municipio,-75.680786,4.53598,
721,ARMENIA,"2,017",47,5,ANTIOQUIA,5059,Municipio,-75.786647,6.155667,
722,ARMENIA,"2,017",47,63,QUINDÍO,63001,Municipio,-75.680786,4.53598,
723,ARMENIA,"2,018",39,5,ANTIOQUIA,5059,Municipio,-75.786647,6.155667,
724,ARMENIA,"2,018",39,63,QUINDÍO,63001,Municipio,-75.680786,4.53598,
725,ARMENIA,"2,019",61,5,ANTIOQUIA,5059,Municipio,-75.786647,6.155667,
726,ARMENIA,"2,019",61,63,QUINDÍO,63001,Municipio,-75.680786,4.53598,
727,ARMERO,"1,985",3,73,TOLIMA,73055,Municipio,-74.884438,5.030744,
728,ARMERO,"1,986",2,73,TOLIMA,73055,Municipio,-74.884438,5.030744,
729,ARMERO,"1,988",1,73,TOLIMA,73055,Municipio,-74.884438,5.030744,
730,ARMERO,"1,990",4,73,TOLIMA,73055,Municipio,-74.884438,5.030744,
731,ARMERO,"1,991",1,73,TOLIMA,73055,Municipio,-74.884438,5.030744,
732,ARMERO,"1,992",1,73,TOLIMA,73055,Municipio,-74.884438,5.030744,
733,ARMERO,"1,993",1,73,TOLIMA,73055,Municipio,-74.884438,5.030744,
734,ARMERO,"1,994",3,73,TOLIMA,73055,Municipio,-74.884438,5.030744,
735,ARMERO,"1,999",1,73,TOLIMA,73055,Municipio,-74.884438,5.030744,
736,ARMERO,"2,000",2,73,TOLIMA,73055,Municipio,-74.884438,5.030744,
737,ARMERO,"2,003",2,73,TOLIMA,73055,Municipio,-74.884438,5.030744,
738,ARMERO,"2,005",1,73,TOLIMA,73055,Municipio,-74.884438,5.030744,
739,ARMERO,"2,007",1,73,TOLIMA,73055,Municipio,-74.884438,5.030744,
740,ARMERO,"2,008",1,73,TOLIMA,73055,Municipio,-74.884438,5.030744,
741,ARMERO,"2,009",1,73,TOLIMA,73055,Municipio,-74.884438,5.030744,
742,ARMERO,"2,010",2,73,TOLIMA,73055,Municipio,-74.884438,5.030744,
743,ARMERO,"2,013",2,73,TOLIMA,73055,Municipio,-74.884438,5.030744,
744,ARMERO,"2,014",3,73,TOLIMA,73055,Municipio,-74.884438,5.030744,
745,ARMERO,"2,015",1,73,TOLIMA,73055,Municipio,-74.884438,5.030744,
746,ARMERO,"2,018",1,73,TOLIMA,73055,Municipio,-74.884438,5.030744,
747,ARROYOHONDO,"2,001",1,13,BOLÍVAR,13062,Municipio,-75.019215,10.250075,
748,ARROYOHONDO,"2,002",1,13,BOLÍVAR,13062,Municipio,-75.019215,10.250075,
749,ARROYOHONDO,"2,009",1,13,BOLÍVAR,13062,Municipio,-75.019215,10.250075,
750,ASTREA,"2,003",1,20,CESAR,20032,Municipio,-73.975842,9.498062,
751,ASTREA,"2,005",1,20,CESAR,20032,Municipio,-73.975842,9.498062,
752,ASTREA,"2,006",1,20,CESAR,20032,Municipio,-73.975842,9.498062,
753,ASTREA,"2,016",1,20,CESAR,20032,Municipio,-73.975842,9.498062,
754,ATACO,"1,993",1,73,TOLIMA,73067,Municipio,-75.382545,3.590591,
755,ATACO,"1,998",1,73,TOLIMA,73067,Municipio,-75.382545,3.590591,
756,ATACO,"2,009",1,73,TOLIMA,73067,Municipio,-75.382545,3.590591,
757,AYAPEL,"1,987",1,23,CÓRDOBA,23068,Municipio,-75.146048,8.313838,
758,AYAPEL,"1,990",1,23,CÓRDOBA,23068,Municipio,-75.146048,8.313838,
759,AYAPEL,"1,992",2,23,CÓRDOBA,23068,Municipio,-75.146048,8.313838,
760,AYAPEL,"1,994",1,23,CÓRDOBA,23068,Municipio,-75.146048,8.313838,
761,AYAPEL,"1,995",1,23,CÓRDOBA,23068,Municipio,-75.146048,8.313838,
762,AYAPEL,"2,000",1,23,CÓRDOBA,23068,Municipio,-75.146048,8.313838,
763,AYAPEL,"2,004",1,23,CÓRDOBA,23068,Municipio,-75.146048,8.313838,
764,AYAPEL,"2,006",1,23,CÓRDOBA,23068,Municipio,-75.146048,8.313838,
765,AYAPEL,"2,008",1,23,CÓRDOBA,23068,Municipio,-75.146048,8.313838,
766,AYAPEL,"2,011",1,23,CÓRDOBA,23068,Municipio,-75.146048,8.313838,
767,AYAPEL,"2,013",2,23,CÓRDOBA,23068,Municipio,-75.146048,8.313838,
768,AYAPEL,"2,015",2,23,CÓRDOBA,23068,Municipio,-75.146048,8.313838,
769,AYAPEL,"2,017",1,23,CÓRDOBA,23068,Municipio,-75.146048,8.313838,
770,AYAPEL,"2,018",1,23,CÓRDOBA,23068,Municipio,-75.146048,8.313838,
771,AYAPEL,"2,019",3,23,CÓRDOBA,23068,Municipio,-75.146048,8.313838,
772,BAHÍA SOLANO,"2,018",1,27,CHOCÓ,27075,Municipio,-77.401359,6.222807,
773,BALBOA,"1,985",1,19,CAUCA,19075,Municipio,-77.215773,2.040998,
774,BALBOA,"1,985",1,66,RISARALDA,66075,Municipio,-75.958663,4.949096,
775,BALBOA,"1,998",1,19,CAUCA,19075,Municipio,-77.215773,2.040998,
776,BALBOA,"1,998",1,66,RISARALDA,66075,Municipio,-75.958663,4.949096,
777,BALBOA,"2,007",1,19,CAUCA,19075,Municipio,-77.215773,2.040998,
778,BALBOA,"2,007",1,66,RISARALDA,66075,Municipio,-75.958663,4.949096,
779,BALBOA,"2,010",1,19,CAUCA,19075,Municipio,-77.215773,2.040998,
780,BALBOA,"2,010",1,66,RISARALDA,66075,Municipio,-75.958663,4.949096,
781,BALBOA,"2,014",1,19,CAUCA,19075,Municipio,-77.215773,2.040998,
782,BALBOA,"2,014",1,66,RISARALDA,66075,Municipio,-75.958663,4.949096,
783,BARANOA,"1,986",1,8,ATLÁNTICO,8078,Municipio,-74.916077,10.79445,
784,BARANOA,"1,989",1,8,ATLÁNTICO,8078,Municipio,-74.916077,10.79445,
785,BARANOA,"1,991",1,8,ATLÁNTICO,8078,Municipio,-74.916077,10.79445,
786,BARANOA,"1,992",1,8,ATLÁNTICO,8078,Municipio,-74.916077,10.79445,
787,BARANOA,"1,993",1,8,ATLÁNTICO,8078,Municipio,-74.916077,10.79445,
788,BARANOA,"1,994",3,8,ATLÁNTICO,8078,Municipio,-74.916077,10.79445,
789,BARANOA,"1,995",1,8,ATLÁNTICO,8078,Municipio,-74.916077,10.79445,
790,BARANOA,"1,998",1,8,ATLÁNTICO,8078,Municipio,-74.916077,10.79445,
791,BARANOA,"1,999",1,8,ATLÁNTICO,8078,Municipio,-74.916077,10.79445,
792,BARANOA,"2,001",2,8,ATLÁNTICO,8078,Municipio,-74.916077,10.79445,
793,BARANOA,"2,002",1,8,ATLÁNTICO,8078,Municipio,-74.916077,10.79445,
794,BARANOA,"2,003",2,8,ATLÁNTICO,8078,Municipio,-74.916077,10.79445,
795,BARANOA,"2,007",2,8,ATLÁNTICO,8078,Municipio,-74.916077,10.79445,
796,BARANOA,"2,008",2,8,ATLÁNTICO,8078,Municipio,-74.916077,10.79445,
797,BARANOA,"2,009",3,8,ATLÁNTICO,8078,Municipio,-74.916077,10.79445,
798,BARANOA,"2,011",2,8,ATLÁNTICO,8078,Municipio,-74.916077,10.79445,
799,BARANOA,"2,012",1,8,ATLÁNTICO,8078,Municipio,-74.916077,10.79445,
800,BARANOA,"2,013",2,8,ATLÁNTICO,8078,Municipio,-74.916077,10.79445,
801,BARANOA,"2,014",2,8,ATLÁNTICO,8078,Municipio,-74.916077,10.79445,
802,BARANOA,"2,015",1,8,ATLÁNTICO,8078,Municipio,-74.916077,10.79445,
803,BARANOA,"2,016",1,8,ATLÁNTICO,8078,Municipio,-74.916077,10.79445,
804,BARANOA,"2,018",2,8,ATLÁNTICO,8078,Municipio,-74.916077,10.79445,
805,BARANOA,"2,019",3,8,ATLÁNTICO,8078,Municipio,-74.916077,10.79445,
806,BARAYA,"1,985",1,41,HUILA,41078,Municipio,-75.054843,3.152204,
807,BARAYA,"1,988",1,41,HUILA,41078,Municipio,-75.054843,3.152204,
808,BARAYA,"2,017",1,41,HUILA,41078,Municipio,-75.054843,3.152204,
809,BARBACOAS,"1,987",1,52,NARIÑO,52079,Municipio,-78.13765,1.671733,
810,BARBOSA,"1,985",1,5,ANTIOQUIA,5079,Municipio,-75.331627,6.439195,
811,BARBOSA,"1,985",1,68,SANTANDER,68077,Municipio,-73.615965,5.932531,
812,BARBOSA,"1,986",2,5,ANTIOQUIA,5079,Municipio,-75.331627,6.439195,
813,BARBOSA,"1,986",2,68,SANTANDER,68077,Municipio,-73.615965,5.932531,
814,BARBOSA,"1,987",2,5,ANTIOQUIA,5079,Municipio,-75.331627,6.439195,
815,BARBOSA,"1,987",2,68,SANTANDER,68077,Municipio,-73.615965,5.932531,
816,BARBOSA,"1,988",1,5,ANTIOQUIA,5079,Municipio,-75.331627,6.439195,
817,BARBOSA,"1,988",1,68,SANTANDER,68077,Municipio,-73.615965,5.932531,
818,BARBOSA,"1,989",1,5,ANTIOQUIA,5079,Municipio,-75.331627,6.439195,
819,BARBOSA,"1,989",1,68,SANTANDER,68077,Municipio,-73.615965,5.932531,
820,BARBOSA,"1,990",4,5,ANTIOQUIA,5079,Municipio,-75.331627,6.439195,
821,BARBOSA,"1,990",4,68,SANTANDER,68077,Municipio,-73.615965,5.932531,
822,BARBOSA,"1,992",1,5,ANTIOQUIA,5079,Municipio,-75.331627,6.439195,
823,BARBOSA,"1,992",1,68,SANTANDER,68077,Municipio,-73.615965,5.932531,
824,BARBOSA,"1,993",6,5,ANTIOQUIA,5079,Municipio,-75.331627,6.439195,
825,BARBOSA,"1,993",6,68,SANTANDER,68077,Municipio,-73.615965,5.932531,
826,BARBOSA,"1,994",3,5,ANTIOQUIA,5079,Municipio,-75.331627,6.439195,
827,BARBOSA,"1,994",3,68,SANTANDER,68077,Municipio,-73.615965,5.932531,
828,BARBOSA,"1,995",2,5,ANTIOQUIA,5079,Municipio,-75.331627,6.439195,
829,BARBOSA,"1,995",2,68,SANTANDER,68077,Municipio,-73.615965,5.932531,
830,BARBOSA,"1,996",1,5,ANTIOQUIA,5079,Municipio,-75.331627,6.439195,
831,BARBOSA,"1,996",1,68,SANTANDER,68077,Municipio,-73.615965,5.932531,
832,BARBOSA,"1,999",1,5,ANTIOQUIA,5079,Municipio,-75.331627,6.439195,
833,BARBOSA,"1,999",1,68,SANTANDER,68077,Municipio,-73.615965,5.932531,
834,BARBOSA,"2,000",1,5,ANTIOQUIA,5079,Municipio,-75.331627,6.439195,
835,BARBOSA,"2,000",1,68,SANTANDER,68077,Municipio,-73.615965,5.932531,
836,BARBOSA,"2,001",2,5,ANTIOQUIA,5079,Municipio,-75.331627,6.439195,
837,BARBOSA,"2,001",2,68,SANTANDER,68077,Municipio,-73.615965,5.932531,
838,BARBOSA,"2,002",1,5,ANTIOQUIA,5079,Municipio,-75.331627,6.439195,
839,BARBOSA,"2,002",1,68,SANTANDER,68077,Municipio,-73.615965,5.932531,
840,BARBOSA,"2,003",2,5,ANTIOQUIA,5079,Municipio,-75.331627,6.439195,
841,BARBOSA,"2,003",2,68,SANTANDER,68077,Municipio,-73.615965,5.932531,
842,BARBOSA,"2,004",2,5,ANTIOQUIA,5079,Municipio,-75.331627,6.439195,
843,BARBOSA,"2,004",2,68,SANTANDER,68077,Municipio,-73.615965,5.932531,
844,BARBOSA,"2,005",2,5,ANTIOQUIA,5079,Municipio,-75.331627,6.439195,
845,BARBOSA,"2,005",2,68,SANTANDER,68077,Municipio,-73.615965,5.932531,
846,BARBOSA,"2,006",4,5,ANTIOQUIA,5079,Municipio,-75.331627,6.439195,
847,BARBOSA,"2,006",4,68,SANTANDER,68077,Municipio,-73.615965,5.932531,
848,BARBOSA,"2,007",1,5,ANTIOQUIA,5079,Municipio,-75.331627,6.439195,
849,BARBOSA,"2,007",1,68,SANTANDER,68077,Municipio,-73.615965,5.932531,
850,BARBOSA,"2,009",3,5,ANTIOQUIA,5079,Municipio,-75.331627,6.439195,
851,BARBOSA,"2,009",3,68,SANTANDER,68077,Municipio,-73.615965,5.932531,
852,BARBOSA,"2,010",4,5,ANTIOQUIA,5079,Municipio,-75.331627,6.439195,
853,BARBOSA,"2,010",4,68,SANTANDER,68077,Municipio,-73.615965,5.932531,
854,BARBOSA,"2,011",3,5,ANTIOQUIA,5079,Municipio,-75.331627,6.439195,
855,BARBOSA,"2,011",3,68,SANTANDER,68077,Municipio,-73.615965,5.932531,
856,BARBOSA,"2,012",1,5,ANTIOQUIA,5079,Municipio,-75.331627,6.439195,
857,BARBOSA,"2,012",1,68,SANTANDER,68077,Municipio,-73.615965,5.932531,
858,BARBOSA,"2,013",5,5,ANTIOQUIA,5079,Municipio,-75.331627,6.439195,
859,BARBOSA,"2,013",5,68,SANTANDER,68077,Municipio,-73.615965,5.932531,
860,BARBOSA,"2,014",1,5,ANTIOQUIA,5079,Municipio,-75.331627,6.439195,
861,BARBOSA,"2,014",1,68,SANTANDER,68077,Municipio,-73.615965,5.932531,
862,BARBOSA,"2,015",2,5,ANTIOQUIA,5079,Municipio,-75.331627,6.439195,
863,BARBOSA,"2,015",2,68,SANTANDER,68077,Municipio,-73.615965,5.932531,
864,BARBOSA,"2,016",4,5,ANTIOQUIA,5079,Municipio,-75.331627,6.439195,
865,BARBOSA,"2,016",4,68,SANTANDER,68077,Municipio,-73.615965,5.932531,
866,BARBOSA,"2,017",3,5,ANTIOQUIA,5079,Municipio,-75.331627,6.439195,
867,BARBOSA,"2,017",3,68,SANTANDER,68077,Municipio,-73.615965,5.932531,
868,BARBOSA,"2,018",4,5,ANTIOQUIA,5079,Municipio,-75.331627,6.439195,
869,BARBOSA,"2,018",4,68,SANTANDER,68077,Municipio,-73.615965,5.932531,
870,BARBOSA,"2,019",1,5,ANTIOQUIA,5079,Municipio,-75.331627,6.439195,
871,BARBOSA,"2,019",1,68,SANTANDER,68077,Municipio,-73.615965,5.932531,
872,BARICHARA,"1,990",1,68,SANTANDER,68079,Municipio,-73.223047,6.634111,
873,BARICHARA,"1,996",1,68,SANTANDER,68079,Municipio,-73.223047,6.634111,
874,BARICHARA,"2,001",2,68,SANTANDER,68079,Municipio,-73.223047,6.634111,
875,BARICHARA,"2,004",1,68,SANTANDER,68079,Municipio,-73.223047,6.634111,
876,BARICHARA,"2,006",1,68,SANTANDER,68079,Municipio,-73.223047,6.634111,
877,BARRANCA DE UPÍA,"1,997",1,50,META,50110,Municipio,-72.961083,4.566225,
878,BARRANCA DE UPÍA,"2,010",2,50,META,50110,Municipio,-72.961083,4.566225,
879,BARRANCA DE UPÍA,"2,014",1,50,META,50110,Municipio,-72.961083,4.566225,
880,BARRANCABERMEJA,"1,985",5,68,SANTANDER,68081,Municipio,-73.849243,7.064857,
881,BARRANCABERMEJA,"1,986",3,68,SANTANDER,68081,Municipio,-73.849243,7.064857,
882,BARRANCABERMEJA,"1,987",10,68,SANTANDER,68081,Municipio,-73.849243,7.064857,
883,BARRANCABERMEJA,"1,988",3,68,SANTANDER,68081,Municipio,-73.849243,7.064857,
884,BARRANCABERMEJA,"1,989",3,68,SANTANDER,68081,Municipio,-73.849243,7.064857,
885,BARRANCABERMEJA,"1,990",4,68,SANTANDER,68081,Municipio,-73.849243,7.064857,
886,BARRANCABERMEJA,"1,991",3,68,SANTANDER,68081,Municipio,-73.849243,7.064857,
887,BARRANCABERMEJA,"1,992",3,68,SANTANDER,68081,Municipio,-73.849243,7.064857,
888,BARRANCABERMEJA,"1,993",6,68,SANTANDER,68081,Municipio,-73.849243,7.064857,
889,BARRANCABERMEJA,"1,994",2,68,SANTANDER,68081,Municipio,-73.849243,7.064857,
890,BARRANCABERMEJA,"1,995",8,68,SANTANDER,68081,Municipio,-73.849243,7.064857,
891,BARRANCABERMEJA,"1,996",7,68,SANTANDER,68081,Municipio,-73.849243,7.064857,
892,BARRANCABERMEJA,"1,997",4,68,SANTANDER,68081,Municipio,-73.849243,7.064857,
893,BARRANCABERMEJA,"1,998",6,68,SANTANDER,68081,Municipio,-73.849243,7.064857,
894,BARRANCABERMEJA,"1,999",3,68,SANTANDER,68081,Municipio,-73.849243,7.064857,
895,BARRANCABERMEJA,"2,000",4,68,SANTANDER,68081,Municipio,-73.849243,7.064857,
896,BARRANCABERMEJA,"2,001",6,68,SANTANDER,68081,Municipio,-73.849243,7.064857,
897,BARRANCABERMEJA,"2,002",9,68,SANTANDER,68081,Municipio,-73.849243,7.064857,
898,BARRANCABERMEJA,"2,003",4,68,SANTANDER,68081,Municipio,-73.849243,7.064857,
899,BARRANCABERMEJA,"2,004",8,68,SANTANDER,68081,Municipio,-73.849243,7.064857,
900,BARRANCABERMEJA,"2,005",6,68,SANTANDER,68081,Municipio,-73.849243,7.064857,
901,BARRANCABERMEJA,"2,006",3,68,SANTANDER,68081,Municipio,-73.849243,7.064857,
902,BARRANCABERMEJA,"2,007",10,68,SANTANDER,68081,Municipio,-73.849243,7.064857,
903,BARRANCABERMEJA,"2,008",6,68,SANTANDER,68081,Municipio,-73.849243,7.064857,
904,BARRANCABERMEJA,"2,009",12,68,SANTANDER,68081,Municipio,-73.849243,7.064857,
905,BARRANCABERMEJA,"2,010",11,68,SANTANDER,68081,Municipio,-73.849243,7.064857,
906,BARRANCABERMEJA,"2,011",21,68,SANTANDER,68081,Municipio,-73.849243,7.064857,
907,BARRANCABERMEJA,"2,012",13,68,SANTANDER,68081,Municipio,-73.849243,7.064857,
908,BARRANCABERMEJA,"2,013",6,68,SANTANDER,68081,Municipio,-73.849243,7.064857,
909,BARRANCABERMEJA,"2,014",4,68,SANTANDER,68081,Municipio,-73.849243,7.064857,
910,BARRANCABERMEJA,"2,015",14,68,SANTANDER,68081,Municipio,-73.849243,7.064857,
911,BARRANCABERMEJA,"2,016",12,68,SANTANDER,68081,Municipio,-73.849243,7.064857,
912,BARRANCABERMEJA,"2,017",9,68,SANTANDER,68081,Municipio,-73.849243,7.064857,
913,BARRANCABERMEJA,"2,018",14,68,SANTANDER,68081,Municipio,-73.849243,7.064857,
914,BARRANCABERMEJA,"2,019",16,68,SANTANDER,68081,Municipio,-73.849243,7.064857,
915,BARRANCAS,"1,990",1,44,LA GUAJIRA,44078,Municipio,-72.793639,10.958669,
916,BARRANCAS,"1,997",2,44,LA GUAJIRA,44078,Municipio,-72.793639,10.958669,
917,BARRANCAS,"2,002",1,44,LA GUAJIRA,44078,Municipio,-72.793639,10.958669,
918,BARRANCAS,"2,006",1,44,LA GUAJIRA,44078,Municipio,-72.793639,10.958669,
919,BARRANCO DE LOBA,"2,017",1,13,BOLÍVAR,13074,Municipio,-74.104391,8.947787,
920,BARRANQUILLA,"1,985",27,8,ATLÁNTICO,8001,Municipio,-74.815546,10.977961,
921,BARRANQUILLA,"1,986",25,8,ATLÁNTICO,8001,Municipio,-74.815546,10.977961,
922,BARRANQUILLA,"1,987",21,8,ATLÁNTICO,8001,Municipio,-74.815546,10.977961,
923,BARRANQUILLA,"1,988",23,8,ATLÁNTICO,8001,Municipio,-74.815546,10.977961,
924,BARRANQUILLA,"1,989",41,8,ATLÁNTICO,8001,Municipio,-74.815546,10.977961,
925,BARRANQUILLA,"1,990",31,8,ATLÁNTICO,8001,Municipio,-74.815546,10.977961,
926,BARRANQUILLA,"1,991",38,8,ATLÁNTICO,8001,Municipio,-74.815546,10.977961,
927,BARRANQUILLA,"1,992",30,8,ATLÁNTICO,8001,Municipio,-74.815546,10.977961,
928,BARRANQUILLA,"1,993",40,8,ATLÁNTICO,8001,Municipio,-74.815546,10.977961,
929,BARRANQUILLA,"1,994",50,8,ATLÁNTICO,8001,Municipio,-74.815546,10.977961,
930,BARRANQUILLA,"1,995",51,8,ATLÁNTICO,8001,Municipio,-74.815546,10.977961,
931,BARRANQUILLA,"1,996",54,8,ATLÁNTICO,8001,Municipio,-74.815546,10.977961,
932,BARRANQUILLA,"1,997",58,8,ATLÁNTICO,8001,Municipio,-74.815546,10.977961,
933,BARRANQUILLA,"1,998",52,8,ATLÁNTICO,8001,Municipio,-74.815546,10.977961,
934,BARRANQUILLA,"1,999",55,8,ATLÁNTICO,8001,Municipio,-74.815546,10.977961,
935,BARRANQUILLA,"2,000",55,8,ATLÁNTICO,8001,Municipio,-74.815546,10.977961,
936,BARRANQUILLA,"2,001",46,8,ATLÁNTICO,8001,Municipio,-74.815546,10.977961,
937,BARRANQUILLA,"2,002",49,8,ATLÁNTICO,8001,Municipio,-74.815546,10.977961,
938,BARRANQUILLA,"2,003",62,8,ATLÁNTICO,8001,Municipio,-74.815546,10.977961,
939,BARRANQUILLA,"2,004",62,8,ATLÁNTICO,8001,Municipio,-74.815546,10.977961,
940,BARRANQUILLA,"2,005",52,8,ATLÁNTICO,8001,Municipio,-74.815546,10.977961,
941,BARRANQUILLA,"2,006",74,8,ATLÁNTICO,8001,Municipio,-74.815546,10.977961,
942,BARRANQUILLA,"2,007",72,8,ATLÁNTICO,8001,Municipio,-74.815546,10.977961,
943,BARRANQUILLA,"2,008",105,8,ATLÁNTICO,8001,Municipio,-74.815546,10.977961,
944,BARRANQUILLA,"2,009",115,8,ATLÁNTICO,8001,Municipio,-74.815546,10.977961,
945,BARRANQUILLA,"2,010",106,8,ATLÁNTICO,8001,Municipio,-74.815546,10.977961,
946,BARRANQUILLA,"2,011",88,8,ATLÁNTICO,8001,Municipio,-74.815546,10.977961,
947,BARRANQUILLA,"2,012",124,8,ATLÁNTICO,8001,Municipio,-74.815546,10.977961,
948,BARRANQUILLA,"2,013",110,8,ATLÁNTICO,8001,Municipio,-74.815546,10.977961,
949,BARRANQUILLA,"2,014",140,8,ATLÁNTICO,8001,Municipio,-74.815546,10.977961,
950,BARRANQUILLA,"2,015",148,8,ATLÁNTICO,8001,Municipio,-74.815546,10.977961,
951,BARRANQUILLA,"2,016",166,8,ATLÁNTICO,8001,Municipio,-74.815546,10.977961,
952,BARRANQUILLA,"2,017",196,8,ATLÁNTICO,8001,Municipio,-74.815546,10.977961,
953,BARRANQUILLA,"2,018",180,8,ATLÁNTICO,8001,Municipio,-74.815546,10.977961,
954,BARRANQUILLA,"2,019",183,8,ATLÁNTICO,8001,Municipio,-74.815546,10.977961,
955,BECERRIL,"1,995",1,20,CESAR,20045,Municipio,-73.278707,9.704404,
956,BECERRIL,"2,002",1,20,CESAR,20045,Municipio,-73.278707,9.704404,
957,BECERRIL,"2,014",1,20,CESAR,20045,Municipio,-73.278707,9.704404,
958,BELALCÁZAR,"1,988",1,17,CALDAS,17088,Municipio,-75.811918,4.993785,
959,BELALCÁZAR,"1,989",1,17,CALDAS,17088,Municipio,-75.811918,4.993785,
960,BELALCÁZAR,"1,994",2,17,CALDAS,17088,Municipio,-75.811918,4.993785,
961,BELALCÁZAR,"1,996",1,17,CALDAS,17088,Municipio,-75.811918,4.993785,
962,BELALCÁZAR,"2,001",2,17,CALDAS,17088,Municipio,-75.811918,4.993785,
963,BELALCÁZAR,"2,004",1,17,CALDAS,17088,Municipio,-75.811918,4.993785,
964,BELALCÁZAR,"2,006",1,17,CALDAS,17088,Municipio,-75.811918,4.993785,
965,BELALCÁZAR,"2,010",1,17,CALDAS,17088,Municipio,-75.811918,4.993785,
966,BELALCÁZAR,"2,012",1,17,CALDAS,17088,Municipio,-75.811918,4.993785,
967,BELALCÁZAR,"2,015",2,17,CALDAS,17088,Municipio,-75.811918,4.993785,
968,BELALCÁZAR,"2,016",1,17,CALDAS,17088,Municipio,-75.811918,4.993785,
969,BELALCÁZAR,"2,019",1,17,CALDAS,17088,Municipio,-75.811918,4.993785,
970,BELLO,"1,985",2,5,ANTIOQUIA,5088,Municipio,-75.555245,6.333587,
971,BELLO,"1,986",6,5,ANTIOQUIA,5088,Municipio,-75.555245,6.333587,
972,BELLO,"1,987",5,5,ANTIOQUIA,5088,Municipio,-75.555245,6.333587,
973,BELLO,"1,988",4,5,ANTIOQUIA,5088,Municipio,-75.555245,6.333587,
974,BELLO,"1,989",3,5,ANTIOQUIA,5088,Municipio,-75.555245,6.333587,
975,BELLO,"1,990",8,5,ANTIOQUIA,5088,Municipio,-75.555245,6.333587,
976,BELLO,"1,991",7,5,ANTIOQUIA,5088,Municipio,-75.555245,6.333587,
977,BELLO,"1,992",11,5,ANTIOQUIA,5088,Municipio,-75.555245,6.333587,
978,BELLO,"1,993",5,5,ANTIOQUIA,5088,Municipio,-75.555245,6.333587,
979,BELLO,"1,994",10,5,ANTIOQUIA,5088,Municipio,-75.555245,6.333587,
980,BELLO,"1,995",6,5,ANTIOQUIA,5088,Municipio,-75.555245,6.333587,
981,BELLO,"1,996",8,5,ANTIOQUIA,5088,Municipio,-75.555245,6.333587,
982,BELLO,"1,997",9,5,ANTIOQUIA,5088,Municipio,-75.555245,6.333587,
983,BELLO,"1,998",8,5,ANTIOQUIA,5088,Municipio,-75.555245,6.333587,
984,BELLO,"1,999",13,5,ANTIOQUIA,5088,Municipio,-75.555245,6.333587,
985,BELLO,"2,000",15,5,ANTIOQUIA,5088,Municipio,-75.555245,6.333587,
986,BELLO,"2,001",10,5,ANTIOQUIA,5088,Municipio,-75.555245,6.333587,
987,BELLO,"2,002",12,5,ANTIOQUIA,5088,Municipio,-75.555245,6.333587,
988,BELLO,"2,003",12,5,ANTIOQUIA,5088,Municipio,-75.555245,6.333587,
989,BELLO,"2,004",13,5,ANTIOQUIA,5088,Municipio,-75.555245,6.333587,
990,BELLO,"2,005",15,5,ANTIOQUIA,5088,Municipio,-75.555245,6.333587,
991,BELLO,"2,006",16,5,ANTIOQUIA,5088,Municipio,-75.555245,6.333587,
992,BELLO,"2,007",12,5,ANTIOQUIA,5088,Municipio,-75.555245,6.333587,
993,BELLO,"2,008",17,5,ANTIOQUIA,5088,Municipio,-75.555245,6.333587,
994,BELLO,"2,009",20,5,ANTIOQUIA,5088,Municipio,-75.555245,6.333587,
995,BELLO,"2,010",23,5,ANTIOQUIA,5088,Municipio,-75.555245,6.333587,
996,BELLO,"2,011",10,5,ANTIOQUIA,5088,Municipio,-75.555245,6.333587,
997,BELLO,"2,012",17,5,ANTIOQUIA,5088,Municipio,-75.555245,6.333587,
998,BELLO,"2,013",14,5,ANTIOQUIA,5088,Municipio,-75.555245,6.333587,
999,BELLO,"2,014",13,5,ANTIOQUIA,5088,Municipio,-75.555245,6.333587,
1000,BELLO,"2,015",15,5,ANTIOQUIA,5088,Municipio,-75.555245,6.333587,
1001,BELLO,"2,016",17,5,ANTIOQUIA,5088,Municipio,-75.555245,6.333587,
1002,BELLO,"2,017",11,5,ANTIOQUIA,5088,Municipio,-75.555245,6.333587,
1003,BELLO,"2,018",16,5,ANTIOQUIA,5088,Municipio,-75.555245,6.333587,
1004,BELLO,"2,019",16,5,ANTIOQUIA,5088,Municipio,-75.555245,6.333587,
1005,BELTRÁN,"2,008",1,25,CUNDINAMARCA,25086,Municipio,-74.741666,4.802832,
1006,BELÉN,"1,994",1,15,BOYACÁ,15087,Municipio,-72.911641,5.98923,
1007,BELÉN,"1,994",1,52,NARIÑO,52083,Municipio,-77.015619,1.595681,
1008,BELÉN,"1,999",1,15,BOYACÁ,15087,Municipio,-72.911641,5.98923,
1009,BELÉN,"1,999",1,52,NARIÑO,52083,Municipio,-77.015619,1.595681,
1010,BELÉN,"2,003",1,15,BOYACÁ,15087,Municipio,-72.911641,5.98923,
1011,BELÉN,"2,003",1,52,NARIÑO,52083,Municipio,-77.015619,1.595681,
1012,BELÉN,"2,004",1,15,BOYACÁ,15087,Municipio,-72.911641,5.98923,
1013,BELÉN,"2,004",1,52,NARIÑO,52083,Municipio,-77.015619,1.595681,
1014,BELÉN,"2,005",1,15,BOYACÁ,15087,Municipio,-72.911641,5.98923,
1015,BELÉN,"2,005",1,52,NARIÑO,52083,Municipio,-77.015619,1.595681,
1016,BELÉN,"2,010",1,15,BOYACÁ,15087,Municipio,-72.911641,5.98923,
1017,BELÉN,"2,010",1,52,NARIÑO,52083,Municipio,-77.015619,1.595681,
1018,BELÉN,"2,014",3,15,BOYACÁ,15087,Municipio,-72.911641,5.98923,
1019,BELÉN,"2,014",3,52,NARIÑO,52083,Municipio,-77.015619,1.595681,
1020,BELÉN,"2,015",4,15,BOYACÁ,15087,Municipio,-72.911641,5.98923,
1021,BELÉN,"2,015",4,52,NARIÑO,52083,Municipio,-77.015619,1.595681,
1022,BELÉN,"2,016",2,15,BOYACÁ,15087,Municipio,-72.911641,5.98923,
1023,BELÉN,"2,016",2,52,NARIÑO,52083,Municipio,-77.015619,1.595681,
1024,BELÉN,"2,017",1,15,BOYACÁ,15087,Municipio,-72.911641,5.98923,
1025,BELÉN,"2,017",1,52,NARIÑO,52083,Municipio,-77.015619,1.595681,
1026,BELÉN DE LOS ANDAQUÍES,"1,990",1,18,CAQUETÁ,18094,Municipio,-75.872405,1.415812,
1027,BELÉN DE LOS ANDAQUÍES,"1,993",1,18,CAQUETÁ,18094,Municipio,-75.872405,1.415812,
1028,BELÉN DE LOS ANDAQUÍES,"1,996",1,18,CAQUETÁ,18094,Municipio,-75.872405,1.415812,
1029,BELÉN DE LOS ANDAQUÍES,"2,003",1,18,CAQUETÁ,18094,Municipio,-75.872405,1.415812,
1030,BELÉN DE LOS ANDAQUÍES,"2,007",1,18,CAQUETÁ,18094,Municipio,-75.872405,1.415812,
1031,BELÉN DE LOS ANDAQUÍES,"2,011",1,18,CAQUETÁ,18094,Municipio,-75.872405,1.415812,
1032,BELÉN DE UMBRÍA,"1,986",2,66,RISARALDA,66088,Municipio,-75.868334,5.200793,
1033,BELÉN DE UMBRÍA,"1,990",1,66,RISARALDA,66088,Municipio,-75.868334,5.200793,
1034,BELÉN DE UMBRÍA,"1,991",2,66,RISARALDA,66088,Municipio,-75.868334,5.200793,
1035,BELÉN DE UMBRÍA,"1,992",1,66,RISARALDA,66088,Municipio,-75.868334,5.200793,
1036,BELÉN DE UMBRÍA,"1,993",3,66,RISARALDA,66088,Municipio,-75.868334,5.200793,
1037,BELÉN DE UMBRÍA,"1,996",1,66,RISARALDA,66088,Municipio,-75.868334,5.200793,
1038,BELÉN DE UMBRÍA,"1,998",2,66,RISARALDA,66088,Municipio,-75.868334,5.200793,
1039,BELÉN DE UMBRÍA,"2,000",2,66,RISARALDA,66088,Municipio,-75.868334,5.200793,
1040,BELÉN DE UMBRÍA,"2,006",1,66,RISARALDA,66088,Municipio,-75.868334,5.200793,
1041,BELÉN DE UMBRÍA,"2,007",2,66,RISARALDA,66088,Municipio,-75.868334,5.200793,
1042,BELÉN DE UMBRÍA,"2,008",3,66,RISARALDA,66088,Municipio,-75.868334,5.200793,
1043,BELÉN DE UMBRÍA,"2,009",1,66,RISARALDA,66088,Municipio,-75.868334,5.200793,
1044,BELÉN DE UMBRÍA,"2,010",3,66,RISARALDA,66088,Municipio,-75.868334,5.200793,
1045,BELÉN DE UMBRÍA,"2,012",1,66,RISARALDA,66088,Municipio,-75.868334,5.200793,
1046,BELÉN DE UMBRÍA,"2,013",1,66,RISARALDA,66088,Municipio,-75.868334,5.200793,
1047,BELÉN DE UMBRÍA,"2,014",3,66,RISARALDA,66088,Municipio,-75.868334,5.200793,
1048,BELÉN DE UMBRÍA,"2,015",1,66,RISARALDA,66088,Municipio,-75.868334,5.200793,
1049,BELÉN DE UMBRÍA,"2,016",1,66,RISARALDA,66088,Municipio,-75.868334,5.200793,
1050,BERBEO,"1,997",1,15,BOYACÁ,15090,Municipio,-73.12721,5.227451,
1051,BERBEO,"2,018",1,15,BOYACÁ,15090,Municipio,-73.12721,5.227451,
1052,BETANIA,"1,985",2,5,ANTIOQUIA,5091,Municipio,-75.97679,5.74615,
1053,BETANIA,"1,996",1,5,ANTIOQUIA,5091,Municipio,-75.97679,5.74615,
1054,BETANIA,"2,001",1,5,ANTIOQUIA,5091,Municipio,-75.97679,5.74615,
1055,BETULIA,"1,986",1,5,ANTIOQUIA,5093,Municipio,-75.984452,6.115208,
1056,BETULIA,"1,986",1,68,SANTANDER,68092,Municipio,-73.283669,6.899525,
1057,BETULIA,"1,987",1,5,ANTIOQUIA,5093,Municipio,-75.984452,6.115208,
1058,BETULIA,"1,987",1,68,SANTANDER,68092,Municipio,-73.283669,6.899525,
1059,BETULIA,"1,994",1,5,ANTIOQUIA,5093,Municipio,-75.984452,6.115208,
1060,BETULIA,"1,994",1,68,SANTANDER,68092,Municipio,-73.283669,6.899525,
1061,BETULIA,"1,997",2,5,ANTIOQUIA,5093,Municipio,-75.984452,6.115208,
1062,BETULIA,"1,997",2,68,SANTANDER,68092,Municipio,-73.283669,6.899525,
1063,BETULIA,"1,998",1,5,ANTIOQUIA,5093,Municipio,-75.984452,6.115208,
1064,BETULIA,"1,998",1,68,SANTANDER,68092,Municipio,-73.283669,6.899525,
1065,BETULIA,"2,003",1,5,ANTIOQUIA,5093,Municipio,-75.984452,6.115208,
1066,BETULIA,"2,003",1,68,SANTANDER,68092,Municipio,-73.283669,6.899525,
1067,BETULIA,"2,004",1,5,ANTIOQUIA,5093,Municipio,-75.984452,6.115208,
1068,BETULIA,"2,004",1,68,SANTANDER,68092,Municipio,-73.283669,6.899525,
1069,BETULIA,"2,008",1,5,ANTIOQUIA,5093,Municipio,-75.984452,6.115208,
1070,BETULIA,"2,008",1,68,SANTANDER,68092,Municipio,-73.283669,6.899525,
1071,BETULIA,"2,011",1,5,ANTIOQUIA,5093,Municipio,-75.984452,6.115208,
1072,BETULIA,"2,011",1,68,SANTANDER,68092,Municipio,-73.283669,6.899525,
1073,BETULIA,"2,012",1,5,ANTIOQUIA,5093,Municipio,-75.984452,6.115208,
1074,BETULIA,"2,012",1,68,SANTANDER,68092,Municipio,-73.283669,6.899525,
1075,BETULIA,"2,015",1,5,ANTIOQUIA,5093,Municipio,-75.984452,6.115208,
1076,BETULIA,"2,015",1,68,SANTANDER,68092,Municipio,-73.283669,6.899525,
1077,BETULIA,"2,017",1,5,ANTIOQUIA,5093,Municipio,-75.984452,6.115208,
1078,BETULIA,"2,017",1,68,SANTANDER,68092,Municipio,-73.283669,6.899525,
1079,BETULIA,"2,018",1,5,ANTIOQUIA,5093,Municipio,-75.984452,6.115208,
1080,BETULIA,"2,018",1,68,SANTANDER,68092,Municipio,-73.283669,6.899525,
1081,BETULIA,"2,019",1,5,ANTIOQUIA,5093,Municipio,-75.984452,6.115208,
1082,BETULIA,"2,019",1,68,SANTANDER,68092,Municipio,-73.283669,6.899525,
1083,BETÉITIVA,"2,005",1,15,BOYACÁ,15092,Municipio,-72.809014,5.909978,
1084,BITUIMA,"2,002",1,25,CUNDINAMARCA,25095,Municipio,-74.539609,4.872171,
1085,BITUIMA,"2,007",1,25,CUNDINAMARCA,25095,Municipio,-74.539609,4.872171,
1086,BITUIMA,"2,011",1,25,CUNDINAMARCA,25095,Municipio,-74.539609,4.872171,
1087,BOAVITA,"1,997",1,15,BOYACÁ,15097,Municipio,-72.584905,6.330703,
1088,BOAVITA,"2,000",1,15,BOYACÁ,15097,Municipio,-72.584905,6.330703,
1089,BOAVITA,"2,002",1,15,BOYACÁ,15097,Municipio,-72.584905,6.330703,
1090,BOAVITA,"2,015",1,15,BOYACÁ,15097,Municipio,-72.584905,6.330703,
1091,BOCHALEMA,"1,989",1,54,NORTE DE SANTANDER,54099,Municipio,-72.64701,7.612192,
1092,BOCHALEMA,"1,990",1,54,NORTE DE SANTANDER,54099,Municipio,-72.64701,7.612192,
1093,BOCHALEMA,"1,997",1,54,NORTE DE SANTANDER,54099,Municipio,-72.64701,7.612192,
1094,BOCHALEMA,"2,003",1,54,NORTE DE SANTANDER,54099,Municipio,-72.64701,7.612192,
1095,BOCHALEMA,"2,004",1,54,NORTE DE SANTANDER,54099,Municipio,-72.64701,7.612192,
1096,BOCHALEMA,"2,010",1,54,NORTE DE SANTANDER,54099,Municipio,-72.64701,7.612192,
1097,"BOGOTÁ, D.C.","1,985",193,11,"BOGOTÁ, D.C.",11001,Municipio,-74.106992,4.649251,
1098,"BOGOTÁ, D.C.","1,986",159,11,"BOGOTÁ, D.C.",11001,Municipio,-74.106992,4.649251,
1099,"BOGOTÁ, D.C.","1,987",230,11,"BOGOTÁ, D.C.",11001,Municipio,-74.106992,4.649251,
1100,"BOGOTÁ, D.C.","1,988",179,11,"BOGOTÁ, D.C.",11001,Municipio,-74.106992,4.649251,
1101,"BOGOTÁ, D.C.","1,989",239,11,"BOGOTÁ, D.C.",11001,Municipio,-74.106992,4.649251,
1102,"BOGOTÁ, D.C.","1,990",253,11,"BOGOTÁ, D.C.",11001,Municipio,-74.106992,4.649251,
1103,"BOGOTÁ, D.C.","1,991",258,11,"BOGOTÁ, D.C.",11001,Municipio,-74.106992,4.649251,
1104,"BOGOTÁ, D.C.","1,992",279,11,"BOGOTÁ, D.C.",11001,Municipio,-74.106992,4.649251,
1105,"BOGOTÁ, D.C.","1,993",261,11,"BOGOTÁ, D.C.",11001,Municipio,-74.106992,4.649251,
1106,"BOGOTÁ, D.C.","1,994",257,11,"BOGOTÁ, D.C.",11001,Municipio,-74.106992,4.649251,
1107,"BOGOTÁ, D.C.","1,995",298,11,"BOGOTÁ, D.C.",11001,Municipio,-74.106992,4.649251,
1108,"BOGOTÁ, D.C.","1,996",332,11,"BOGOTÁ, D.C.",11001,Municipio,-74.106992,4.649251,
1109,"BOGOTÁ, D.C.","1,997",340,11,"BOGOTÁ, D.C.",11001,Municipio,-74.106992,4.649251,
1110,"BOGOTÁ, D.C.","1,998",226,11,"BOGOTÁ, D.C.",11001,Municipio,-74.106992,4.649251,
1111,"BOGOTÁ, D.C.","1,999",248,11,"BOGOTÁ, D.C.",11001,Municipio,-74.106992,4.649251,
1112,"BOGOTÁ, D.C.","2,000",281,11,"BOGOTÁ, D.C.",11001,Municipio,-74.106992,4.649251,
1113,"BOGOTÁ, D.C.","2,001",265,11,"BOGOTÁ, D.C.",11001,Municipio,-74.106992,4.649251,
1114,"BOGOTÁ, D.C.","2,002",294,11,"BOGOTÁ, D.C.",11001,Municipio,-74.106992,4.649251,
1115,"BOGOTÁ, D.C.","2,003",336,11,"BOGOTÁ, D.C.",11001,Municipio,-74.106992,4.649251,
1116,"BOGOTÁ, D.C.","2,004",360,11,"BOGOTÁ, D.C.",11001,Municipio,-74.106992,4.649251,
1117,"BOGOTÁ, D.C.","2,005",363,11,"BOGOTÁ, D.C.",11001,Municipio,-74.106992,4.649251,
1118,"BOGOTÁ, D.C.","2,006",432,11,"BOGOTÁ, D.C.",11001,Municipio,-74.106992,4.649251,
1119,"BOGOTÁ, D.C.","2,007",446,11,"BOGOTÁ, D.C.",11001,Municipio,-74.106992,4.649251,
1120,"BOGOTÁ, D.C.","2,008",613,11,"BOGOTÁ, D.C.",11001,Municipio,-74.106992,4.649251,
1121,"BOGOTÁ, D.C.","2,009",629,11,"BOGOTÁ, D.C.",11001,Municipio,-74.106992,4.649251,
1122,"BOGOTÁ, D.C.","2,010",654,11,"BOGOTÁ, D.C.",11001,Municipio,-74.106992,4.649251,
1123,"BOGOTÁ, D.C.","2,011",691,11,"BOGOTÁ, D.C.",11001,Municipio,-74.106992,4.649251,
1124,"BOGOTÁ, D.C.","2,012",668,11,"BOGOTÁ, D.C.",11001,Municipio,-74.106992,4.649251,
1125,"BOGOTÁ, D.C.","2,013",768,11,"BOGOTÁ, D.C.",11001,Municipio,-74.106992,4.649251,
1126,"BOGOTÁ, D.C.","2,014",764,11,"BOGOTÁ, D.C.",11001,Municipio,-74.106992,4.649251,
1127,"BOGOTÁ, D.C.","2,015",819,11,"BOGOTÁ, D.C.",11001,Municipio,-74.106992,4.649251,
1128,"BOGOTÁ, D.C.","2,016",891,11,"BOGOTÁ, D.C.",11001,Municipio,-74.106992,4.649251,
1129,"BOGOTÁ, D.C.","2,017",861,11,"BOGOTÁ, D.C.",11001,Municipio,-74.106992,4.649251,
1130,"BOGOTÁ, D.C.","2,018",854,11,"BOGOTÁ, D.C.",11001,Municipio,-74.106992,4.649251,
1131,"BOGOTÁ, D.C.","2,019",1074,11,"BOGOTÁ, D.C.",11001,Municipio,-74.106992,4.649251,
1132,BOJACÁ,"1,987",2,25,CUNDINAMARCA,25099,Municipio,-74.344594,4.737205,
1133,BOJACÁ,"1,991",1,25,CUNDINAMARCA,25099,Municipio,-74.344594,4.737205,
1134,BOJACÁ,"1,993",1,25,CUNDINAMARCA,25099,Municipio,-74.344594,4.737205,
1135,BOJACÁ,"2,002",1,25,CUNDINAMARCA,25099,Municipio,-74.344594,4.737205,
1136,BOJACÁ,"2,007",1,25,CUNDINAMARCA,25099,Municipio,-74.344594,4.737205,
1137,BOJACÁ,"2,012",1,25,CUNDINAMARCA,25099,Municipio,-74.344594,4.737205,
1138,BOJACÁ,"2,014",1,25,CUNDINAMARCA,25099,Municipio,-74.344594,4.737205,
1139,BOLÍVAR,"1,985",1,19,CAUCA,19100,Municipio,-76.966215,1.837538,
1140,BOLÍVAR,"1,985",1,68,SANTANDER,68101,Municipio,-73.771346,5.988953,
1141,BOLÍVAR,"1,985",1,76,VALLE DEL CAUCA,76100,Municipio,-76.183583,4.337846,
1142,BOLÍVAR,"1,988",4,19,CAUCA,19100,Municipio,-76.966215,1.837538,
1143,BOLÍVAR,"1,988",4,68,SANTANDER,68101,Municipio,-73.771346,5.988953,
1144,BOLÍVAR,"1,988",4,76,VALLE DEL CAUCA,76100,Municipio,-76.183583,4.337846,
1145,BOLÍVAR,"1,990",1,19,CAUCA,19100,Municipio,-76.966215,1.837538,
1146,BOLÍVAR,"1,990",1,68,SANTANDER,68101,Municipio,-73.771346,5.988953,
1147,BOLÍVAR,"1,990",1,76,VALLE DEL CAUCA,76100,Municipio,-76.183583,4.337846,
1148,BOLÍVAR,"1,992",1,19,CAUCA,19100,Municipio,-76.966215,1.837538,
1149,BOLÍVAR,"1,992",1,68,SANTANDER,68101,Municipio,-73.771346,5.988953,
1150,BOLÍVAR,"1,992",1,76,VALLE DEL CAUCA,76100,Municipio,-76.183583,4.337846,
1151,BOLÍVAR,"1,993",2,19,CAUCA,19100,Municipio,-76.966215,1.837538,
1152,BOLÍVAR,"1,993",2,68,SANTANDER,68101,Municipio,-73.771346,5.988953,
1153,BOLÍVAR,"1,993",2,76,VALLE DEL CAUCA,76100,Municipio,-76.183583,4.337846,
1154,BOLÍVAR,"1,994",2,19,CAUCA,19100,Municipio,-76.966215,1.837538,
1155,BOLÍVAR,"1,994",2,68,SANTANDER,68101,Municipio,-73.771346,5.988953,
1156,BOLÍVAR,"1,994",2,76,VALLE DEL CAUCA,76100,Municipio,-76.183583,4.337846,
1157,BOLÍVAR,"1,995",3,19,CAUCA,19100,Municipio,-76.966215,1.837538,
1158,BOLÍVAR,"1,995",3,68,SANTANDER,68101,Municipio,-73.771346,5.988953,
1159,BOLÍVAR,"1,995",3,76,VALLE DEL CAUCA,76100,Municipio,-76.183583,4.337846,
1160,BOLÍVAR,"1,996",2,19,CAUCA,19100,Municipio,-76.966215,1.837538,
1161,BOLÍVAR,"1,996",2,68,SANTANDER,68101,Municipio,-73.771346,5.988953,
1162,BOLÍVAR,"1,996",2,76,VALLE DEL CAUCA,76100,Municipio,-76.183583,4.337846,
1163,BOLÍVAR,"1,998",2,19,CAUCA,19100,Municipio,-76.966215,1.837538,
1164,BOLÍVAR,"1,998",2,68,SANTANDER,68101,Municipio,-73.771346,5.988953,
1165,BOLÍVAR,"1,998",2,76,VALLE DEL CAUCA,76100,Municipio,-76.183583,4.337846,
1166,BOLÍVAR,"1,999",1,19,CAUCA,19100,Municipio,-76.966215,1.837538,
1167,BOLÍVAR,"1,999",1,68,SANTANDER,68101,Municipio,-73.771346,5.988953,
1168,BOLÍVAR,"1,999",1,76,VALLE DEL CAUCA,76100,Municipio,-76.183583,4.337846,
1169,BOLÍVAR,"2,001",1,19,CAUCA,19100,Municipio,-76.966215,1.837538,
1170,BOLÍVAR,"2,001",1,68,SANTANDER,68101,Municipio,-73.771346,5.988953,
1171,BOLÍVAR,"2,001",1,76,VALLE DEL CAUCA,76100,Municipio,-76.183583,4.337846,
1172,BOLÍVAR,"2,002",1,19,CAUCA,19100,Municipio,-76.966215,1.837538,
1173,BOLÍVAR,"2,002",1,68,SANTANDER,68101,Municipio,-73.771346,5.988953,
1174,BOLÍVAR,"2,002",1,76,VALLE DEL CAUCA,76100,Municipio,-76.183583,4.337846,
1175,BOLÍVAR,"2,007",3,19,CAUCA,19100,Municipio,-76.966215,1.837538,
1176,BOLÍVAR,"2,007",3,68,SANTANDER,68101,Municipio,-73.771346,5.988953,
1177,BOLÍVAR,"2,007",3,76,VALLE DEL CAUCA,76100,Municipio,-76.183583,4.337846,
1178,BOLÍVAR,"2,008",2,19,CAUCA,19100,Municipio,-76.966215,1.837538,
1179,BOLÍVAR,"2,008",2,68,SANTANDER,68101,Municipio,-73.771346,5.988953,
1180,BOLÍVAR,"2,008",2,76,VALLE DEL CAUCA,76100,Municipio,-76.183583,4.337846,
1181,BOLÍVAR,"2,009",1,19,CAUCA,19100,Municipio,-76.966215,1.837538,
1182,BOLÍVAR,"2,009",1,68,SANTANDER,68101,Municipio,-73.771346,5.988953,
1183,BOLÍVAR,"2,009",1,76,VALLE DEL CAUCA,76100,Municipio,-76.183583,4.337846,
1184,BOLÍVAR,"2,011",3,19,CAUCA,19100,Municipio,-76.966215,1.837538,
1185,BOLÍVAR,"2,011",3,68,SANTANDER,68101,Municipio,-73.771346,5.988953,
1186,BOLÍVAR,"2,011",3,76,VALLE DEL CAUCA,76100,Municipio,-76.183583,4.337846,
1187,BOLÍVAR,"2,012",1,19,CAUCA,19100,Municipio,-76.966215,1.837538,
1188,BOLÍVAR,"2,012",1,68,SANTANDER,68101,Municipio,-73.771346,5.988953,
1189,BOLÍVAR,"2,012",1,76,VALLE DEL CAUCA,76100,Municipio,-76.183583,4.337846,
1190,BOLÍVAR,"2,014",1,19,CAUCA,19100,Municipio,-76.966215,1.837538,
1191,BOLÍVAR,"2,014",1,68,SANTANDER,68101,Municipio,-73.771346,5.988953,
1192,BOLÍVAR,"2,014",1,76,VALLE DEL CAUCA,76100,Municipio,-76.183583,4.337846,
1193,BOLÍVAR,"2,015",2,19,CAUCA,19100,Municipio,-76.966215,1.837538,
1194,BOLÍVAR,"2,015",2,68,SANTANDER,68101,Municipio,-73.771346,5.988953,
1195,BOLÍVAR,"2,015",2,76,VALLE DEL CAUCA,76100,Municipio,-76.183583,4.337846,
1196,BOLÍVAR,"2,016",1,19,CAUCA,19100,Municipio,-76.966215,1.837538,
1197,BOLÍVAR,"2,016",1,68,SANTANDER,68101,Municipio,-73.771346,5.988953,
1198,BOLÍVAR,"2,016",1,76,VALLE DEL CAUCA,76100,Municipio,-76.183583,4.337846,
1199,BOLÍVAR,"2,017",2,19,CAUCA,19100,Municipio,-76.966215,1.837538,
1200,BOLÍVAR,"2,017",2,68,SANTANDER,68101,Municipio,-73.771346,5.988953,
1201,BOLÍVAR,"2,017",2,76,VALLE DEL CAUCA,76100,Municipio,-76.183583,4.337846,
1202,BOLÍVAR,"2,018",1,19,CAUCA,19100,Municipio,-76.966215,1.837538,
1203,BOLÍVAR,"2,018",1,68,SANTANDER,68101,Municipio,-73.771346,5.988953,
1204,BOLÍVAR,"2,018",1,76,VALLE DEL CAUCA,76100,Municipio,-76.183583,4.337846,
1205,BOSCONIA,"1,997",1,20,CESAR,20060,Municipio,-73.888761,9.975098,
1206,BOSCONIA,"1,999",1,20,CESAR,20060,Municipio,-73.888761,9.975098,
1207,BOSCONIA,"2,002",1,20,CESAR,20060,Municipio,-73.888761,9.975098,
1208,BOSCONIA,"2,003",1,20,CESAR,20060,Municipio,-73.888761,9.975098,
1209,BOSCONIA,"2,010",1,20,CESAR,20060,Municipio,-73.888761,9.975098,
1210,BOSCONIA,"2,011",1,20,CESAR,20060,Municipio,-73.888761,9.975098,
1211,BOSCONIA,"2,013",1,20,CESAR,20060,Municipio,-73.888761,9.975098,
1212,BOSCONIA,"2,016",1,20,CESAR,20060,Municipio,-73.888761,9.975098,
1213,BOSCONIA,"2,018",1,20,CESAR,20060,Municipio,-73.888761,9.975098,
1214,BOSCONIA,"2,019",2,20,CESAR,20060,Municipio,-73.888761,9.975098,
1215,BOYACÁ,"1,994",1,15,BOYACÁ,15104,Municipio,-73.361945,5.454578,
1216,BOYACÁ,"1,997",1,15,BOYACÁ,15104,Municipio,-73.361945,5.454578,
1217,BOYACÁ,"1,998",1,15,BOYACÁ,15104,Municipio,-73.361945,5.454578,
1218,BOYACÁ,"2,001",1,15,BOYACÁ,15104,Municipio,-73.361945,5.454578,
1219,BOYACÁ,"2,003",1,15,BOYACÁ,15104,Municipio,-73.361945,5.454578,
1220,BOYACÁ,"2,009",1,15,BOYACÁ,15104,Municipio,-73.361945,5.454578,
1221,BOYACÁ,"2,011",1,15,BOYACÁ,15104,Municipio,-73.361945,5.454578,
1222,BRICEÑO,"1,994",1,5,ANTIOQUIA,5107,Municipio,-75.55036,7.112803,
1223,BRICEÑO,"1,994",1,15,BOYACÁ,15106,Municipio,-73.92326,5.690879,
1224,BRICEÑO,"1,995",1,5,ANTIOQUIA,5107,Municipio,-75.55036,7.112803,
1225,BRICEÑO,"1,995",1,15,BOYACÁ,15106,Municipio,-73.92326,5.690879,
1226,BRICEÑO,"2,004",1,5,ANTIOQUIA,5107,Municipio,-75.55036,7.112803,
1227,BRICEÑO,"2,004",1,15,BOYACÁ,15106,Municipio,-73.92326,5.690879,
1228,BRICEÑO,"2,018",1,5,ANTIOQUIA,5107,Municipio,-75.55036,7.112803,
1229,BRICEÑO,"2,018",1,15,BOYACÁ,15106,Municipio,-73.92326,5.690879,
1230,BUCARAMANGA,"1,985",17,68,SANTANDER,68001,Municipio,-73.132562,7.11647,
1231,BUCARAMANGA,"1,986",16,68,SANTANDER,68001,Municipio,-73.132562,7.11647,
1232,BUCARAMANGA,"1,987",17,68,SANTANDER,68001,Municipio,-73.132562,7.11647,
1233,BUCARAMANGA,"1,988",22,68,SANTANDER,68001,Municipio,-73.132562,7.11647,
1234,BUCARAMANGA,"1,989",17,68,SANTANDER,68001,Municipio,-73.132562,7.11647,
1235,BUCARAMANGA,"1,990",23,68,SANTANDER,68001,Municipio,-73.132562,7.11647,
1236,BUCARAMANGA,"1,991",25,68,SANTANDER,68001,Municipio,-73.132562,7.11647,
1237,BUCARAMANGA,"1,992",31,68,SANTANDER,68001,Municipio,-73.132562,7.11647,
1238,BUCARAMANGA,"1,993",29,68,SANTANDER,68001,Municipio,-73.132562,7.11647,
1239,BUCARAMANGA,"1,994",32,68,SANTANDER,68001,Municipio,-73.132562,7.11647,
1240,BUCARAMANGA,"1,995",35,68,SANTANDER,68001,Municipio,-73.132562,7.11647,
1241,BUCARAMANGA,"1,996",35,68,SANTANDER,68001,Municipio,-73.132562,7.11647,
1242,BUCARAMANGA,"1,997",30,68,SANTANDER,68001,Municipio,-73.132562,7.11647,
1243,BUCARAMANGA,"1,998",24,68,SANTANDER,68001,Municipio,-73.132562,7.11647,
1244,BUCARAMANGA,"1,999",32,68,SANTANDER,68001,Municipio,-73.132562,7.11647,
1245,BUCARAMANGA,"2,000",31,68,SANTANDER,68001,Municipio,-73.132562,7.11647,
1246,BUCARAMANGA,"2,001",32,68,SANTANDER,68001,Municipio,-73.132562,7.11647,
1247,BUCARAMANGA,"2,002",32,68,SANTANDER,68001,Municipio,-73.132562,7.11647,
1248,BUCARAMANGA,"2,003",48,68,SANTANDER,68001,Municipio,-73.132562,7.11647,
1249,BUCARAMANGA,"2,004",54,68,SANTANDER,68001,Municipio,-73.132562,7.11647,
1250,BUCARAMANGA,"2,005",34,68,SANTANDER,68001,Municipio,-73.132562,7.11647,
1251,BUCARAMANGA,"2,006",43,68,SANTANDER,68001,Municipio,-73.132562,7.11647,
1252,BUCARAMANGA,"2,007",35,68,SANTANDER,68001,Municipio,-73.132562,7.11647,
1253,BUCARAMANGA,"2,008",53,68,SANTANDER,68001,Municipio,-73.132562,7.11647,
1254,BUCARAMANGA,"2,009",70,68,SANTANDER,68001,Municipio,-73.132562,7.11647,
1255,BUCARAMANGA,"2,010",69,68,SANTANDER,68001,Municipio,-73.132562,7.11647,
1256,BUCARAMANGA,"2,011",47,68,SANTANDER,68001,Municipio,-73.132562,7.11647,
1257,BUCARAMANGA,"2,012",51,68,SANTANDER,68001,Municipio,-73.132562,7.11647,
1258,BUCARAMANGA,"2,013",84,68,SANTANDER,68001,Municipio,-73.132562,7.11647,
1259,BUCARAMANGA,"2,014",73,68,SANTANDER,68001,Municipio,-73.132562,7.11647,
1260,BUCARAMANGA,"2,015",81,68,SANTANDER,68001,Municipio,-73.132562,7.11647,
1261,BUCARAMANGA,"2,016",95,68,SANTANDER,68001,Municipio,-73.132562,7.11647,
1262,BUCARAMANGA,"2,017",96,68,SANTANDER,68001,Municipio,-73.132562,7.11647,
1263,BUCARAMANGA,"2,018",95,68,SANTANDER,68001,Municipio,-73.132562,7.11647,
1264,BUCARAMANGA,"2,019",98,68,SANTANDER,68001,Municipio,-73.132562,7.11647,
1265,BUENAVENTURA,"1,985",1,76,VALLE DEL CAUCA,76109,Municipio,-77.01074,3.875708,
1266,BUENAVENTURA,"1,986",2,76,VALLE DEL CAUCA,76109,Municipio,-77.01074,3.875708,
1267,BUENAVENTURA,"1,987",2,76,VALLE DEL CAUCA,76109,Municipio,-77.01074,3.875708,
1268,BUENAVENTURA,"1,988",2,76,VALLE DEL CAUCA,76109,Municipio,-77.01074,3.875708,
1269,BUENAVENTURA,"1,989",1,76,VALLE DEL CAUCA,76109,Municipio,-77.01074,3.875708,
1270,BUENAVENTURA,"1,990",1,76,VALLE DEL CAUCA,76109,Municipio,-77.01074,3.875708,
1271,BUENAVENTURA,"1,991",6,76,VALLE DEL CAUCA,76109,Municipio,-77.01074,3.875708,
1272,BUENAVENTURA,"1,992",6,76,VALLE DEL CAUCA,76109,Municipio,-77.01074,3.875708,
1273,BUENAVENTURA,"1,993",4,76,VALLE DEL CAUCA,76109,Municipio,-77.01074,3.875708,
1274,BUENAVENTURA,"1,994",9,76,VALLE DEL CAUCA,76109,Municipio,-77.01074,3.875708,
1275,BUENAVENTURA,"1,995",2,76,VALLE DEL CAUCA,76109,Municipio,-77.01074,3.875708,
1276,BUENAVENTURA,"1,996",10,76,VALLE DEL CAUCA,76109,Municipio,-77.01074,3.875708,
1277,BUENAVENTURA,"1,998",1,76,VALLE DEL CAUCA,76109,Municipio,-77.01074,3.875708,
1278,BUENAVENTURA,"1,999",1,76,VALLE DEL CAUCA,76109,Municipio,-77.01074,3.875708,
1279,BUENAVENTURA,"2,000",2,76,VALLE DEL CAUCA,76109,Municipio,-77.01074,3.875708,
1280,BUENAVENTURA,"2,001",4,76,VALLE DEL CAUCA,76109,Municipio,-77.01074,3.875708,
1281,BUENAVENTURA,"2,002",6,76,VALLE DEL CAUCA,76109,Municipio,-77.01074,3.875708,
1282,BUENAVENTURA,"2,003",4,76,VALLE DEL CAUCA,76109,Municipio,-77.01074,3.875708,
1283,BUENAVENTURA,"2,004",4,76,VALLE DEL CAUCA,76109,Municipio,-77.01074,3.875708,
1284,BUENAVENTURA,"2,005",5,76,VALLE DEL CAUCA,76109,Municipio,-77.01074,3.875708,
1285,BUENAVENTURA,"2,006",5,76,VALLE DEL CAUCA,76109,Municipio,-77.01074,3.875708,
1286,BUENAVENTURA,"2,007",4,76,VALLE DEL CAUCA,76109,Municipio,-77.01074,3.875708,
1287,BUENAVENTURA,"2,008",5,76,VALLE DEL CAUCA,76109,Municipio,-77.01074,3.875708,
1288,BUENAVENTURA,"2,009",7,76,VALLE DEL CAUCA,76109,Municipio,-77.01074,3.875708,
1289,BUENAVENTURA,"2,010",2,76,VALLE DEL CAUCA,76109,Municipio,-77.01074,3.875708,
1290,BUENAVENTURA,"2,011",4,76,VALLE DEL CAUCA,76109,Municipio,-77.01074,3.875708,
1291,BUENAVENTURA,"2,012",9,76,VALLE DEL CAUCA,76109,Municipio,-77.01074,3.875708,
1292,BUENAVENTURA,"2,013",5,76,VALLE DEL CAUCA,76109,Municipio,-77.01074,3.875708,
1293,BUENAVENTURA,"2,014",6,76,VALLE DEL CAUCA,76109,Municipio,-77.01074,3.875708,
1294,BUENAVENTURA,"2,015",13,76,VALLE DEL CAUCA,76109,Municipio,-77.01074,3.875708,
1295,BUENAVENTURA,"2,016",6,76,VALLE DEL CAUCA,76109,Municipio,-77.01074,3.875708,
1296,BUENAVENTURA,"2,017",7,76,VALLE DEL CAUCA,76109,Municipio,-77.01074,3.875708,
1297,BUENAVENTURA,"2,018",4,76,VALLE DEL CAUCA,76109,Municipio,-77.01074,3.875708,
1298,BUENAVENTURA,"2,019",7,76,VALLE DEL CAUCA,76109,Municipio,-77.01074,3.875708,
1299,BUENAVISTA,"1,987",1,15,BOYACÁ,15109,Municipio,-73.94217,5.512594,
1300,BUENAVISTA,"1,987",1,23,CÓRDOBA,23079,Municipio,-75.480897,8.221187,
1301,BUENAVISTA,"1,987",1,63,QUINDÍO,63111,Municipio,-75.739572,4.360029,
1302,BUENAVISTA,"1,987",1,70,SUCRE,70110,Municipio,-74.972827,9.319794,
1303,BUENAVISTA,"1,998",1,15,BOYACÁ,15109,Municipio,-73.94217,5.512594,
1304,BUENAVISTA,"1,998",1,23,CÓRDOBA,23079,Municipio,-75.480897,8.221187,
1305,BUENAVISTA,"1,998",1,63,QUINDÍO,63111,Municipio,-75.739572,4.360029,
1306,BUENAVISTA,"1,998",1,70,SUCRE,70110,Municipio,-74.972827,9.319794,
1307,BUENAVISTA,"2,011",1,15,BOYACÁ,15109,Municipio,-73.94217,5.512594,
1308,BUENAVISTA,"2,011",1,23,CÓRDOBA,23079,Municipio,-75.480897,8.221187,
1309,BUENAVISTA,"2,011",1,63,QUINDÍO,63111,Municipio,-75.739572,4.360029,
1310,BUENAVISTA,"2,011",1,70,SUCRE,70110,Municipio,-74.972827,9.319794,
1311,BUENAVISTA,"2,012",1,15,BOYACÁ,15109,Municipio,-73.94217,5.512594,
1312,BUENAVISTA,"2,012",1,23,CÓRDOBA,23079,Municipio,-75.480897,8.221187,
1313,BUENAVISTA,"2,012",1,63,QUINDÍO,63111,Municipio,-75.739572,4.360029,
1314,BUENAVISTA,"2,012",1,70,SUCRE,70110,Municipio,-74.972827,9.319794,
1315,BUENAVISTA,"2,015",2,15,BOYACÁ,15109,Municipio,-73.94217,5.512594,
1316,BUENAVISTA,"2,015",2,23,CÓRDOBA,23079,Municipio,-75.480897,8.221187,
1317,BUENAVISTA,"2,015",2,63,QUINDÍO,63111,Municipio,-75.739572,4.360029,
1318,BUENAVISTA,"2,015",2,70,SUCRE,70110,Municipio,-74.972827,9.319794,
1319,BUENAVISTA,"2,017",1,15,BOYACÁ,15109,Municipio,-73.94217,5.512594,
1320,BUENAVISTA,"2,017",1,23,CÓRDOBA,23079,Municipio,-75.480897,8.221187,
1321,BUENAVISTA,"2,017",1,63,QUINDÍO,63111,Municipio,-75.739572,4.360029,
1322,BUENAVISTA,"2,017",1,70,SUCRE,70110,Municipio,-74.972827,9.319794,
1323,BUENAVISTA,"2,018",2,15,BOYACÁ,15109,Municipio,-73.94217,5.512594,
1324,BUENAVISTA,"2,018",2,23,CÓRDOBA,23079,Municipio,-75.480897,8.221187,
1325,BUENAVISTA,"2,018",2,63,QUINDÍO,63111,Municipio,-75.739572,4.360029,
1326,BUENAVISTA,"2,018",2,70,SUCRE,70110,Municipio,-74.972827,9.319794,
1327,BUENOS AIRES,"2,004",1,19,CAUCA,19110,Municipio,-76.642238,3.015382,
1328,BUENOS AIRES,"2,006",1,19,CAUCA,19110,Municipio,-76.642238,3.015382,
1329,BUENOS AIRES,"2,009",1,19,CAUCA,19110,Municipio,-76.642238,3.015382,
1330,BUESACO,"2,002",2,52,NARIÑO,52110,Municipio,-77.156463,1.381453,
1331,BUESACO,"2,006",1,52,NARIÑO,52110,Municipio,-77.156463,1.381453,
1332,BUESACO,"2,016",2,52,NARIÑO,52110,Municipio,-77.156463,1.381453,
1333,BUESACO,"2,018",1,52,NARIÑO,52110,Municipio,-77.156463,1.381453,
1334,BUGALAGRANDE,"1,987",1,76,VALLE DEL CAUCA,76113,Municipio,-76.15682,4.208358,
1335,BUGALAGRANDE,"1,988",1,76,VALLE DEL CAUCA,76113,Municipio,-76.15682,4.208358,
1336,BUGALAGRANDE,"1,989",3,76,VALLE DEL CAUCA,76113,Municipio,-76.15682,4.208358,
1337,BUGALAGRANDE,"1,990",1,76,VALLE DEL CAUCA,76113,Municipio,-76.15682,4.208358,
1338,BUGALAGRANDE,"1,994",2,76,VALLE DEL CAUCA,76113,Municipio,-76.15682,4.208358,
1339,BUGALAGRANDE,"1,995",3,76,VALLE DEL CAUCA,76113,Municipio,-76.15682,4.208358,
1340,BUGALAGRANDE,"1,996",1,76,VALLE DEL CAUCA,76113,Municipio,-76.15682,4.208358,
1341,BUGALAGRANDE,"2,000",1,76,VALLE DEL CAUCA,76113,Municipio,-76.15682,4.208358,
1342,BUGALAGRANDE,"2,006",1,76,VALLE DEL CAUCA,76113,Municipio,-76.15682,4.208358,
1343,BUGALAGRANDE,"2,008",3,76,VALLE DEL CAUCA,76113,Municipio,-76.15682,4.208358,
1344,BUGALAGRANDE,"2,012",1,76,VALLE DEL CAUCA,76113,Municipio,-76.15682,4.208358,
1345,BUGALAGRANDE,"2,013",1,76,VALLE DEL CAUCA,76113,Municipio,-76.15682,4.208358,
1346,BUGALAGRANDE,"2,014",1,76,VALLE DEL CAUCA,76113,Municipio,-76.15682,4.208358,
1347,BUGALAGRANDE,"2,017",1,76,VALLE DEL CAUCA,76113,Municipio,-76.15682,4.208358,
1348,BUGALAGRANDE,"2,018",1,76,VALLE DEL CAUCA,76113,Municipio,-76.15682,4.208358,
1349,BURITICÁ,"2,009",1,5,ANTIOQUIA,5113,Municipio,-75.907,6.720759,
1350,BURITICÁ,"2,011",1,5,ANTIOQUIA,5113,Municipio,-75.907,6.720759,
1351,BUSBANZÁ,"2,003",1,15,BOYACÁ,15114,Municipio,-72.884158,5.831393,
1352,CABRERA,"1,996",1,25,CUNDINAMARCA,25120,Municipio,-74.484549,3.985164,
1353,CABRERA,"1,996",1,68,SANTANDER,68121,Municipio,-73.246475,6.592118,
1354,CABRERA,"1,998",1,25,CUNDINAMARCA,25120,Municipio,-74.484549,3.985164,
1355,CABRERA,"1,998",1,68,SANTANDER,68121,Municipio,-73.246475,6.592118,
1356,CABRERA,"2,009",1,25,CUNDINAMARCA,25120,Municipio,-74.484549,3.985164,
1357,CABRERA,"2,009",1,68,SANTANDER,68121,Municipio,-73.246475,6.592118,
1358,CABRERA,"2,010",1,25,CUNDINAMARCA,25120,Municipio,-74.484549,3.985164,
1359,CABRERA,"2,010",1,68,SANTANDER,68121,Municipio,-73.246475,6.592118,
1360,CABRERA,"2,012",2,25,CUNDINAMARCA,25120,Municipio,-74.484549,3.985164,
1361,CABRERA,"2,012",2,68,SANTANDER,68121,Municipio,-73.246475,6.592118,
1362,CABRERA,"2,017",1,25,CUNDINAMARCA,25120,Municipio,-74.484549,3.985164,
1363,CABRERA,"2,017",1,68,SANTANDER,68121,Municipio,-73.246475,6.592118,
1364,CABUYARO,"2,012",1,50,META,50124,Municipio,-72.791768,4.286705,
1365,CACHIPAY,"1,985",1,25,CUNDINAMARCA,25123,Municipio,-74.435711,4.730957,
1366,CACHIPAY,"1,989",1,25,CUNDINAMARCA,25123,Municipio,-74.435711,4.730957,
1367,CACHIPAY,"1,992",1,25,CUNDINAMARCA,25123,Municipio,-74.435711,4.730957,
1368,CACHIPAY,"1,994",1,25,CUNDINAMARCA,25123,Municipio,-74.435711,4.730957,
1369,CACHIPAY,"2,004",1,25,CUNDINAMARCA,25123,Municipio,-74.435711,4.730957,
1370,CACHIPAY,"2,005",1,25,CUNDINAMARCA,25123,Municipio,-74.435711,4.730957,
1371,CACHIPAY,"2,015",1,25,CUNDINAMARCA,25123,Municipio,-74.435711,4.730957,
1372,CAICEDO,"2,005",3,5,ANTIOQUIA,5125,Municipio,-75.98293,6.405607,
1373,CAICEDO,"2,009",1,5,ANTIOQUIA,5125,Municipio,-75.98293,6.405607,
1374,CAICEDO,"2,013",1,5,ANTIOQUIA,5125,Municipio,-75.98293,6.405607,
1375,CAICEDO,"2,015",1,5,ANTIOQUIA,5125,Municipio,-75.98293,6.405607,
1376,CAICEDONIA,"1,985",2,76,VALLE DEL CAUCA,76122,Municipio,-75.830594,4.334808,
1377,CAICEDONIA,"1,990",3,76,VALLE DEL CAUCA,76122,Municipio,-75.830594,4.334808,
1378,CAICEDONIA,"1,992",1,76,VALLE DEL CAUCA,76122,Municipio,-75.830594,4.334808,
1379,CAICEDONIA,"1,993",1,76,VALLE DEL CAUCA,76122,Municipio,-75.830594,4.334808,
1380,CAICEDONIA,"1,994",3,76,VALLE DEL CAUCA,76122,Municipio,-75.830594,4.334808,
1381,CAICEDONIA,"1,997",3,76,VALLE DEL CAUCA,76122,Municipio,-75.830594,4.334808,
1382,CAICEDONIA,"1,998",1,76,VALLE DEL CAUCA,76122,Municipio,-75.830594,4.334808,
1383,CAICEDONIA,"1,999",1,76,VALLE DEL CAUCA,76122,Municipio,-75.830594,4.334808,
1384,CAICEDONIA,"2,000",1,76,VALLE DEL CAUCA,76122,Municipio,-75.830594,4.334808,
1385,CAICEDONIA,"2,001",3,76,VALLE DEL CAUCA,76122,Municipio,-75.830594,4.334808,
1386,CAICEDONIA,"2,002",1,76,VALLE DEL CAUCA,76122,Municipio,-75.830594,4.334808,
1387,CAICEDONIA,"2,003",1,76,VALLE DEL CAUCA,76122,Municipio,-75.830594,4.334808,
1388,CAICEDONIA,"2,006",2,76,VALLE DEL CAUCA,76122,Municipio,-75.830594,4.334808,
1389,CAICEDONIA,"2,007",2,76,VALLE DEL CAUCA,76122,Municipio,-75.830594,4.334808,
1390,CAICEDONIA,"2,009",2,76,VALLE DEL CAUCA,76122,Municipio,-75.830594,4.334808,
1391,CAICEDONIA,"2,012",1,76,VALLE DEL CAUCA,76122,Municipio,-75.830594,4.334808,
1392,CAICEDONIA,"2,013",3,76,VALLE DEL CAUCA,76122,Municipio,-75.830594,4.334808,
1393,CAICEDONIA,"2,014",1,76,VALLE DEL CAUCA,76122,Municipio,-75.830594,4.334808,
1394,CAICEDONIA,"2,015",3,76,VALLE DEL CAUCA,76122,Municipio,-75.830594,4.334808,
1395,CAICEDONIA,"2,016",2,76,VALLE DEL CAUCA,76122,Municipio,-75.830594,4.334808,
1396,CAICEDONIA,"2,017",1,76,VALLE DEL CAUCA,76122,Municipio,-75.830594,4.334808,
1397,CAICEDONIA,"2,018",3,76,VALLE DEL CAUCA,76122,Municipio,-75.830594,4.334808,
1398,CAICEDONIA,"2,019",1,76,VALLE DEL CAUCA,76122,Municipio,-75.830594,4.334808,
1399,CAIMITO,"2,009",1,70,SUCRE,70124,Municipio,-75.117141,8.789324,
1400,CAJAMARCA,"1,989",1,73,TOLIMA,73124,Municipio,-75.431971,4.438812,
1401,CAJAMARCA,"1,992",1,73,TOLIMA,73124,Municipio,-75.431971,4.438812,
1402,CAJAMARCA,"1,994",1,73,TOLIMA,73124,Municipio,-75.431971,4.438812,
1403,CAJAMARCA,"2,001",1,73,TOLIMA,73124,Municipio,-75.431971,4.438812,
1404,CAJAMARCA,"2,003",3,73,TOLIMA,73124,Municipio,-75.431971,4.438812,
1405,CAJAMARCA,"2,004",1,73,TOLIMA,73124,Municipio,-75.431971,4.438812,
1406,CAJAMARCA,"2,011",2,73,TOLIMA,73124,Municipio,-75.431971,4.438812,
1407,CAJAMARCA,"2,012",1,73,TOLIMA,73124,Municipio,-75.431971,4.438812,
1408,CAJAMARCA,"2,014",1,73,TOLIMA,73124,Municipio,-75.431971,4.438812,
1409,CAJAMARCA,"2,017",2,73,TOLIMA,73124,Municipio,-75.431971,4.438812,
1410,CAJAMARCA,"2,018",1,73,TOLIMA,73124,Municipio,-75.431971,4.438812,
1411,CAJAMARCA,"2,019",1,73,TOLIMA,73124,Municipio,-75.431971,4.438812,
1412,CAJIBÍO,"1,987",1,19,CAUCA,19130,Municipio,-76.570682,2.623371,
1413,CAJIBÍO,"1,990",1,19,CAUCA,19130,Municipio,-76.570682,2.623371,
1414,CAJIBÍO,"1,995",1,19,CAUCA,19130,Municipio,-76.570682,2.623371,
1415,CAJIBÍO,"1,998",1,19,CAUCA,19130,Municipio,-76.570682,2.623371,
1416,CAJIBÍO,"2,000",1,19,CAUCA,19130,Municipio,-76.570682,2.623371,
1417,CAJIBÍO,"2,003",1,19,CAUCA,19130,Municipio,-76.570682,2.623371,
1418,CAJIBÍO,"2,007",1,19,CAUCA,19130,Municipio,-76.570682,2.623371,
1419,CAJIBÍO,"2,008",1,19,CAUCA,19130,Municipio,-76.570682,2.623371,
1420,CAJIBÍO,"2,009",2,19,CAUCA,19130,Municipio,-76.570682,2.623371,
1421,CAJIBÍO,"2,013",2,19,CAUCA,19130,Municipio,-76.570682,2.623371,
1422,CAJIBÍO,"2,015",1,19,CAUCA,19130,Municipio,-76.570682,2.623371,
1423,CAJIBÍO,"2,019",3,19,CAUCA,19130,Municipio,-76.570682,2.623371,
1424,CAJICÁ,"1,993",1,25,CUNDINAMARCA,25126,Municipio,-74.02298,4.920009,
1425,CAJICÁ,"1,994",1,25,CUNDINAMARCA,25126,Municipio,-74.02298,4.920009,
1426,CAJICÁ,"1,997",1,25,CUNDINAMARCA,25126,Municipio,-74.02298,4.920009,
1427,CAJICÁ,"1,999",2,25,CUNDINAMARCA,25126,Municipio,-74.02298,4.920009,
1428,CAJICÁ,"2,001",2,25,CUNDINAMARCA,25126,Municipio,-74.02298,4.920009,
1429,CAJICÁ,"2,002",1,25,CUNDINAMARCA,25126,Municipio,-74.02298,4.920009,
1430,CAJICÁ,"2,003",1,25,CUNDINAMARCA,25126,Municipio,-74.02298,4.920009,
1431,CAJICÁ,"2,005",1,25,CUNDINAMARCA,25126,Municipio,-74.02298,4.920009,
1432,CAJICÁ,"2,010",1,25,CUNDINAMARCA,25126,Municipio,-74.02298,4.920009,
1433,CAJICÁ,"2,011",3,25,CUNDINAMARCA,25126,Municipio,-74.02298,4.920009,
1434,CAJICÁ,"2,012",1,25,CUNDINAMARCA,25126,Municipio,-74.02298,4.920009,
1435,CAJICÁ,"2,014",4,25,CUNDINAMARCA,25126,Municipio,-74.02298,4.920009,
1436,CAJICÁ,"2,015",1,25,CUNDINAMARCA,25126,Municipio,-74.02298,4.920009,
1437,CAJICÁ,"2,016",5,25,CUNDINAMARCA,25126,Municipio,-74.02298,4.920009,
1438,CAJICÁ,"2,017",3,25,CUNDINAMARCA,25126,Municipio,-74.02298,4.920009,
1439,CAJICÁ,"2,018",4,25,CUNDINAMARCA,25126,Municipio,-74.02298,4.920009,
1440,CAJICÁ,"2,019",1,25,CUNDINAMARCA,25126,Municipio,-74.02298,4.920009,
1441,CALAMAR,"1,986",1,13,BOLÍVAR,13140,Municipio,-74.916144,10.250431,
1442,CALAMAR,"1,986",1,95,GUAVIARE,95015,Municipio,-72.655197,1.960982,
1443,CALAMAR,"1,995",1,13,BOLÍVAR,13140,Municipio,-74.916144,10.250431,
1444,CALAMAR,"1,995",1,95,GUAVIARE,95015,Municipio,-72.655197,1.960982,
1445,CALAMAR,"1,999",1,13,BOLÍVAR,13140,Municipio,-74.916144,10.250431,
1446,CALAMAR,"1,999",1,95,GUAVIARE,95015,Municipio,-72.655197,1.960982,
1447,CALAMAR,"2,005",1,13,BOLÍVAR,13140,Municipio,-74.916144,10.250431,
1448,CALAMAR,"2,005",1,95,GUAVIARE,95015,Municipio,-72.655197,1.960982,
1449,CALAMAR,"2,008",2,13,BOLÍVAR,13140,Municipio,-74.916144,10.250431,
1450,CALAMAR,"2,008",2,95,GUAVIARE,95015,Municipio,-72.655197,1.960982,
1451,CALAMAR,"2,010",1,13,BOLÍVAR,13140,Municipio,-74.916144,10.250431,
1452,CALAMAR,"2,010",1,95,GUAVIARE,95015,Municipio,-72.655197,1.960982,
1453,CALAMAR,"2,013",2,13,BOLÍVAR,13140,Municipio,-74.916144,10.250431,
1454,CALAMAR,"2,013",2,95,GUAVIARE,95015,Municipio,-72.655197,1.960982,
1455,CALAMAR,"2,019",1,13,BOLÍVAR,13140,Municipio,-74.916144,10.250431,
1456,CALAMAR,"2,019",1,95,GUAVIARE,95015,Municipio,-72.655197,1.960982,
1457,CALARCÁ,"1,985",2,63,QUINDÍO,63130,Municipio,-75.646085,4.520982,
1458,CALARCÁ,"1,986",2,63,QUINDÍO,63130,Municipio,-75.646085,4.520982,
1459,CALARCÁ,"1,987",2,63,QUINDÍO,63130,Municipio,-75.646085,4.520982,
1460,CALARCÁ,"1,988",2,63,QUINDÍO,63130,Municipio,-75.646085,4.520982,
1461,CALARCÁ,"1,989",3,63,QUINDÍO,63130,Municipio,-75.646085,4.520982,
1462,CALARCÁ,"1,990",1,63,QUINDÍO,63130,Municipio,-75.646085,4.520982,
1463,CALARCÁ,"1,991",3,63,QUINDÍO,63130,Municipio,-75.646085,4.520982,
1464,CALARCÁ,"1,992",2,63,QUINDÍO,63130,Municipio,-75.646085,4.520982,
1465,CALARCÁ,"1,993",4,63,QUINDÍO,63130,Municipio,-75.646085,4.520982,
1466,CALARCÁ,"1,994",2,63,QUINDÍO,63130,Municipio,-75.646085,4.520982,
1467,CALARCÁ,"1,995",3,63,QUINDÍO,63130,Municipio,-75.646085,4.520982,
1468,CALARCÁ,"1,996",1,63,QUINDÍO,63130,Municipio,-75.646085,4.520982,
1469,CALARCÁ,"1,997",3,63,QUINDÍO,63130,Municipio,-75.646085,4.520982,
1470,CALARCÁ,"1,998",4,63,QUINDÍO,63130,Municipio,-75.646085,4.520982,
1471,CALARCÁ,"1,999",1,63,QUINDÍO,63130,Municipio,-75.646085,4.520982,
1472,CALARCÁ,"2,000",1,63,QUINDÍO,63130,Municipio,-75.646085,4.520982,
1473,CALARCÁ,"2,001",2,63,QUINDÍO,63130,Municipio,-75.646085,4.520982,
1474,CALARCÁ,"2,002",3,63,QUINDÍO,63130,Municipio,-75.646085,4.520982,
1475,CALARCÁ,"2,003",1,63,QUINDÍO,63130,Municipio,-75.646085,4.520982,
1476,CALARCÁ,"2,005",2,63,QUINDÍO,63130,Municipio,-75.646085,4.520982,
1477,CALARCÁ,"2,007",1,63,QUINDÍO,63130,Municipio,-75.646085,4.520982,
1478,CALARCÁ,"2,008",3,63,QUINDÍO,63130,Municipio,-75.646085,4.520982,
1479,CALARCÁ,"2,009",4,63,QUINDÍO,63130,Municipio,-75.646085,4.520982,
1480,CALARCÁ,"2,010",3,63,QUINDÍO,63130,Municipio,-75.646085,4.520982,
1481,CALARCÁ,"2,011",1,63,QUINDÍO,63130,Municipio,-75.646085,4.520982,
1482,CALARCÁ,"2,012",4,63,QUINDÍO,63130,Municipio,-75.646085,4.520982,
1483,CALARCÁ,"2,013",5,63,QUINDÍO,63130,Municipio,-75.646085,4.520982,
1484,CALARCÁ,"2,014",7,63,QUINDÍO,63130,Municipio,-75.646085,4.520982,
1485,CALARCÁ,"2,015",3,63,QUINDÍO,63130,Municipio,-75.646085,4.520982,
1486,CALARCÁ,"2,016",4,63,QUINDÍO,63130,Municipio,-75.646085,4.520982,
1487,CALARCÁ,"2,017",5,63,QUINDÍO,63130,Municipio,-75.646085,4.520982,
1488,CALARCÁ,"2,018",3,63,QUINDÍO,63130,Municipio,-75.646085,4.520982,
1489,CALARCÁ,"2,019",3,63,QUINDÍO,63130,Municipio,-75.646085,4.520982,
1490,CALDAS,"1,985",5,5,ANTIOQUIA,5129,Municipio,-75.633673,6.091077,
1491,CALDAS,"1,985",5,15,BOYACÁ,15131,Municipio,-73.865553,5.55458,
1492,CALDAS,"1,986",6,5,ANTIOQUIA,5129,Municipio,-75.633673,6.091077,
1493,CALDAS,"1,986",6,15,BOYACÁ,15131,Municipio,-73.865553,5.55458,
1494,CALDAS,"1,987",2,5,ANTIOQUIA,5129,Municipio,-75.633673,6.091077,
1495,CALDAS,"1,987",2,15,BOYACÁ,15131,Municipio,-73.865553,5.55458,
1496,CALDAS,"1,988",4,5,ANTIOQUIA,5129,Municipio,-75.633673,6.091077,
1497,CALDAS,"1,988",4,15,BOYACÁ,15131,Municipio,-73.865553,5.55458,
1498,CALDAS,"1,989",7,5,ANTIOQUIA,5129,Municipio,-75.633673,6.091077,
1499,CALDAS,"1,989",7,15,BOYACÁ,15131,Municipio,-73.865553,5.55458,
1500,CALDAS,"1,990",2,5,ANTIOQUIA,5129,Municipio,-75.633673,6.091077,
1501,CALDAS,"1,990",2,15,BOYACÁ,15131,Municipio,-73.865553,5.55458,
1502,CALDAS,"1,991",1,5,ANTIOQUIA,5129,Municipio,-75.633673,6.091077,
1503,CALDAS,"1,991",1,15,BOYACÁ,15131,Municipio,-73.865553,5.55458,
1504,CALDAS,"1,992",5,5,ANTIOQUIA,5129,Municipio,-75.633673,6.091077,
1505,CALDAS,"1,992",5,15,BOYACÁ,15131,Municipio,-73.865553,5.55458,
1506,CALDAS,"1,993",4,5,ANTIOQUIA,5129,Municipio,-75.633673,6.091077,
1507,CALDAS,"1,993",4,15,BOYACÁ,15131,Municipio,-73.865553,5.55458,
1508,CALDAS,"1,994",1,5,ANTIOQUIA,5129,Municipio,-75.633673,6.091077,
1509,CALDAS,"1,994",1,15,BOYACÁ,15131,Municipio,-73.865553,5.55458,
1510,CALDAS,"1,995",3,5,ANTIOQUIA,5129,Municipio,-75.633673,6.091077,
1511,CALDAS,"1,995",3,15,BOYACÁ,15131,Municipio,-73.865553,5.55458,
1512,CALDAS,"1,996",2,5,ANTIOQUIA,5129,Municipio,-75.633673,6.091077,
1513,CALDAS,"1,996",2,15,BOYACÁ,15131,Municipio,-73.865553,5.55458,
1514,CALDAS,"1,997",4,5,ANTIOQUIA,5129,Municipio,-75.633673,6.091077,
1515,CALDAS,"1,997",4,15,BOYACÁ,15131,Municipio,-73.865553,5.55458,
1516,CALDAS,"1,998",5,5,ANTIOQUIA,5129,Municipio,-75.633673,6.091077,
1517,CALDAS,"1,998",5,15,BOYACÁ,15131,Municipio,-73.865553,5.55458,
1518,CALDAS,"1,999",2,5,ANTIOQUIA,5129,Municipio,-75.633673,6.091077,
1519,CALDAS,"1,999",2,15,BOYACÁ,15131,Municipio,-73.865553,5.55458,
1520,CALDAS,"2,000",2,5,ANTIOQUIA,5129,Municipio,-75.633673,6.091077,
1521,CALDAS,"2,000",2,15,BOYACÁ,15131,Municipio,-73.865553,5.55458,
1522,CALDAS,"2,001",5,5,ANTIOQUIA,5129,Municipio,-75.633673,6.091077,
1523,CALDAS,"2,001",5,15,BOYACÁ,15131,Municipio,-73.865553,5.55458,
1524,CALDAS,"2,002",3,5,ANTIOQUIA,5129,Municipio,-75.633673,6.091077,
1525,CALDAS,"2,002",3,15,BOYACÁ,15131,Municipio,-73.865553,5.55458,
1526,CALDAS,"2,003",4,5,ANTIOQUIA,5129,Municipio,-75.633673,6.091077,
1527,CALDAS,"2,003",4,15,BOYACÁ,15131,Municipio,-73.865553,5.55458,
1528,CALDAS,"2,004",4,5,ANTIOQUIA,5129,Municipio,-75.633673,6.091077,
1529,CALDAS,"2,004",4,15,BOYACÁ,15131,Municipio,-73.865553,5.55458,
1530,CALDAS,"2,005",3,5,ANTIOQUIA,5129,Municipio,-75.633673,6.091077,
1531,CALDAS,"2,005",3,15,BOYACÁ,15131,Municipio,-73.865553,5.55458,
1532,CALDAS,"2,006",6,5,ANTIOQUIA,5129,Municipio,-75.633673,6.091077,
1533,CALDAS,"2,006",6,15,BOYACÁ,15131,Municipio,-73.865553,5.55458,
1534,CALDAS,"2,008",5,5,ANTIOQUIA,5129,Municipio,-75.633673,6.091077,
1535,CALDAS,"2,008",5,15,BOYACÁ,15131,Municipio,-73.865553,5.55458,
1536,CALDAS,"2,009",6,5,ANTIOQUIA,5129,Municipio,-75.633673,6.091077,
1537,CALDAS,"2,009",6,15,BOYACÁ,15131,Municipio,-73.865553,5.55458,
1538,CALDAS,"2,010",9,5,ANTIOQUIA,5129,Municipio,-75.633673,6.091077,
1539,CALDAS,"2,010",9,15,BOYACÁ,15131,Municipio,-73.865553,5.55458,
1540,CALDAS,"2,011",5,5,ANTIOQUIA,5129,Municipio,-75.633673,6.091077,
1541,CALDAS,"2,011",5,15,BOYACÁ,15131,Municipio,-73.865553,5.55458,
1542,CALDAS,"2,012",3,5,ANTIOQUIA,5129,Municipio,-75.633673,6.091077,
1543,CALDAS,"2,012",3,15,BOYACÁ,15131,Municipio,-73.865553,5.55458,
1544,CALDAS,"2,014",6,5,ANTIOQUIA,5129,Municipio,-75.633673,6.091077,
1545,CALDAS,"2,014",6,15,BOYACÁ,15131,Municipio,-73.865553,5.55458,
1546,CALDAS,"2,015",7,5,ANTIOQUIA,5129,Municipio,-75.633673,6.091077,
1547,CALDAS,"2,015",7,15,BOYACÁ,15131,Municipio,-73.865553,5.55458,
1548,CALDAS,"2,016",3,5,ANTIOQUIA,5129,Municipio,-75.633673,6.091077,
1549,CALDAS,"2,016",3,15,BOYACÁ,15131,Municipio,-73.865553,5.55458,
1550,CALDAS,"2,017",4,5,ANTIOQUIA,5129,Municipio,-75.633673,6.091077,
1551,CALDAS,"2,017",4,15,BOYACÁ,15131,Municipio,-73.865553,5.55458,
1552,CALDAS,"2,018",3,5,ANTIOQUIA,5129,Municipio,-75.633673,6.091077,
1553,CALDAS,"2,018",3,15,BOYACÁ,15131,Municipio,-73.865553,5.55458,
1554,CALDAS,"2,019",6,5,ANTIOQUIA,5129,Municipio,-75.633673,6.091077,
1555,CALDAS,"2,019",6,15,BOYACÁ,15131,Municipio,-73.865553,5.55458,
1556,CALDONO,"1,998",1,19,CAUCA,19137,Municipio,-76.484319,2.798059,
1557,CALDONO,"2,007",1,19,CAUCA,19137,Municipio,-76.484319,2.798059,
1558,CALDONO,"2,009",1,19,CAUCA,19137,Municipio,-76.484319,2.798059,
1559,CALDONO,"2,012",1,19,CAUCA,19137,Municipio,-76.484319,2.798059,
1560,CALIMA,"1,985",1,76,VALLE DEL CAUCA,76126,Municipio,-76.484132,3.933664,
1561,CALIMA,"1,988",2,76,VALLE DEL CAUCA,76126,Municipio,-76.484132,3.933664,
1562,CALIMA,"1,994",1,76,VALLE DEL CAUCA,76126,Municipio,-76.484132,3.933664,
1563,CALIMA,"1,999",1,76,VALLE DEL CAUCA,76126,Municipio,-76.484132,3.933664,
1564,CALIMA,"2,000",3,76,VALLE DEL CAUCA,76126,Municipio,-76.484132,3.933664,
1565,CALIMA,"2,002",3,76,VALLE DEL CAUCA,76126,Municipio,-76.484132,3.933664,
1566,CALIMA,"2,003",2,76,VALLE DEL CAUCA,76126,Municipio,-76.484132,3.933664,
1567,CALIMA,"2,004",1,76,VALLE DEL CAUCA,76126,Municipio,-76.484132,3.933664,
1568,CALIMA,"2,006",1,76,VALLE DEL CAUCA,76126,Municipio,-76.484132,3.933664,
1569,CALIMA,"2,011",1,76,VALLE DEL CAUCA,76126,Municipio,-76.484132,3.933664,
1570,CALIMA,"2,015",1,76,VALLE DEL CAUCA,76126,Municipio,-76.484132,3.933664,
1571,CALIMA,"2,018",1,76,VALLE DEL CAUCA,76126,Municipio,-76.484132,3.933664,
1572,CALOTO,"1,988",1,19,CAUCA,19142,Municipio,-76.408941,3.034531,
1573,CALOTO,"1,991",1,19,CAUCA,19142,Municipio,-76.408941,3.034531,
1574,CALOTO,"1,993",1,19,CAUCA,19142,Municipio,-76.408941,3.034531,
1575,CALOTO,"1,994",1,19,CAUCA,19142,Municipio,-76.408941,3.034531,
1576,CALOTO,"2,003",1,19,CAUCA,19142,Municipio,-76.408941,3.034531,
1577,CALOTO,"2,004",2,19,CAUCA,19142,Municipio,-76.408941,3.034531,
1578,CALOTO,"2,011",1,19,CAUCA,19142,Municipio,-76.408941,3.034531,
1579,CALOTO,"2,013",1,19,CAUCA,19142,Municipio,-76.408941,3.034531,
1580,CALOTO,"2,014",1,19,CAUCA,19142,Municipio,-76.408941,3.034531,
1581,CALOTO,"2,019",1,19,CAUCA,19142,Municipio,-76.408941,3.034531,
1582,CAMPAMENTO,"1,985",1,5,ANTIOQUIA,5134,Municipio,-75.298091,6.979771,
1583,CAMPAMENTO,"1,986",1,5,ANTIOQUIA,5134,Municipio,-75.298091,6.979771,
1584,CAMPAMENTO,"1,988",1,5,ANTIOQUIA,5134,Municipio,-75.298091,6.979771,
1585,CAMPAMENTO,"1,991",1,5,ANTIOQUIA,5134,Municipio,-75.298091,6.979771,
1586,CAMPAMENTO,"1,997",1,5,ANTIOQUIA,5134,Municipio,-75.298091,6.979771,
1587,CAMPAMENTO,"2,006",1,5,ANTIOQUIA,5134,Municipio,-75.298091,6.979771,
1588,CAMPAMENTO,"2,007",1,5,ANTIOQUIA,5134,Municipio,-75.298091,6.979771,
1589,CAMPAMENTO,"2,016",1,5,ANTIOQUIA,5134,Municipio,-75.298091,6.979771,
1590,CAMPAMENTO,"2,019",1,5,ANTIOQUIA,5134,Municipio,-75.298091,6.979771,
1591,CAMPO DE LA CRUZ,"1,987",1,8,ATLÁNTICO,8137,Municipio,-74.880847,10.378291,
1592,CAMPO DE LA CRUZ,"1,994",1,8,ATLÁNTICO,8137,Municipio,-74.880847,10.378291,
1593,CAMPO DE LA CRUZ,"1,998",1,8,ATLÁNTICO,8137,Municipio,-74.880847,10.378291,
1594,CAMPO DE LA CRUZ,"1,999",1,8,ATLÁNTICO,8137,Municipio,-74.880847,10.378291,
1595,CAMPO DE LA CRUZ,"2,002",1,8,ATLÁNTICO,8137,Municipio,-74.880847,10.378291,
1596,CAMPO DE LA CRUZ,"2,003",2,8,ATLÁNTICO,8137,Municipio,-74.880847,10.378291,
1597,CAMPO DE LA CRUZ,"2,004",2,8,ATLÁNTICO,8137,Municipio,-74.880847,10.378291,
1598,CAMPO DE LA CRUZ,"2,008",1,8,ATLÁNTICO,8137,Municipio,-74.880847,10.378291,
1599,CAMPO DE LA CRUZ,"2,013",1,8,ATLÁNTICO,8137,Municipio,-74.880847,10.378291,
1600,CAMPO DE LA CRUZ,"2,019",1,8,ATLÁNTICO,8137,Municipio,-74.880847,10.378291,
1601,CAMPOALEGRE,"1,987",1,41,HUILA,41132,Municipio,-75.325748,2.686767,
1602,CAMPOALEGRE,"1,988",2,41,HUILA,41132,Municipio,-75.325748,2.686767,
1603,CAMPOALEGRE,"1,991",2,41,HUILA,41132,Municipio,-75.325748,2.686767,
1604,CAMPOALEGRE,"1,993",1,41,HUILA,41132,Municipio,-75.325748,2.686767,
1605,CAMPOALEGRE,"1,994",2,41,HUILA,41132,Municipio,-75.325748,2.686767,
1606,CAMPOALEGRE,"1,996",2,41,HUILA,41132,Municipio,-75.325748,2.686767,
1607,CAMPOALEGRE,"2,000",2,41,HUILA,41132,Municipio,-75.325748,2.686767,
1608,CAMPOALEGRE,"2,002",1,41,HUILA,41132,Municipio,-75.325748,2.686767,
1609,CAMPOALEGRE,"2,003",1,41,HUILA,41132,Municipio,-75.325748,2.686767,
1610,CAMPOALEGRE,"2,004",1,41,HUILA,41132,Municipio,-75.325748,2.686767,
1611,CAMPOALEGRE,"2,005",1,41,HUILA,41132,Municipio,-75.325748,2.686767,
1612,CAMPOALEGRE,"2,006",1,41,HUILA,41132,Municipio,-75.325748,2.686767,
1613,CAMPOALEGRE,"2,007",1,41,HUILA,41132,Municipio,-75.325748,2.686767,
1614,CAMPOALEGRE,"2,008",1,41,HUILA,41132,Municipio,-75.325748,2.686767,
1615,CAMPOALEGRE,"2,010",1,41,HUILA,41132,Municipio,-75.325748,2.686767,
1616,CAMPOALEGRE,"2,011",2,41,HUILA,41132,Municipio,-75.325748,2.686767,
1617,CAMPOALEGRE,"2,012",1,41,HUILA,41132,Municipio,-75.325748,2.686767,
1618,CAMPOALEGRE,"2,013",1,41,HUILA,41132,Municipio,-75.325748,2.686767,
1619,CAMPOALEGRE,"2,015",2,41,HUILA,41132,Municipio,-75.325748,2.686767,
1620,CAMPOALEGRE,"2,016",3,41,HUILA,41132,Municipio,-75.325748,2.686767,
1621,CAMPOALEGRE,"2,017",2,41,HUILA,41132,Municipio,-75.325748,2.686767,
1622,CAMPOALEGRE,"2,018",2,41,HUILA,41132,Municipio,-75.325748,2.686767,
1623,CAMPOALEGRE,"2,019",2,41,HUILA,41132,Municipio,-75.325748,2.686767,
1624,CAMPOHERMOSO,"2,019",1,15,BOYACÁ,15135,Municipio,-73.104173,5.031676,
1625,CANALETE,"2,013",1,23,CÓRDOBA,23090,Municipio,-76.241476,8.786939,
1626,CANDELARIA,"1,988",1,8,ATLÁNTICO,8141,Municipio,-74.879717,10.461903,
1627,CANDELARIA,"1,988",1,76,VALLE DEL CAUCA,76130,Municipio,-76.346519,3.408354,
1628,CANDELARIA,"1,990",2,8,ATLÁNTICO,8141,Municipio,-74.879717,10.461903,
1629,CANDELARIA,"1,990",2,76,VALLE DEL CAUCA,76130,Municipio,-76.346519,3.408354,
1630,CANDELARIA,"1,991",1,8,ATLÁNTICO,8141,Municipio,-74.879717,10.461903,
1631,CANDELARIA,"1,991",1,76,VALLE DEL CAUCA,76130,Municipio,-76.346519,3.408354,
1632,CANDELARIA,"1,992",1,8,ATLÁNTICO,8141,Municipio,-74.879717,10.461903,
1633,CANDELARIA,"1,992",1,76,VALLE DEL CAUCA,76130,Municipio,-76.346519,3.408354,
1634,CANDELARIA,"1,993",3,8,ATLÁNTICO,8141,Municipio,-74.879717,10.461903,
1635,CANDELARIA,"1,993",3,76,VALLE DEL CAUCA,76130,Municipio,-76.346519,3.408354,
1636,CANDELARIA,"1,995",1,8,ATLÁNTICO,8141,Municipio,-74.879717,10.461903,
1637,CANDELARIA,"1,995",1,76,VALLE DEL CAUCA,76130,Municipio,-76.346519,3.408354,
1638,CANDELARIA,"1,996",1,8,ATLÁNTICO,8141,Municipio,-74.879717,10.461903,
1639,CANDELARIA,"1,996",1,76,VALLE DEL CAUCA,76130,Municipio,-76.346519,3.408354,
1640,CANDELARIA,"1,998",1,8,ATLÁNTICO,8141,Municipio,-74.879717,10.461903,
1641,CANDELARIA,"1,998",1,76,VALLE DEL CAUCA,76130,Municipio,-76.346519,3.408354,
1642,CANDELARIA,"1,999",2,8,ATLÁNTICO,8141,Municipio,-74.879717,10.461903,
1643,CANDELARIA,"1,999",2,76,VALLE DEL CAUCA,76130,Municipio,-76.346519,3.408354,
1644,CANDELARIA,"2,001",1,8,ATLÁNTICO,8141,Municipio,-74.879717,10.461903,
1645,CANDELARIA,"2,001",1,76,VALLE DEL CAUCA,76130,Municipio,-76.346519,3.408354,
1646,CANDELARIA,"2,002",1,8,ATLÁNTICO,8141,Municipio,-74.879717,10.461903,
1647,CANDELARIA,"2,002",1,76,VALLE DEL CAUCA,76130,Municipio,-76.346519,3.408354,
1648,CANDELARIA,"2,003",3,8,ATLÁNTICO,8141,Municipio,-74.879717,10.461903,
1649,CANDELARIA,"2,003",3,76,VALLE DEL CAUCA,76130,Municipio,-76.346519,3.408354,
1650,CANDELARIA,"2,006",4,8,ATLÁNTICO,8141,Municipio,-74.879717,10.461903,
1651,CANDELARIA,"2,006",4,76,VALLE DEL CAUCA,76130,Municipio,-76.346519,3.408354,
1652,CANDELARIA,"2,007",1,8,ATLÁNTICO,8141,Municipio,-74.879717,10.461903,
1653,CANDELARIA,"2,007",1,76,VALLE DEL CAUCA,76130,Municipio,-76.346519,3.408354,
1654,CANDELARIA,"2,008",1,8,ATLÁNTICO,8141,Municipio,-74.879717,10.461903,
1655,CANDELARIA,"2,008",1,76,VALLE DEL CAUCA,76130,Municipio,-76.346519,3.408354,
1656,CANDELARIA,"2,009",1,8,ATLÁNTICO,8141,Municipio,-74.879717,10.461903,
1657,CANDELARIA,"2,009",1,76,VALLE DEL CAUCA,76130,Municipio,-76.346519,3.408354,
1658,CANDELARIA,"2,011",2,8,ATLÁNTICO,8141,Municipio,-74.879717,10.461903,
1659,CANDELARIA,"2,011",2,76,VALLE DEL CAUCA,76130,Municipio,-76.346519,3.408354,
1660,CANDELARIA,"2,012",1,8,ATLÁNTICO,8141,Municipio,-74.879717,10.461903,
1661,CANDELARIA,"2,012",1,76,VALLE DEL CAUCA,76130,Municipio,-76.346519,3.408354,
1662,CANDELARIA,"2,013",4,8,ATLÁNTICO,8141,Municipio,-74.879717,10.461903,
1663,CANDELARIA,"2,013",4,76,VALLE DEL CAUCA,76130,Municipio,-76.346519,3.408354,
1664,CANDELARIA,"2,014",2,8,ATLÁNTICO,8141,Municipio,-74.879717,10.461903,
1665,CANDELARIA,"2,014",2,76,VALLE DEL CAUCA,76130,Municipio,-76.346519,3.408354,
1666,CANDELARIA,"2,015",3,8,ATLÁNTICO,8141,Municipio,-74.879717,10.461903,
1667,CANDELARIA,"2,015",3,76,VALLE DEL CAUCA,76130,Municipio,-76.346519,3.408354,
1668,CANDELARIA,"2,016",2,8,ATLÁNTICO,8141,Municipio,-74.879717,10.461903,
1669,CANDELARIA,"2,016",2,76,VALLE DEL CAUCA,76130,Municipio,-76.346519,3.408354,
1670,CANDELARIA,"2,017",4,8,ATLÁNTICO,8141,Municipio,-74.879717,10.461903,
1671,CANDELARIA,"2,017",4,76,VALLE DEL CAUCA,76130,Municipio,-76.346519,3.408354,
1672,CANDELARIA,"2,019",1,8,ATLÁNTICO,8141,Municipio,-74.879717,10.461903,
1673,CANDELARIA,"2,019",1,76,VALLE DEL CAUCA,76130,Municipio,-76.346519,3.408354,
1674,CANTAGALLO,"2,010",1,13,BOLÍVAR,13160,Municipio,-73.914605,7.378678,
1675,CAPARRAPÍ,"1,987",2,25,CUNDINAMARCA,25148,Municipio,-74.491045,5.34758,
1676,CAPARRAPÍ,"1,994",1,25,CUNDINAMARCA,25148,Municipio,-74.491045,5.34758,
1677,CAPARRAPÍ,"1,997",2,25,CUNDINAMARCA,25148,Municipio,-74.491045,5.34758,
1678,CAPARRAPÍ,"1,998",2,25,CUNDINAMARCA,25148,Municipio,-74.491045,5.34758,
1679,CAPARRAPÍ,"1,999",2,25,CUNDINAMARCA,25148,Municipio,-74.491045,5.34758,
1680,CAPARRAPÍ,"2,001",1,25,CUNDINAMARCA,25148,Municipio,-74.491045,5.34758,
1681,CAPARRAPÍ,"2,002",1,25,CUNDINAMARCA,25148,Municipio,-74.491045,5.34758,
1682,CAPARRAPÍ,"2,009",1,25,CUNDINAMARCA,25148,Municipio,-74.491045,5.34758,
1683,CAPARRAPÍ,"2,013",1,25,CUNDINAMARCA,25148,Municipio,-74.491045,5.34758,
1684,CAPARRAPÍ,"2,015",2,25,CUNDINAMARCA,25148,Municipio,-74.491045,5.34758,
1685,CAPARRAPÍ,"2,016",1,25,CUNDINAMARCA,25148,Municipio,-74.491045,5.34758,
1686,CAPARRAPÍ,"2,017",1,25,CUNDINAMARCA,25148,Municipio,-74.491045,5.34758,
1687,CAPARRAPÍ,"2,018",1,25,CUNDINAMARCA,25148,Municipio,-74.491045,5.34758,
1688,CAPITANEJO,"1,988",1,68,SANTANDER,68147,Municipio,-72.695427,6.527394,
1689,CAPITANEJO,"1,994",1,68,SANTANDER,68147,Municipio,-72.695427,6.527394,
1690,CAPITANEJO,"2,000",1,68,SANTANDER,68147,Municipio,-72.695427,6.527394,
1691,CAPITANEJO,"2,004",1,68,SANTANDER,68147,Municipio,-72.695427,6.527394,
1692,CAPITANEJO,"2,005",1,68,SANTANDER,68147,Municipio,-72.695427,6.527394,
1693,CAPITANEJO,"2,008",1,68,SANTANDER,68147,Municipio,-72.695427,6.527394,
1694,CAPITANEJO,"2,017",1,68,SANTANDER,68147,Municipio,-72.695427,6.527394,
1695,CAPITANEJO,"2,018",1,68,SANTANDER,68147,Municipio,-72.695427,6.527394,
1696,CARACOLÍ,"1,987",2,5,ANTIOQUIA,5142,Municipio,-74.757421,6.409829,
1697,CARACOLÍ,"1,988",1,5,ANTIOQUIA,5142,Municipio,-74.757421,6.409829,
1698,CARACOLÍ,"1,990",1,5,ANTIOQUIA,5142,Municipio,-74.757421,6.409829,
1699,CARACOLÍ,"1,994",1,5,ANTIOQUIA,5142,Municipio,-74.757421,6.409829,
1700,CARACOLÍ,"1,999",1,5,ANTIOQUIA,5142,Municipio,-74.757421,6.409829,
1701,CARACOLÍ,"2,000",2,5,ANTIOQUIA,5142,Municipio,-74.757421,6.409829,
1702,CARACOLÍ,"2,003",1,5,ANTIOQUIA,5142,Municipio,-74.757421,6.409829,
1703,CARACOLÍ,"2,015",1,5,ANTIOQUIA,5142,Municipio,-74.757421,6.409829,
1704,CARAMANTA,"1,990",2,5,ANTIOQUIA,5145,Municipio,-75.643868,5.54853,
1705,CARAMANTA,"1,992",1,5,ANTIOQUIA,5145,Municipio,-75.643868,5.54853,
1706,CARAMANTA,"1,996",2,5,ANTIOQUIA,5145,Municipio,-75.643868,5.54853,
1707,CARAMANTA,"2,001",1,5,ANTIOQUIA,5145,Municipio,-75.643868,5.54853,
1708,CARAMANTA,"2,006",1,5,ANTIOQUIA,5145,Municipio,-75.643868,5.54853,
1709,CARAMANTA,"2,008",1,5,ANTIOQUIA,5145,Municipio,-75.643868,5.54853,
1710,CARAMANTA,"2,011",1,5,ANTIOQUIA,5145,Municipio,-75.643868,5.54853,
1711,CARAMANTA,"2,019",2,5,ANTIOQUIA,5145,Municipio,-75.643868,5.54853,
1712,CARCASÍ,"2,015",1,68,SANTANDER,68152,Municipio,-72.627099,6.629016,
1713,CARCASÍ,"2,019",1,68,SANTANDER,68152,Municipio,-72.627099,6.629016,
1714,CAREPA,"1,986",1,5,ANTIOQUIA,5147,Municipio,-76.652652,7.755148,
1715,CAREPA,"1,991",1,5,ANTIOQUIA,5147,Municipio,-76.652652,7.755148,
1716,CAREPA,"1,994",1,5,ANTIOQUIA,5147,Municipio,-76.652652,7.755148,
1717,CAREPA,"2,004",1,5,ANTIOQUIA,5147,Municipio,-76.652652,7.755148,
1718,CAREPA,"2,005",1,5,ANTIOQUIA,5147,Municipio,-76.652652,7.755148,
1719,CAREPA,"2,008",1,5,ANTIOQUIA,5147,Municipio,-76.652652,7.755148,
1720,CAREPA,"2,009",1,5,ANTIOQUIA,5147,Municipio,-76.652652,7.755148,
1721,CAREPA,"2,010",1,5,ANTIOQUIA,5147,Municipio,-76.652652,7.755148,
1722,CAREPA,"2,011",1,5,ANTIOQUIA,5147,Municipio,-76.652652,7.755148,
1723,CAREPA,"2,012",1,5,ANTIOQUIA,5147,Municipio,-76.652652,7.755148,
1724,CAREPA,"2,014",1,5,ANTIOQUIA,5147,Municipio,-76.652652,7.755148,
1725,CAREPA,"2,019",1,5,ANTIOQUIA,5147,Municipio,-76.652652,7.755148,
1726,CARMEN DE APICALÁ,"1,987",1,73,TOLIMA,73148,Municipio,-74.717633,4.152334,
1727,CARMEN DE APICALÁ,"1,994",2,73,TOLIMA,73148,Municipio,-74.717633,4.152334,
1728,CARMEN DE APICALÁ,"1,996",1,73,TOLIMA,73148,Municipio,-74.717633,4.152334,
1729,CARMEN DE APICALÁ,"2,004",1,73,TOLIMA,73148,Municipio,-74.717633,4.152334,
1730,CARMEN DE APICALÁ,"2,007",1,73,TOLIMA,73148,Municipio,-74.717633,4.152334,
1731,CARMEN DE APICALÁ,"2,009",1,73,TOLIMA,73148,Municipio,-74.717633,4.152334,
1732,CARMEN DE APICALÁ,"2,010",1,73,TOLIMA,73148,Municipio,-74.717633,4.152334,
1733,CARMEN DE APICALÁ,"2,018",1,73,TOLIMA,73148,Municipio,-74.717633,4.152334,
1734,CARMEN DE APICALÁ,"2,019",1,73,TOLIMA,73148,Municipio,-74.717633,4.152334,
1735,CARMEN DE CARUPA,"1,996",1,25,CUNDINAMARCA,25154,Municipio,-73.901357,5.349119,
1736,CARMEN DE CARUPA,"2,013",1,25,CUNDINAMARCA,25154,Municipio,-73.901357,5.349119,
1737,CARMEN DE CARUPA,"2,015",1,25,CUNDINAMARCA,25154,Municipio,-73.901357,5.349119,
1738,CAROLINA,"1,987",1,5,ANTIOQUIA,5150,Municipio,-75.283192,6.725995,
1739,CAROLINA,"1,989",2,5,ANTIOQUIA,5150,Municipio,-75.283192,6.725995,
1740,CAROLINA,"1,993",2,5,ANTIOQUIA,5150,Municipio,-75.283192,6.725995,
1741,CAROLINA,"1,999",1,5,ANTIOQUIA,5150,Municipio,-75.283192,6.725995,
1742,CAROLINA,"2,003",1,5,ANTIOQUIA,5150,Municipio,-75.283192,6.725995,
1743,CAROLINA,"2,008",1,5,ANTIOQUIA,5150,Municipio,-75.283192,6.725995,
1744,CAROLINA,"2,013",1,5,ANTIOQUIA,5150,Municipio,-75.283192,6.725995,
1745,CAROLINA,"2,018",1,5,ANTIOQUIA,5150,Municipio,-75.283192,6.725995,
1746,CARTAGENA DE INDIAS,"1,985",15,13,BOLÍVAR,13001,Municipio,-75.496269,10.385126,
1747,CARTAGENA DE INDIAS,"1,986",12,13,BOLÍVAR,13001,Municipio,-75.496269,10.385126,
1748,CARTAGENA DE INDIAS,"1,987",10,13,BOLÍVAR,13001,Municipio,-75.496269,10.385126,
1749,CARTAGENA DE INDIAS,"1,988",14,13,BOLÍVAR,13001,Municipio,-75.496269,10.385126,
1750,CARTAGENA DE INDIAS,"1,989",11,13,BOLÍVAR,13001,Municipio,-75.496269,10.385126,
1751,CARTAGENA DE INDIAS,"1,990",15,13,BOLÍVAR,13001,Municipio,-75.496269,10.385126,
1752,CARTAGENA DE INDIAS,"1,991",15,13,BOLÍVAR,13001,Municipio,-75.496269,10.385126,
1753,CARTAGENA DE INDIAS,"1,992",19,13,BOLÍVAR,13001,Municipio,-75.496269,10.385126,
1754,CARTAGENA DE INDIAS,"1,993",34,13,BOLÍVAR,13001,Municipio,-75.496269,10.385126,
1755,CARTAGENA DE INDIAS,"1,994",19,13,BOLÍVAR,13001,Municipio,-75.496269,10.385126,
1756,CARTAGENA DE INDIAS,"1,995",22,13,BOLÍVAR,13001,Municipio,-75.496269,10.385126,
1757,CARTAGENA DE INDIAS,"1,996",18,13,BOLÍVAR,13001,Municipio,-75.496269,10.385126,
1758,CARTAGENA DE INDIAS,"1,997",27,13,BOLÍVAR,13001,Municipio,-75.496269,10.385126,
1759,CARTAGENA DE INDIAS,"1,998",19,13,BOLÍVAR,13001,Municipio,-75.496269,10.385126,
1760,CARTAGENA DE INDIAS,"1,999",28,13,BOLÍVAR,13001,Municipio,-75.496269,10.385126,
1761,CARTAGENA DE INDIAS,"2,000",33,13,BOLÍVAR,13001,Municipio,-75.496269,10.385126,
1762,CARTAGENA DE INDIAS,"2,001",37,13,BOLÍVAR,13001,Municipio,-75.496269,10.385126,
1763,CARTAGENA DE INDIAS,"2,002",45,13,BOLÍVAR,13001,Municipio,-75.496269,10.385126,
1764,CARTAGENA DE INDIAS,"2,003",28,13,BOLÍVAR,13001,Municipio,-75.496269,10.385126,
1765,CARTAGENA DE INDIAS,"2,004",24,13,BOLÍVAR,13001,Municipio,-75.496269,10.385126,
1766,CARTAGENA DE INDIAS,"2,005",30,13,BOLÍVAR,13001,Municipio,-75.496269,10.385126,
1767,CARTAGENA DE INDIAS,"2,006",34,13,BOLÍVAR,13001,Municipio,-75.496269,10.385126,
1768,CARTAGENA DE INDIAS,"2,007",42,13,BOLÍVAR,13001,Municipio,-75.496269,10.385126,
1769,CARTAGENA DE INDIAS,"2,008",35,13,BOLÍVAR,13001,Municipio,-75.496269,10.385126,
1770,CARTAGENA DE INDIAS,"2,009",45,13,BOLÍVAR,13001,Municipio,-75.496269,10.385126,
1771,CARTAGENA DE INDIAS,"2,010",56,13,BOLÍVAR,13001,Municipio,-75.496269,10.385126,
1772,CARTAGENA DE INDIAS,"2,011",60,13,BOLÍVAR,13001,Municipio,-75.496269,10.385126,
1773,CARTAGENA DE INDIAS,"2,012",53,13,BOLÍVAR,13001,Municipio,-75.496269,10.385126,
1774,CARTAGENA DE INDIAS,"2,013",52,13,BOLÍVAR,13001,Municipio,-75.496269,10.385126,
1775,CARTAGENA DE INDIAS,"2,014",49,13,BOLÍVAR,13001,Municipio,-75.496269,10.385126,
1776,CARTAGENA DE INDIAS,"2,015",53,13,BOLÍVAR,13001,Municipio,-75.496269,10.385126,
1777,CARTAGENA DE INDIAS,"2,016",65,13,BOLÍVAR,13001,Municipio,-75.496269,10.385126,
1778,CARTAGENA DE INDIAS,"2,017",73,13,BOLÍVAR,13001,Municipio,-75.496269,10.385126,
1779,CARTAGENA DE INDIAS,"2,018",70,13,BOLÍVAR,13001,Municipio,-75.496269,10.385126,
1780,CARTAGENA DE INDIAS,"2,019",79,13,BOLÍVAR,13001,Municipio,-75.496269,10.385126,
1781,CARTAGENA DEL CHAIRÁ,"1,986",1,18,CAQUETÁ,18150,Municipio,-74.847867,1.332371,
1782,CARTAGENA DEL CHAIRÁ,"1,996",2,18,CAQUETÁ,18150,Municipio,-74.847867,1.332371,
1783,CARTAGENA DEL CHAIRÁ,"2,002",1,18,CAQUETÁ,18150,Municipio,-74.847867,1.332371,
1784,CARTAGENA DEL CHAIRÁ,"2,008",1,18,CAQUETÁ,18150,Municipio,-74.847867,1.332371,
1785,CARTAGENA DEL CHAIRÁ,"2,011",1,18,CAQUETÁ,18150,Municipio,-74.847867,1.332371,
1786,CARTAGENA DEL CHAIRÁ,"2,013",1,18,CAQUETÁ,18150,Municipio,-74.847867,1.332371,
1787,CARTAGENA DEL CHAIRÁ,"2,016",1,18,CAQUETÁ,18150,Municipio,-74.847867,1.332371,
1788,CARTAGENA DEL CHAIRÁ,"2,017",2,18,CAQUETÁ,18150,Municipio,-74.847867,1.332371,
1789,CARTAGENA DEL CHAIRÁ,"2,018",1,18,CAQUETÁ,18150,Municipio,-74.847867,1.332371,
1790,CARTAGO,"1,985",2,76,VALLE DEL CAUCA,76147,Municipio,-75.924374,4.742192,
1791,CARTAGO,"1,986",7,76,VALLE DEL CAUCA,76147,Municipio,-75.924374,4.742192,
1792,CARTAGO,"1,987",4,76,VALLE DEL CAUCA,76147,Municipio,-75.924374,4.742192,
1793,CARTAGO,"1,988",8,76,VALLE DEL CAUCA,76147,Municipio,-75.924374,4.742192,
1794,CARTAGO,"1,989",5,76,VALLE DEL CAUCA,76147,Municipio,-75.924374,4.742192,
1795,CARTAGO,"1,990",5,76,VALLE DEL CAUCA,76147,Municipio,-75.924374,4.742192,
1796,CARTAGO,"1,991",9,76,VALLE DEL CAUCA,76147,Municipio,-75.924374,4.742192,
1797,CARTAGO,"1,992",2,76,VALLE DEL CAUCA,76147,Municipio,-75.924374,4.742192,
1798,CARTAGO,"1,993",6,76,VALLE DEL CAUCA,76147,Municipio,-75.924374,4.742192,
1799,CARTAGO,"1,994",7,76,VALLE DEL CAUCA,76147,Municipio,-75.924374,4.742192,
1800,CARTAGO,"1,995",4,76,VALLE DEL CAUCA,76147,Municipio,-75.924374,4.742192,
1801,CARTAGO,"1,996",8,76,VALLE DEL CAUCA,76147,Municipio,-75.924374,4.742192,
1802,CARTAGO,"1,997",13,76,VALLE DEL CAUCA,76147,Municipio,-75.924374,4.742192,
1803,CARTAGO,"1,998",9,76,VALLE DEL CAUCA,76147,Municipio,-75.924374,4.742192,
1804,CARTAGO,"1,999",8,76,VALLE DEL CAUCA,76147,Municipio,-75.924374,4.742192,
1805,CARTAGO,"2,000",6,76,VALLE DEL CAUCA,76147,Municipio,-75.924374,4.742192,
1806,CARTAGO,"2,001",5,76,VALLE DEL CAUCA,76147,Municipio,-75.924374,4.742192,
1807,CARTAGO,"2,002",2,76,VALLE DEL CAUCA,76147,Municipio,-75.924374,4.742192,
1808,CARTAGO,"2,003",6,76,VALLE DEL CAUCA,76147,Municipio,-75.924374,4.742192,
1809,CARTAGO,"2,004",9,76,VALLE DEL CAUCA,76147,Municipio,-75.924374,4.742192,
1810,CARTAGO,"2,005",7,76,VALLE DEL CAUCA,76147,Municipio,-75.924374,4.742192,
1811,CARTAGO,"2,006",7,76,VALLE DEL CAUCA,76147,Municipio,-75.924374,4.742192,
1812,CARTAGO,"2,007",17,76,VALLE DEL CAUCA,76147,Municipio,-75.924374,4.742192,
1813,CARTAGO,"2,008",12,76,VALLE DEL CAUCA,76147,Municipio,-75.924374,4.742192,
1814,CARTAGO,"2,009",13,76,VALLE DEL CAUCA,76147,Municipio,-75.924374,4.742192,
1815,CARTAGO,"2,010",14,76,VALLE DEL CAUCA,76147,Municipio,-75.924374,4.742192,
1816,CARTAGO,"2,011",11,76,VALLE DEL CAUCA,76147,Municipio,-75.924374,4.742192,
1817,CARTAGO,"2,012",13,76,VALLE DEL CAUCA,76147,Municipio,-75.924374,4.742192,
1818,CARTAGO,"2,013",14,76,VALLE DEL CAUCA,76147,Municipio,-75.924374,4.742192,
1819,CARTAGO,"2,014",15,76,VALLE DEL CAUCA,76147,Municipio,-75.924374,4.742192,
1820,CARTAGO,"2,015",9,76,VALLE DEL CAUCA,76147,Municipio,-75.924374,4.742192,
1821,CARTAGO,"2,016",8,76,VALLE DEL CAUCA,76147,Municipio,-75.924374,4.742192,
1822,CARTAGO,"2,017",11,76,VALLE DEL CAUCA,76147,Municipio,-75.924374,4.742192,
1823,CARTAGO,"2,018",18,76,VALLE DEL CAUCA,76147,Municipio,-75.924374,4.742192,
1824,CARTAGO,"2,019",16,76,VALLE DEL CAUCA,76147,Municipio,-75.924374,4.742192,
1825,CASABIANCA,"1,991",1,73,TOLIMA,73152,Municipio,-75.120966,5.078465,
1826,CASABIANCA,"2,006",1,73,TOLIMA,73152,Municipio,-75.120966,5.078465,
1827,CASABIANCA,"2,017",1,73,TOLIMA,73152,Municipio,-75.120966,5.078465,
1828,CASTILLA LA NUEVA,"2,001",1,50,META,50150,Municipio,-73.687302,3.830005,
1829,CASTILLA LA NUEVA,"2,010",2,50,META,50150,Municipio,-73.687302,3.830005,
1830,CASTILLA LA NUEVA,"2,014",1,50,META,50150,Municipio,-73.687302,3.830005,
1831,CASTILLA LA NUEVA,"2,016",2,50,META,50150,Municipio,-73.687302,3.830005,
1832,CAUCASIA,"1,985",2,5,ANTIOQUIA,5154,Municipio,-75.197996,7.977278,
1833,CAUCASIA,"1,986",2,5,ANTIOQUIA,5154,Municipio,-75.197996,7.977278,
1834,CAUCASIA,"1,987",1,5,ANTIOQUIA,5154,Municipio,-75.197996,7.977278,
1835,CAUCASIA,"1,989",3,5,ANTIOQUIA,5154,Municipio,-75.197996,7.977278,
1836,CAUCASIA,"1,990",1,5,ANTIOQUIA,5154,Municipio,-75.197996,7.977278,
1837,CAUCASIA,"1,992",2,5,ANTIOQUIA,5154,Municipio,-75.197996,7.977278,
1838,CAUCASIA,"1,993",1,5,ANTIOQUIA,5154,Municipio,-75.197996,7.977278,
1839,CAUCASIA,"1,994",2,5,ANTIOQUIA,5154,Municipio,-75.197996,7.977278,
1840,CAUCASIA,"1,995",7,5,ANTIOQUIA,5154,Municipio,-75.197996,7.977278,
1841,CAUCASIA,"1,996",2,5,ANTIOQUIA,5154,Municipio,-75.197996,7.977278,
1842,CAUCASIA,"1,997",4,5,ANTIOQUIA,5154,Municipio,-75.197996,7.977278,
1843,CAUCASIA,"1,998",2,5,ANTIOQUIA,5154,Municipio,-75.197996,7.977278,
1844,CAUCASIA,"2,002",1,5,ANTIOQUIA,5154,Municipio,-75.197996,7.977278,
1845,CAUCASIA,"2,003",1,5,ANTIOQUIA,5154,Municipio,-75.197996,7.977278,
1846,CAUCASIA,"2,004",2,5,ANTIOQUIA,5154,Municipio,-75.197996,7.977278,
1847,CAUCASIA,"2,006",1,5,ANTIOQUIA,5154,Municipio,-75.197996,7.977278,
1848,CAUCASIA,"2,008",3,5,ANTIOQUIA,5154,Municipio,-75.197996,7.977278,
1849,CAUCASIA,"2,009",4,5,ANTIOQUIA,5154,Municipio,-75.197996,7.977278,
1850,CAUCASIA,"2,010",5,5,ANTIOQUIA,5154,Municipio,-75.197996,7.977278,
1851,CAUCASIA,"2,011",1,5,ANTIOQUIA,5154,Municipio,-75.197996,7.977278,
1852,CAUCASIA,"2,012",3,5,ANTIOQUIA,5154,Municipio,-75.197996,7.977278,
1853,CAUCASIA,"2,013",1,5,ANTIOQUIA,5154,Municipio,-75.197996,7.977278,
1854,CAUCASIA,"2,015",3,5,ANTIOQUIA,5154,Municipio,-75.197996,7.977278,
1855,CAUCASIA,"2,016",3,5,ANTIOQUIA,5154,Municipio,-75.197996,7.977278,
1856,CAUCASIA,"2,017",4,5,ANTIOQUIA,5154,Municipio,-75.197996,7.977278,
1857,CAUCASIA,"2,018",4,5,ANTIOQUIA,5154,Municipio,-75.197996,7.977278,
1858,CAUCASIA,"2,019",1,5,ANTIOQUIA,5154,Municipio,-75.197996,7.977278,
1859,CAÑASGORDAS,"1,987",1,5,ANTIOQUIA,5138,Municipio,-76.028228,6.753859,
1860,CAÑASGORDAS,"1,996",1,5,ANTIOQUIA,5138,Municipio,-76.028228,6.753859,
1861,CAÑASGORDAS,"1,997",1,5,ANTIOQUIA,5138,Municipio,-76.028228,6.753859,
1862,CAÑASGORDAS,"1,998",1,5,ANTIOQUIA,5138,Municipio,-76.028228,6.753859,
1863,CAÑASGORDAS,"1,999",1,5,ANTIOQUIA,5138,Municipio,-76.028228,6.753859,
1864,CAÑASGORDAS,"2,002",1,5,ANTIOQUIA,5138,Municipio,-76.028228,6.753859,
1865,CAÑASGORDAS,"2,004",2,5,ANTIOQUIA,5138,Municipio,-76.028228,6.753859,
1866,CAÑASGORDAS,"2,010",1,5,ANTIOQUIA,5138,Municipio,-76.028228,6.753859,
1867,CAÑASGORDAS,"2,011",2,5,ANTIOQUIA,5138,Municipio,-76.028228,6.753859,
1868,CAÑASGORDAS,"2,016",2,5,ANTIOQUIA,5138,Municipio,-76.028228,6.753859,
1869,CAÑASGORDAS,"2,018",1,5,ANTIOQUIA,5138,Municipio,-76.028228,6.753859,
1870,CAÑASGORDAS,"2,019",1,5,ANTIOQUIA,5138,Municipio,-76.028228,6.753859,
1871,CERETÉ,"1,985",3,23,CÓRDOBA,23162,Municipio,-75.796093,8.888532,
1872,CERETÉ,"1,986",1,23,CÓRDOBA,23162,Municipio,-75.796093,8.888532,
1873,CERETÉ,"1,987",2,23,CÓRDOBA,23162,Municipio,-75.796093,8.888532,
1874,CERETÉ,"1,989",2,23,CÓRDOBA,23162,Municipio,-75.796093,8.888532,
1875,CERETÉ,"1,990",3,23,CÓRDOBA,23162,Municipio,-75.796093,8.888532,
1876,CERETÉ,"1,991",1,23,CÓRDOBA,23162,Municipio,-75.796093,8.888532,
1877,CERETÉ,"1,994",1,23,CÓRDOBA,23162,Municipio,-75.796093,8.888532,
1878,CERETÉ,"1,995",1,23,CÓRDOBA,23162,Municipio,-75.796093,8.888532,
1879,CERETÉ,"1,996",1,23,CÓRDOBA,23162,Municipio,-75.796093,8.888532,
1880,CERETÉ,"1,997",1,23,CÓRDOBA,23162,Municipio,-75.796093,8.888532,
1881,CERETÉ,"1,999",4,23,CÓRDOBA,23162,Municipio,-75.796093,8.888532,
1882,CERETÉ,"2,004",4,23,CÓRDOBA,23162,Municipio,-75.796093,8.888532,
1883,CERETÉ,"2,005",4,23,CÓRDOBA,23162,Municipio,-75.796093,8.888532,
1884,CERETÉ,"2,006",2,23,CÓRDOBA,23162,Municipio,-75.796093,8.888532,
1885,CERETÉ,"2,007",7,23,CÓRDOBA,23162,Municipio,-75.796093,8.888532,
1886,CERETÉ,"2,008",1,23,CÓRDOBA,23162,Municipio,-75.796093,8.888532,
1887,CERETÉ,"2,009",5,23,CÓRDOBA,23162,Municipio,-75.796093,8.888532,
1888,CERETÉ,"2,010",3,23,CÓRDOBA,23162,Municipio,-75.796093,8.888532,
1889,CERETÉ,"2,011",1,23,CÓRDOBA,23162,Municipio,-75.796093,8.888532,
1890,CERETÉ,"2,012",1,23,CÓRDOBA,23162,Municipio,-75.796093,8.888532,
1891,CERETÉ,"2,013",1,23,CÓRDOBA,23162,Municipio,-75.796093,8.888532,
1892,CERETÉ,"2,014",3,23,CÓRDOBA,23162,Municipio,-75.796093,8.888532,
1893,CERETÉ,"2,017",2,23,CÓRDOBA,23162,Municipio,-75.796093,8.888532,
1894,CERETÉ,"2,018",3,23,CÓRDOBA,23162,Municipio,-75.796093,8.888532,
1895,CERETÉ,"2,019",1,23,CÓRDOBA,23162,Municipio,-75.796093,8.888532,
1896,CERINZA,"1,989",1,15,BOYACÁ,15162,Municipio,-72.947918,5.955939,
1897,CERINZA,"1,994",1,15,BOYACÁ,15162,Municipio,-72.947918,5.955939,
1898,CERRITO,"2,013",1,68,SANTANDER,68162,Municipio,-72.694851,6.840405,
1899,CERRITO,"2,017",1,68,SANTANDER,68162,Municipio,-72.694851,6.840405,
1900,CERRO DE SAN ANTONIO,"1,994",1,47,MAGDALENA,47161,Municipio,-74.868474,10.325531,
1901,CERRO DE SAN ANTONIO,"1,998",1,47,MAGDALENA,47161,Municipio,-74.868474,10.325531,
1902,CERRO DE SAN ANTONIO,"1,999",1,47,MAGDALENA,47161,Municipio,-74.868474,10.325531,
1903,CERRO DE SAN ANTONIO,"2,012",1,47,MAGDALENA,47161,Municipio,-74.868474,10.325531,
1904,CERRO DE SAN ANTONIO,"2,013",1,47,MAGDALENA,47161,Municipio,-74.868474,10.325531,
1905,CERRO DE SAN ANTONIO,"2,014",1,47,MAGDALENA,47161,Municipio,-74.868474,10.325531,
1906,CERRO DE SAN ANTONIO,"2,017",1,47,MAGDALENA,47161,Municipio,-74.868474,10.325531,
1907,CHACHAGÜÍ,"1,999",1,52,NARIÑO,52240,Municipio,-77.281869,1.360545,
1908,CHACHAGÜÍ,"2,014",1,52,NARIÑO,52240,Municipio,-77.281869,1.360545,
1909,CHACHAGÜÍ,"2,015",1,52,NARIÑO,52240,Municipio,-77.281869,1.360545,
1910,CHACHAGÜÍ,"2,018",1,52,NARIÑO,52240,Municipio,-77.281869,1.360545,
1911,CHACHAGÜÍ,"2,019",2,52,NARIÑO,52240,Municipio,-77.281869,1.360545,
1912,CHAGUANÍ,"2,006",1,25,CUNDINAMARCA,25168,Municipio,-74.593455,4.948916,
1913,CHAGUANÍ,"2,018",1,25,CUNDINAMARCA,25168,Municipio,-74.593455,4.948916,
1914,CHALÁN,"2,001",1,70,SUCRE,70230,Municipio,-75.312697,9.545352,
1915,CHAPARRAL,"1,989",1,73,TOLIMA,73168,Municipio,-75.480765,3.722918,
1916,CHAPARRAL,"1,990",1,73,TOLIMA,73168,Municipio,-75.480765,3.722918,
1917,CHAPARRAL,"1,991",1,73,TOLIMA,73168,Municipio,-75.480765,3.722918,
1918,CHAPARRAL,"1,992",2,73,TOLIMA,73168,Municipio,-75.480765,3.722918,
1919,CHAPARRAL,"1,993",1,73,TOLIMA,73168,Municipio,-75.480765,3.722918,
1920,CHAPARRAL,"1,997",2,73,TOLIMA,73168,Municipio,-75.480765,3.722918,
1921,CHAPARRAL,"1,998",3,73,TOLIMA,73168,Municipio,-75.480765,3.722918,
1922,CHAPARRAL,"1,999",1,73,TOLIMA,73168,Municipio,-75.480765,3.722918,
1923,CHAPARRAL,"2,000",1,73,TOLIMA,73168,Municipio,-75.480765,3.722918,
1924,CHAPARRAL,"2,004",3,73,TOLIMA,73168,Municipio,-75.480765,3.722918,
1925,CHAPARRAL,"2,005",1,73,TOLIMA,73168,Municipio,-75.480765,3.722918,
1926,CHAPARRAL,"2,006",2,73,TOLIMA,73168,Municipio,-75.480765,3.722918,
1927,CHAPARRAL,"2,007",2,73,TOLIMA,73168,Municipio,-75.480765,3.722918,
1928,CHAPARRAL,"2,008",2,73,TOLIMA,73168,Municipio,-75.480765,3.722918,
1929,CHAPARRAL,"2,010",1,73,TOLIMA,73168,Municipio,-75.480765,3.722918,
1930,CHAPARRAL,"2,011",4,73,TOLIMA,73168,Municipio,-75.480765,3.722918,
1931,CHAPARRAL,"2,012",5,73,TOLIMA,73168,Municipio,-75.480765,3.722918,
1932,CHAPARRAL,"2,013",1,73,TOLIMA,73168,Municipio,-75.480765,3.722918,
1933,CHAPARRAL,"2,014",1,73,TOLIMA,73168,Municipio,-75.480765,3.722918,
1934,CHAPARRAL,"2,015",3,73,TOLIMA,73168,Municipio,-75.480765,3.722918,
1935,CHAPARRAL,"2,016",1,73,TOLIMA,73168,Municipio,-75.480765,3.722918,
1936,CHAPARRAL,"2,017",1,73,TOLIMA,73168,Municipio,-75.480765,3.722918,
1937,CHAPARRAL,"2,018",3,73,TOLIMA,73168,Municipio,-75.480765,3.722918,
1938,CHAPARRAL,"2,019",1,73,TOLIMA,73168,Municipio,-75.480765,3.722918,
1939,CHARALÁ,"1,985",1,68,SANTANDER,68167,Municipio,-73.146873,6.284339,
1940,CHARALÁ,"1,988",1,68,SANTANDER,68167,Municipio,-73.146873,6.284339,
1941,CHARALÁ,"2,001",1,68,SANTANDER,68167,Municipio,-73.146873,6.284339,
1942,CHARALÁ,"2,005",1,68,SANTANDER,68167,Municipio,-73.146873,6.284339,
1943,CHARALÁ,"2,006",1,68,SANTANDER,68167,Municipio,-73.146873,6.284339,
1944,CHARALÁ,"2,017",1,68,SANTANDER,68167,Municipio,-73.146873,6.284339,
1945,CHARALÁ,"2,018",2,68,SANTANDER,68167,Municipio,-73.146873,6.284339,
1946,CHARTA,"2,000",1,68,SANTANDER,68169,Municipio,-72.968798,7.28082,
1947,CHIGORODÓ,"1,990",1,5,ANTIOQUIA,5172,Municipio,-76.681531,7.666147,
1948,CHIGORODÓ,"1,992",2,5,ANTIOQUIA,5172,Municipio,-76.681531,7.666147,
1949,CHIGORODÓ,"1,996",2,5,ANTIOQUIA,5172,Municipio,-76.681531,7.666147,
1950,CHIGORODÓ,"1,998",2,5,ANTIOQUIA,5172,Municipio,-76.681531,7.666147,
1951,CHIGORODÓ,"2,001",1,5,ANTIOQUIA,5172,Municipio,-76.681531,7.666147,
1952,CHIGORODÓ,"2,003",1,5,ANTIOQUIA,5172,Municipio,-76.681531,7.666147,
1953,CHIGORODÓ,"2,005",1,5,ANTIOQUIA,5172,Municipio,-76.681531,7.666147,
1954,CHIGORODÓ,"2,007",1,5,ANTIOQUIA,5172,Municipio,-76.681531,7.666147,
1955,CHIGORODÓ,"2,009",1,5,ANTIOQUIA,5172,Municipio,-76.681531,7.666147,
1956,CHIGORODÓ,"2,011",1,5,ANTIOQUIA,5172,Municipio,-76.681531,7.666147,
1957,CHIGORODÓ,"2,012",1,5,ANTIOQUIA,5172,Municipio,-76.681531,7.666147,
1958,CHIGORODÓ,"2,015",2,5,ANTIOQUIA,5172,Municipio,-76.681531,7.666147,
1959,CHIGORODÓ,"2,018",2,5,ANTIOQUIA,5172,Municipio,-76.681531,7.666147,
1960,CHIMICHAGUA,"1,986",1,20,CESAR,20175,Municipio,-73.813278,9.25875,
1961,CHIMICHAGUA,"1,988",1,20,CESAR,20175,Municipio,-73.813278,9.25875,
1962,CHIMICHAGUA,"1,990",1,20,CESAR,20175,Municipio,-73.813278,9.25875,
1963,CHIMICHAGUA,"2,001",1,20,CESAR,20175,Municipio,-73.813278,9.25875,
1964,CHIMICHAGUA,"2,002",1,20,CESAR,20175,Municipio,-73.813278,9.25875,
1965,CHIMICHAGUA,"2,005",1,20,CESAR,20175,Municipio,-73.813278,9.25875,
1966,CHIMICHAGUA,"2,007",1,20,CESAR,20175,Municipio,-73.813278,9.25875,
1967,CHIMICHAGUA,"2,010",1,20,CESAR,20175,Municipio,-73.813278,9.25875,
1968,CHIMICHAGUA,"2,011",1,20,CESAR,20175,Municipio,-73.813278,9.25875,
1969,CHIMICHAGUA,"2,012",1,20,CESAR,20175,Municipio,-73.813278,9.25875,
1970,CHIMICHAGUA,"2,016",2,20,CESAR,20175,Municipio,-73.813278,9.25875,
1971,CHIMICHAGUA,"2,017",1,20,CESAR,20175,Municipio,-73.813278,9.25875,
1972,CHIMICHAGUA,"2,019",1,20,CESAR,20175,Municipio,-73.813278,9.25875,
1973,CHIMÁ,"1,996",1,23,CÓRDOBA,23168,Municipio,-75.626886,9.149698,
1974,CHIMÁ,"2,006",1,23,CÓRDOBA,23168,Municipio,-75.626886,9.149698,
1975,CHIMÁ,"2,009",1,23,CÓRDOBA,23168,Municipio,-75.626886,9.149698,
1976,CHIMÁ,"2,010",2,23,CÓRDOBA,23168,Municipio,-75.626886,9.149698,
1977,CHINAVITA,"1,998",1,15,BOYACÁ,15172,Municipio,-73.368476,5.167486,
1978,CHINAVITA,"2,013",1,15,BOYACÁ,15172,Municipio,-73.368476,5.167486,
1979,CHINCHINÁ,"1,985",1,17,CALDAS,17174,Municipio,-75.607529,4.985227,
1980,CHINCHINÁ,"1,986",2,17,CALDAS,17174,Municipio,-75.607529,4.985227,
1981,CHINCHINÁ,"1,987",2,17,CALDAS,17174,Municipio,-75.607529,4.985227,
1982,CHINCHINÁ,"1,988",1,17,CALDAS,17174,Municipio,-75.607529,4.985227,
1983,CHINCHINÁ,"1,989",2,17,CALDAS,17174,Municipio,-75.607529,4.985227,
1984,CHINCHINÁ,"1,990",1,17,CALDAS,17174,Municipio,-75.607529,4.985227,
1985,CHINCHINÁ,"1,992",2,17,CALDAS,17174,Municipio,-75.607529,4.985227,
1986,CHINCHINÁ,"1,993",1,17,CALDAS,17174,Municipio,-75.607529,4.985227,
1987,CHINCHINÁ,"1,994",1,17,CALDAS,17174,Municipio,-75.607529,4.985227,
1988,CHINCHINÁ,"1,996",1,17,CALDAS,17174,Municipio,-75.607529,4.985227,
1989,CHINCHINÁ,"1,997",1,17,CALDAS,17174,Municipio,-75.607529,4.985227,
1990,CHINCHINÁ,"1,998",3,17,CALDAS,17174,Municipio,-75.607529,4.985227,
1991,CHINCHINÁ,"1,999",3,17,CALDAS,17174,Municipio,-75.607529,4.985227,
1992,CHINCHINÁ,"2,001",1,17,CALDAS,17174,Municipio,-75.607529,4.985227,
1993,CHINCHINÁ,"2,002",4,17,CALDAS,17174,Municipio,-75.607529,4.985227,
1994,CHINCHINÁ,"2,003",1,17,CALDAS,17174,Municipio,-75.607529,4.985227,
1995,CHINCHINÁ,"2,004",1,17,CALDAS,17174,Municipio,-75.607529,4.985227,
1996,CHINCHINÁ,"2,005",1,17,CALDAS,17174,Municipio,-75.607529,4.985227,
1997,CHINCHINÁ,"2,006",2,17,CALDAS,17174,Municipio,-75.607529,4.985227,
1998,CHINCHINÁ,"2,007",1,17,CALDAS,17174,Municipio,-75.607529,4.985227,
1999,CHINCHINÁ,"2,009",3,17,CALDAS,17174,Municipio,-75.607529,4.985227,
2000,CHINCHINÁ,"2,010",4,17,CALDAS,17174,Municipio,-75.607529,4.985227,
2001,CHINCHINÁ,"2,012",4,17,CALDAS,17174,Municipio,-75.607529,4.985227,
2002,CHINCHINÁ,"2,013",8,17,CALDAS,17174,Municipio,-75.607529,4.985227,
2003,CHINCHINÁ,"2,014",6,17,CALDAS,17174,Municipio,-75.607529,4.985227,
2004,CHINCHINÁ,"2,015",5,17,CALDAS,17174,Municipio,-75.607529,4.985227,
2005,CHINCHINÁ,"2,016",2,17,CALDAS,17174,Municipio,-75.607529,4.985227,
2006,CHINCHINÁ,"2,017",5,17,CALDAS,17174,Municipio,-75.607529,4.985227,
2007,CHINCHINÁ,"2,018",2,17,CALDAS,17174,Municipio,-75.607529,4.985227,
2008,CHINCHINÁ,"2,019",5,17,CALDAS,17174,Municipio,-75.607529,4.985227,
2009,CHINÁCOTA,"1,986",1,54,NORTE DE SANTANDER,54172,Municipio,-72.601162,7.603112,
2010,CHINÁCOTA,"1,988",1,54,NORTE DE SANTANDER,54172,Municipio,-72.601162,7.603112,
2011,CHINÁCOTA,"1,989",3,54,NORTE DE SANTANDER,54172,Municipio,-72.601162,7.603112,
2012,CHINÁCOTA,"1,990",1,54,NORTE DE SANTANDER,54172,Municipio,-72.601162,7.603112,
2013,CHINÁCOTA,"1,992",1,54,NORTE DE SANTANDER,54172,Municipio,-72.601162,7.603112,
2014,CHINÁCOTA,"1,997",1,54,NORTE DE SANTANDER,54172,Municipio,-72.601162,7.603112,
2015,CHINÁCOTA,"2,001",1,54,NORTE DE SANTANDER,54172,Municipio,-72.601162,7.603112,
2016,CHINÁCOTA,"2,004",1,54,NORTE DE SANTANDER,54172,Municipio,-72.601162,7.603112,
2017,CHINÁCOTA,"2,007",1,54,NORTE DE SANTANDER,54172,Municipio,-72.601162,7.603112,
2018,CHINÁCOTA,"2,009",1,54,NORTE DE SANTANDER,54172,Municipio,-72.601162,7.603112,
2019,CHINÁCOTA,"2,011",1,54,NORTE DE SANTANDER,54172,Municipio,-72.601162,7.603112,
2020,CHINÁCOTA,"2,013",1,54,NORTE DE SANTANDER,54172,Municipio,-72.601162,7.603112,
2021,CHINÁCOTA,"2,017",2,54,NORTE DE SANTANDER,54172,Municipio,-72.601162,7.603112,
2022,CHINÁCOTA,"2,019",2,54,NORTE DE SANTANDER,54172,Municipio,-72.601162,7.603112,
2023,CHINÚ,"1,985",1,23,CÓRDOBA,23182,Municipio,-75.399633,9.105473,
2024,CHINÚ,"1,991",1,23,CÓRDOBA,23182,Municipio,-75.399633,9.105473,
2025,CHINÚ,"1,995",1,23,CÓRDOBA,23182,Municipio,-75.399633,9.105473,
2026,CHINÚ,"1,997",1,23,CÓRDOBA,23182,Municipio,-75.399633,9.105473,
2027,CHINÚ,"1,999",1,23,CÓRDOBA,23182,Municipio,-75.399633,9.105473,
2028,CHINÚ,"2,001",2,23,CÓRDOBA,23182,Municipio,-75.399633,9.105473,
2029,CHINÚ,"2,002",1,23,CÓRDOBA,23182,Municipio,-75.399633,9.105473,
2030,CHINÚ,"2,003",3,23,CÓRDOBA,23182,Municipio,-75.399633,9.105473,
2031,CHINÚ,"2,004",1,23,CÓRDOBA,23182,Municipio,-75.399633,9.105473,
2032,CHINÚ,"2,007",3,23,CÓRDOBA,23182,Municipio,-75.399633,9.105473,
2033,CHINÚ,"2,010",2,23,CÓRDOBA,23182,Municipio,-75.399633,9.105473,
2034,CHINÚ,"2,011",2,23,CÓRDOBA,23182,Municipio,-75.399633,9.105473,
2035,CHINÚ,"2,012",1,23,CÓRDOBA,23182,Municipio,-75.399633,9.105473,
2036,CHINÚ,"2,014",3,23,CÓRDOBA,23182,Municipio,-75.399633,9.105473,
2037,CHINÚ,"2,015",1,23,CÓRDOBA,23182,Municipio,-75.399633,9.105473,
2038,CHINÚ,"2,017",4,23,CÓRDOBA,23182,Municipio,-75.399633,9.105473,
2039,CHINÚ,"2,018",1,23,CÓRDOBA,23182,Municipio,-75.399633,9.105473,
2040,CHINÚ,"2,019",5,23,CÓRDOBA,23182,Municipio,-75.399633,9.105473,
2041,CHIPAQUE,"1,990",1,25,CUNDINAMARCA,25178,Municipio,-74.044876,4.442671,
2042,CHIPAQUE,"1,992",1,25,CUNDINAMARCA,25178,Municipio,-74.044876,4.442671,
2043,CHIPAQUE,"1,996",1,25,CUNDINAMARCA,25178,Municipio,-74.044876,4.442671,
2044,CHIPAQUE,"1,997",1,25,CUNDINAMARCA,25178,Municipio,-74.044876,4.442671,
2045,CHIPAQUE,"2,000",1,25,CUNDINAMARCA,25178,Municipio,-74.044876,4.442671,
2046,CHIPAQUE,"2,010",1,25,CUNDINAMARCA,25178,Municipio,-74.044876,4.442671,
2047,CHIPAQUE,"2,018",1,25,CUNDINAMARCA,25178,Municipio,-74.044876,4.442671,
2048,CHIPATÁ,"2,003",1,68,SANTANDER,68179,Municipio,-73.637111,6.062521,
2049,CHIPATÁ,"2,016",1,68,SANTANDER,68179,Municipio,-73.637111,6.062521,
2050,CHIPATÁ,"2,017",2,68,SANTANDER,68179,Municipio,-73.637111,6.062521,
2051,CHIQUINQUIRÁ,"1,987",1,15,BOYACÁ,15176,Municipio,-73.818745,5.61379,
2052,CHIQUINQUIRÁ,"1,989",2,15,BOYACÁ,15176,Municipio,-73.818745,5.61379,
2053,CHIQUINQUIRÁ,"1,990",2,15,BOYACÁ,15176,Municipio,-73.818745,5.61379,
2054,CHIQUINQUIRÁ,"1,991",1,15,BOYACÁ,15176,Municipio,-73.818745,5.61379,
2055,CHIQUINQUIRÁ,"1,992",3,15,BOYACÁ,15176,Municipio,-73.818745,5.61379,
2056,CHIQUINQUIRÁ,"1,993",1,15,BOYACÁ,15176,Municipio,-73.818745,5.61379,
2057,CHIQUINQUIRÁ,"1,994",1,15,BOYACÁ,15176,Municipio,-73.818745,5.61379,
2058,CHIQUINQUIRÁ,"1,995",3,15,BOYACÁ,15176,Municipio,-73.818745,5.61379,
2059,CHIQUINQUIRÁ,"1,996",1,15,BOYACÁ,15176,Municipio,-73.818745,5.61379,
2060,CHIQUINQUIRÁ,"1,997",3,15,BOYACÁ,15176,Municipio,-73.818745,5.61379,
2061,CHIQUINQUIRÁ,"2,001",2,15,BOYACÁ,15176,Municipio,-73.818745,5.61379,
2062,CHIQUINQUIRÁ,"2,002",3,15,BOYACÁ,15176,Municipio,-73.818745,5.61379,
2063,CHIQUINQUIRÁ,"2,003",2,15,BOYACÁ,15176,Municipio,-73.818745,5.61379,
2064,CHIQUINQUIRÁ,"2,004",1,15,BOYACÁ,15176,Municipio,-73.818745,5.61379,
2065,CHIQUINQUIRÁ,"2,008",1,15,BOYACÁ,15176,Municipio,-73.818745,5.61379,
2066,CHIQUINQUIRÁ,"2,009",1,15,BOYACÁ,15176,Municipio,-73.818745,5.61379,
2067,CHIQUINQUIRÁ,"2,010",1,15,BOYACÁ,15176,Municipio,-73.818745,5.61379,
2068,CHIQUINQUIRÁ,"2,011",3,15,BOYACÁ,15176,Municipio,-73.818745,5.61379,
2069,CHIQUINQUIRÁ,"2,012",5,15,BOYACÁ,15176,Municipio,-73.818745,5.61379,
2070,CHIQUINQUIRÁ,"2,013",6,15,BOYACÁ,15176,Municipio,-73.818745,5.61379,
2071,CHIQUINQUIRÁ,"2,014",1,15,BOYACÁ,15176,Municipio,-73.818745,5.61379,
2072,CHIQUINQUIRÁ,"2,015",3,15,BOYACÁ,15176,Municipio,-73.818745,5.61379,
2073,CHIQUINQUIRÁ,"2,016",2,15,BOYACÁ,15176,Municipio,-73.818745,5.61379,
2074,CHIQUINQUIRÁ,"2,017",3,15,BOYACÁ,15176,Municipio,-73.818745,5.61379,
2075,CHIQUINQUIRÁ,"2,018",9,15,BOYACÁ,15176,Municipio,-73.818745,5.61379,
2076,CHIQUINQUIRÁ,"2,019",5,15,BOYACÁ,15176,Municipio,-73.818745,5.61379,
2077,CHIRIGUANÁ,"1,991",1,20,CESAR,20178,Municipio,-73.599913,9.361058,
2078,CHIRIGUANÁ,"1,992",1,20,CESAR,20178,Municipio,-73.599913,9.361058,
2079,CHIRIGUANÁ,"1,999",1,20,CESAR,20178,Municipio,-73.599913,9.361058,
2080,CHIRIGUANÁ,"2,008",1,20,CESAR,20178,Municipio,-73.599913,9.361058,
2081,CHIRIGUANÁ,"2,010",1,20,CESAR,20178,Municipio,-73.599913,9.361058,
2082,CHIRIGUANÁ,"2,011",1,20,CESAR,20178,Municipio,-73.599913,9.361058,
2083,CHIRIGUANÁ,"2,019",1,20,CESAR,20178,Municipio,-73.599913,9.361058,
2084,CHISCAS,"2,003",1,15,BOYACÁ,15180,Municipio,-72.500957,6.553136,
2085,CHITAGÁ,"2,007",1,54,NORTE DE SANTANDER,54174,Municipio,-72.665468,7.138187,
2086,CHITARAQUE,"1,995",1,15,BOYACÁ,15185,Municipio,-73.4471,6.027425,
2087,CHITARAQUE,"2,008",1,15,BOYACÁ,15185,Municipio,-73.4471,6.027425,
2088,CHIVOLO,"2,003",1,47,MAGDALENA,47170,Municipio,-74.622242,10.026631,
2089,CHIVOLO,"2,004",1,47,MAGDALENA,47170,Municipio,-74.622242,10.026631,
2090,CHIVOLO,"2,005",1,47,MAGDALENA,47170,Municipio,-74.622242,10.026631,
2091,CHIVOLO,"2,007",1,47,MAGDALENA,47170,Municipio,-74.622242,10.026631,
2092,CHIVOLO,"2,011",1,47,MAGDALENA,47170,Municipio,-74.622242,10.026631,
2093,CHIVOR,"2,008",1,15,BOYACÁ,15236,Municipio,-73.368398,4.888173,
2094,CHIVOR,"2,010",1,15,BOYACÁ,15236,Municipio,-73.368398,4.888173,
2095,CHIVOR,"2,014",1,15,BOYACÁ,15236,Municipio,-73.368398,4.888173,
2096,CHOACHÍ,"1,985",1,25,CUNDINAMARCA,25181,Municipio,-73.922894,4.527048,
2097,CHOACHÍ,"1,986",3,25,CUNDINAMARCA,25181,Municipio,-73.922894,4.527048,
2098,CHOACHÍ,"1,987",1,25,CUNDINAMARCA,25181,Municipio,-73.922894,4.527048,
2099,CHOACHÍ,"1,989",2,25,CUNDINAMARCA,25181,Municipio,-73.922894,4.527048,
2100,CHOACHÍ,"1,990",1,25,CUNDINAMARCA,25181,Municipio,-73.922894,4.527048,
2101,CHOACHÍ,"1,994",1,25,CUNDINAMARCA,25181,Municipio,-73.922894,4.527048,
2102,CHOACHÍ,"1,996",2,25,CUNDINAMARCA,25181,Municipio,-73.922894,4.527048,
2103,CHOACHÍ,"2,008",3,25,CUNDINAMARCA,25181,Municipio,-73.922894,4.527048,
2104,CHOACHÍ,"2,009",1,25,CUNDINAMARCA,25181,Municipio,-73.922894,4.527048,
2105,CHOACHÍ,"2,011",1,25,CUNDINAMARCA,25181,Municipio,-73.922894,4.527048,
2106,CHOACHÍ,"2,012",1,25,CUNDINAMARCA,25181,Municipio,-73.922894,4.527048,
2107,CHOACHÍ,"2,015",2,25,CUNDINAMARCA,25181,Municipio,-73.922894,4.527048,
2108,CHOCONTÁ,"1,986",1,25,CUNDINAMARCA,25183,Municipio,-73.683533,5.145224,
2109,CHOCONTÁ,"1,990",1,25,CUNDINAMARCA,25183,Municipio,-73.683533,5.145224,
2110,CHOCONTÁ,"1,991",1,25,CUNDINAMARCA,25183,Municipio,-73.683533,5.145224,
2111,CHOCONTÁ,"1,992",2,25,CUNDINAMARCA,25183,Municipio,-73.683533,5.145224,
2112,CHOCONTÁ,"1,994",1,25,CUNDINAMARCA,25183,Municipio,-73.683533,5.145224,
2113,CHOCONTÁ,"1,995",2,25,CUNDINAMARCA,25183,Municipio,-73.683533,5.145224,
2114,CHOCONTÁ,"1,998",2,25,CUNDINAMARCA,25183,Municipio,-73.683533,5.145224,
2115,CHOCONTÁ,"1,999",1,25,CUNDINAMARCA,25183,Municipio,-73.683533,5.145224,
2116,CHOCONTÁ,"2,000",1,25,CUNDINAMARCA,25183,Municipio,-73.683533,5.145224,
2117,CHOCONTÁ,"2,003",1,25,CUNDINAMARCA,25183,Municipio,-73.683533,5.145224,
2118,CHOCONTÁ,"2,004",1,25,CUNDINAMARCA,25183,Municipio,-73.683533,5.145224,
2119,CHOCONTÁ,"2,006",1,25,CUNDINAMARCA,25183,Municipio,-73.683533,5.145224,
2120,CHOCONTÁ,"2,010",1,25,CUNDINAMARCA,25183,Municipio,-73.683533,5.145224,
2121,CHOCONTÁ,"2,011",1,25,CUNDINAMARCA,25183,Municipio,-73.683533,5.145224,
2122,CHOCONTÁ,"2,012",2,25,CUNDINAMARCA,25183,Municipio,-73.683533,5.145224,
2123,CHOCONTÁ,"2,013",1,25,CUNDINAMARCA,25183,Municipio,-73.683533,5.145224,
2124,CHOCONTÁ,"2,014",1,25,CUNDINAMARCA,25183,Municipio,-73.683533,5.145224,
2125,CHÍA,"1,985",1,25,CUNDINAMARCA,25175,Municipio,-74.05,4.866508,
2126,CHÍA,"1,986",1,25,CUNDINAMARCA,25175,Municipio,-74.05,4.866508,
2127,CHÍA,"1,987",1,25,CUNDINAMARCA,25175,Municipio,-74.05,4.866508,
2128,CHÍA,"1,988",3,25,CUNDINAMARCA,25175,Municipio,-74.05,4.866508,
2129,CHÍA,"1,989",3,25,CUNDINAMARCA,25175,Municipio,-74.05,4.866508,
2130,CHÍA,"1,991",3,25,CUNDINAMARCA,25175,Municipio,-74.05,4.866508,
2131,CHÍA,"1,992",2,25,CUNDINAMARCA,25175,Municipio,-74.05,4.866508,
2132,CHÍA,"1,993",4,25,CUNDINAMARCA,25175,Municipio,-74.05,4.866508,
2133,CHÍA,"1,994",2,25,CUNDINAMARCA,25175,Municipio,-74.05,4.866508,
2134,CHÍA,"1,995",6,25,CUNDINAMARCA,25175,Municipio,-74.05,4.866508,
2135,CHÍA,"1,996",2,25,CUNDINAMARCA,25175,Municipio,-74.05,4.866508,
2136,CHÍA,"1,997",2,25,CUNDINAMARCA,25175,Municipio,-74.05,4.866508,
2137,CHÍA,"1,998",3,25,CUNDINAMARCA,25175,Municipio,-74.05,4.866508,
2138,CHÍA,"2,000",4,25,CUNDINAMARCA,25175,Municipio,-74.05,4.866508,
2139,CHÍA,"2,001",4,25,CUNDINAMARCA,25175,Municipio,-74.05,4.866508,
2140,CHÍA,"2,002",8,25,CUNDINAMARCA,25175,Municipio,-74.05,4.866508,
2141,CHÍA,"2,003",2,25,CUNDINAMARCA,25175,Municipio,-74.05,4.866508,
2142,CHÍA,"2,004",1,25,CUNDINAMARCA,25175,Municipio,-74.05,4.866508,
2143,CHÍA,"2,005",4,25,CUNDINAMARCA,25175,Municipio,-74.05,4.866508,
2144,CHÍA,"2,006",4,25,CUNDINAMARCA,25175,Municipio,-74.05,4.866508,
2145,CHÍA,"2,007",2,25,CUNDINAMARCA,25175,Municipio,-74.05,4.866508,
2146,CHÍA,"2,008",3,25,CUNDINAMARCA,25175,Municipio,-74.05,4.866508,
2147,CHÍA,"2,009",10,25,CUNDINAMARCA,25175,Municipio,-74.05,4.866508,
2148,CHÍA,"2,010",13,25,CUNDINAMARCA,25175,Municipio,-74.05,4.866508,
2149,CHÍA,"2,011",8,25,CUNDINAMARCA,25175,Municipio,-74.05,4.866508,
2150,CHÍA,"2,012",7,25,CUNDINAMARCA,25175,Municipio,-74.05,4.866508,
2151,CHÍA,"2,013",9,25,CUNDINAMARCA,25175,Municipio,-74.05,4.866508,
2152,CHÍA,"2,014",6,25,CUNDINAMARCA,25175,Municipio,-74.05,4.866508,
2153,CHÍA,"2,015",10,25,CUNDINAMARCA,25175,Municipio,-74.05,4.866508,
2154,CHÍA,"2,016",9,25,CUNDINAMARCA,25175,Municipio,-74.05,4.866508,
2155,CHÍA,"2,017",9,25,CUNDINAMARCA,25175,Municipio,-74.05,4.866508,
2156,CHÍA,"2,018",8,25,CUNDINAMARCA,25175,Municipio,-74.05,4.866508,
2157,CHÍA,"2,019",14,25,CUNDINAMARCA,25175,Municipio,-74.05,4.866508,
2158,CHÍQUIZA,"2,011",1,15,BOYACÁ,15232,Municipio,-73.449463,5.639834,
2159,CICUCO,"2,018",1,13,BOLÍVAR,13188,Municipio,-74.645981,9.274281,
2160,CIMITARRA,"1,993",1,68,SANTANDER,68190,Municipio,-73.953011,6.320886,
2161,CIMITARRA,"2,005",1,68,SANTANDER,68190,Municipio,-73.953011,6.320886,
2162,CIMITARRA,"2,008",1,68,SANTANDER,68190,Municipio,-73.953011,6.320886,
2163,CIMITARRA,"2,009",1,68,SANTANDER,68190,Municipio,-73.953011,6.320886,
2164,CIMITARRA,"2,010",1,68,SANTANDER,68190,Municipio,-73.953011,6.320886,
2165,CIMITARRA,"2,012",1,68,SANTANDER,68190,Municipio,-73.953011,6.320886,
2166,CIMITARRA,"2,013",1,68,SANTANDER,68190,Municipio,-73.953011,6.320886,
2167,CIMITARRA,"2,015",1,68,SANTANDER,68190,Municipio,-73.953011,6.320886,
2168,CIMITARRA,"2,016",2,68,SANTANDER,68190,Municipio,-73.953011,6.320886,
2169,CIMITARRA,"2,017",1,68,SANTANDER,68190,Municipio,-73.953011,6.320886,
2170,CIMITARRA,"2,019",1,68,SANTANDER,68190,Municipio,-73.953011,6.320886,
2171,CIRCASIA,"1,985",1,63,QUINDÍO,63190,Municipio,-75.636533,4.617759,
2172,CIRCASIA,"1,986",2,63,QUINDÍO,63190,Municipio,-75.636533,4.617759,
2173,CIRCASIA,"1,990",1,63,QUINDÍO,63190,Municipio,-75.636533,4.617759,
2174,CIRCASIA,"1,995",1,63,QUINDÍO,63190,Municipio,-75.636533,4.617759,
2175,CIRCASIA,"1,996",1,63,QUINDÍO,63190,Municipio,-75.636533,4.617759,
2176,CIRCASIA,"1,997",2,63,QUINDÍO,63190,Municipio,-75.636533,4.617759,
2177,CIRCASIA,"1,999",2,63,QUINDÍO,63190,Municipio,-75.636533,4.617759,
2178,CIRCASIA,"2,003",1,63,QUINDÍO,63190,Municipio,-75.636533,4.617759,
2179,CIRCASIA,"2,005",2,63,QUINDÍO,63190,Municipio,-75.636533,4.617759,
2180,CIRCASIA,"2,009",2,63,QUINDÍO,63190,Municipio,-75.636533,4.617759,
2181,CIRCASIA,"2,010",1,63,QUINDÍO,63190,Municipio,-75.636533,4.617759,
2182,CIRCASIA,"2,011",2,63,QUINDÍO,63190,Municipio,-75.636533,4.617759,
2183,CIRCASIA,"2,012",1,63,QUINDÍO,63190,Municipio,-75.636533,4.617759,
2184,CIRCASIA,"2,014",1,63,QUINDÍO,63190,Municipio,-75.636533,4.617759,
2185,CIRCASIA,"2,016",6,63,QUINDÍO,63190,Municipio,-75.636533,4.617759,
2186,CIRCASIA,"2,017",3,63,QUINDÍO,63190,Municipio,-75.636533,4.617759,
2187,CIRCASIA,"2,018",2,63,QUINDÍO,63190,Municipio,-75.636533,4.617759,
2188,CIRCASIA,"2,019",2,63,QUINDÍO,63190,Municipio,-75.636533,4.617759,
2189,CISNEROS,"1,986",1,5,ANTIOQUIA,5190,Municipio,-75.087047,6.537829,
2190,CISNEROS,"1,987",2,5,ANTIOQUIA,5190,Municipio,-75.087047,6.537829,
2191,CISNEROS,"1,994",1,5,ANTIOQUIA,5190,Municipio,-75.087047,6.537829,
2192,CISNEROS,"1,995",1,5,ANTIOQUIA,5190,Municipio,-75.087047,6.537829,
2193,CISNEROS,"1,996",1,5,ANTIOQUIA,5190,Municipio,-75.087047,6.537829,
2194,CISNEROS,"1,997",2,5,ANTIOQUIA,5190,Municipio,-75.087047,6.537829,
2195,CISNEROS,"2,001",1,5,ANTIOQUIA,5190,Municipio,-75.087047,6.537829,
2196,CISNEROS,"2,009",1,5,ANTIOQUIA,5190,Municipio,-75.087047,6.537829,
2197,CISNEROS,"2,012",2,5,ANTIOQUIA,5190,Municipio,-75.087047,6.537829,
2198,CISNEROS,"2,014",2,5,ANTIOQUIA,5190,Municipio,-75.087047,6.537829,
2199,CISNEROS,"2,017",2,5,ANTIOQUIA,5190,Municipio,-75.087047,6.537829,
2200,CISNEROS,"2,019",1,5,ANTIOQUIA,5190,Municipio,-75.087047,6.537829,
2201,CIUDAD BOLÍVAR,"1,986",2,5,ANTIOQUIA,5101,Municipio,-76.021509,5.850273,
2202,CIUDAD BOLÍVAR,"1,987",3,5,ANTIOQUIA,5101,Municipio,-76.021509,5.850273,
2203,CIUDAD BOLÍVAR,"1,988",2,5,ANTIOQUIA,5101,Municipio,-76.021509,5.850273,
2204,CIUDAD BOLÍVAR,"1,989",1,5,ANTIOQUIA,5101,Municipio,-76.021509,5.850273,
2205,CIUDAD BOLÍVAR,"1,990",1,5,ANTIOQUIA,5101,Municipio,-76.021509,5.850273,
2206,CIUDAD BOLÍVAR,"1,991",1,5,ANTIOQUIA,5101,Municipio,-76.021509,5.850273,
2207,CIUDAD BOLÍVAR,"1,992",1,5,ANTIOQUIA,5101,Municipio,-76.021509,5.850273,
2208,CIUDAD BOLÍVAR,"1,993",2,5,ANTIOQUIA,5101,Municipio,-76.021509,5.850273,
2209,CIUDAD BOLÍVAR,"1,995",2,5,ANTIOQUIA,5101,Municipio,-76.021509,5.850273,
2210,CIUDAD BOLÍVAR,"1,996",1,5,ANTIOQUIA,5101,Municipio,-76.021509,5.850273,
2211,CIUDAD BOLÍVAR,"1,997",2,5,ANTIOQUIA,5101,Municipio,-76.021509,5.850273,
2212,CIUDAD BOLÍVAR,"1,999",5,5,ANTIOQUIA,5101,Municipio,-76.021509,5.850273,
2213,CIUDAD BOLÍVAR,"2,000",2,5,ANTIOQUIA,5101,Municipio,-76.021509,5.850273,
2214,CIUDAD BOLÍVAR,"2,001",1,5,ANTIOQUIA,5101,Municipio,-76.021509,5.850273,
2215,CIUDAD BOLÍVAR,"2,002",2,5,ANTIOQUIA,5101,Municipio,-76.021509,5.850273,
2216,CIUDAD BOLÍVAR,"2,003",2,5,ANTIOQUIA,5101,Municipio,-76.021509,5.850273,
2217,CIUDAD BOLÍVAR,"2,004",1,5,ANTIOQUIA,5101,Municipio,-76.021509,5.850273,
2218,CIUDAD BOLÍVAR,"2,005",4,5,ANTIOQUIA,5101,Municipio,-76.021509,5.850273,
2219,CIUDAD BOLÍVAR,"2,006",3,5,ANTIOQUIA,5101,Municipio,-76.021509,5.850273,
2220,CIUDAD BOLÍVAR,"2,008",2,5,ANTIOQUIA,5101,Municipio,-76.021509,5.850273,
2221,CIUDAD BOLÍVAR,"2,009",1,5,ANTIOQUIA,5101,Municipio,-76.021509,5.850273,
2222,CIUDAD BOLÍVAR,"2,010",2,5,ANTIOQUIA,5101,Municipio,-76.021509,5.850273,
2223,CIUDAD BOLÍVAR,"2,011",1,5,ANTIOQUIA,5101,Municipio,-76.021509,5.850273,
2224,CIUDAD BOLÍVAR,"2,014",1,5,ANTIOQUIA,5101,Municipio,-76.021509,5.850273,
2225,CIUDAD BOLÍVAR,"2,015",3,5,ANTIOQUIA,5101,Municipio,-76.021509,5.850273,
2226,CIUDAD BOLÍVAR,"2,017",4,5,ANTIOQUIA,5101,Municipio,-76.021509,5.850273,
2227,CIÉNAGA,"1,985",3,47,MAGDALENA,47189,Municipio,-74.241286,11.006654,
2228,CIÉNAGA,"1,986",1,47,MAGDALENA,47189,Municipio,-74.241286,11.006654,
2229,CIÉNAGA,"1,988",1,47,MAGDALENA,47189,Municipio,-74.241286,11.006654,
2230,CIÉNAGA,"1,994",2,47,MAGDALENA,47189,Municipio,-74.241286,11.006654,
2231,CIÉNAGA,"1,995",1,47,MAGDALENA,47189,Municipio,-74.241286,11.006654,
2232,CIÉNAGA,"1,996",2,47,MAGDALENA,47189,Municipio,-74.241286,11.006654,
2233,CIÉNAGA,"1,997",1,47,MAGDALENA,47189,Municipio,-74.241286,11.006654,
2234,CIÉNAGA,"1,998",1,47,MAGDALENA,47189,Municipio,-74.241286,11.006654,
2235,CIÉNAGA,"1,999",6,47,MAGDALENA,47189,Municipio,-74.241286,11.006654,
2236,CIÉNAGA,"2,000",2,47,MAGDALENA,47189,Municipio,-74.241286,11.006654,
2237,CIÉNAGA,"2,001",2,47,MAGDALENA,47189,Municipio,-74.241286,11.006654,
2238,CIÉNAGA,"2,002",1,47,MAGDALENA,47189,Municipio,-74.241286,11.006654,
2239,CIÉNAGA,"2,003",4,47,MAGDALENA,47189,Municipio,-74.241286,11.006654,
2240,CIÉNAGA,"2,005",1,47,MAGDALENA,47189,Municipio,-74.241286,11.006654,
2241,CIÉNAGA,"2,006",4,47,MAGDALENA,47189,Municipio,-74.241286,11.006654,
2242,CIÉNAGA,"2,008",2,47,MAGDALENA,47189,Municipio,-74.241286,11.006654,
2243,CIÉNAGA,"2,009",2,47,MAGDALENA,47189,Municipio,-74.241286,11.006654,
2244,CIÉNAGA,"2,010",4,47,MAGDALENA,47189,Municipio,-74.241286,11.006654,
2245,CIÉNAGA,"2,011",2,47,MAGDALENA,47189,Municipio,-74.241286,11.006654,
2246,CIÉNAGA,"2,012",6,47,MAGDALENA,47189,Municipio,-74.241286,11.006654,
2247,CIÉNAGA,"2,013",2,47,MAGDALENA,47189,Municipio,-74.241286,11.006654,
2248,CIÉNAGA,"2,014",5,47,MAGDALENA,47189,Municipio,-74.241286,11.006654,
2249,CIÉNAGA,"2,015",3,47,MAGDALENA,47189,Municipio,-74.241286,11.006654,
2250,CIÉNAGA,"2,016",6,47,MAGDALENA,47189,Municipio,-74.241286,11.006654,
2251,CIÉNAGA,"2,017",5,47,MAGDALENA,47189,Municipio,-74.241286,11.006654,
2252,CIÉNAGA,"2,018",5,47,MAGDALENA,47189,Municipio,-74.241286,11.006654,
2253,CIÉNAGA,"2,019",6,47,MAGDALENA,47189,Municipio,-74.241286,11.006654,
2254,CIÉNAGA DE ORO,"1,985",1,23,CÓRDOBA,23189,Municipio,-75.620807,8.875794,
2255,CIÉNAGA DE ORO,"1,986",1,23,CÓRDOBA,23189,Municipio,-75.620807,8.875794,
2256,CIÉNAGA DE ORO,"1,987",1,23,CÓRDOBA,23189,Municipio,-75.620807,8.875794,
2257,CIÉNAGA DE ORO,"1,988",1,23,CÓRDOBA,23189,Municipio,-75.620807,8.875794,
2258,CIÉNAGA DE ORO,"1,989",1,23,CÓRDOBA,23189,Municipio,-75.620807,8.875794,
2259,CIÉNAGA DE ORO,"1,996",2,23,CÓRDOBA,23189,Municipio,-75.620807,8.875794,
2260,CIÉNAGA DE ORO,"1,999",1,23,CÓRDOBA,23189,Municipio,-75.620807,8.875794,
2261,CIÉNAGA DE ORO,"2,000",1,23,CÓRDOBA,23189,Municipio,-75.620807,8.875794,
2262,CIÉNAGA DE ORO,"2,001",3,23,CÓRDOBA,23189,Municipio,-75.620807,8.875794,
2263,CIÉNAGA DE ORO,"2,006",1,23,CÓRDOBA,23189,Municipio,-75.620807,8.875794,
2264,CIÉNAGA DE ORO,"2,007",3,23,CÓRDOBA,23189,Municipio,-75.620807,8.875794,
2265,CIÉNAGA DE ORO,"2,008",1,23,CÓRDOBA,23189,Municipio,-75.620807,8.875794,
2266,CIÉNAGA DE ORO,"2,009",3,23,CÓRDOBA,23189,Municipio,-75.620807,8.875794,
2267,CIÉNAGA DE ORO,"2,011",1,23,CÓRDOBA,23189,Municipio,-75.620807,8.875794,
2268,CIÉNAGA DE ORO,"2,012",3,23,CÓRDOBA,23189,Municipio,-75.620807,8.875794,
2269,CIÉNAGA DE ORO,"2,013",2,23,CÓRDOBA,23189,Municipio,-75.620807,8.875794,
2270,CIÉNAGA DE ORO,"2,015",2,23,CÓRDOBA,23189,Municipio,-75.620807,8.875794,
2271,CIÉNAGA DE ORO,"2,017",1,23,CÓRDOBA,23189,Municipio,-75.620807,8.875794,
2272,CIÉNAGA DE ORO,"2,019",1,23,CÓRDOBA,23189,Municipio,-75.620807,8.875794,
2273,CIÉNEGA,"2,001",1,15,BOYACÁ,15189,Municipio,-73.296049,5.408694,
2274,CIÉNEGA,"2,017",1,15,BOYACÁ,15189,Municipio,-73.296049,5.408694,
2275,CLEMENCIA,"2,004",1,13,BOLÍVAR,13222,Municipio,-75.328469,10.567452,
2276,CLEMENCIA,"2,009",1,13,BOLÍVAR,13222,Municipio,-75.328469,10.567452,
2277,CLEMENCIA,"2,017",1,13,BOLÍVAR,13222,Municipio,-75.328469,10.567452,
2278,CLEMENCIA,"2,019",1,13,BOLÍVAR,13222,Municipio,-75.328469,10.567452,
2279,COCORNÁ,"1,988",1,5,ANTIOQUIA,5197,Municipio,-75.185483,6.058295,
2280,COCORNÁ,"1,991",1,5,ANTIOQUIA,5197,Municipio,-75.185483,6.058295,
2281,COCORNÁ,"1,994",1,5,ANTIOQUIA,5197,Municipio,-75.185483,6.058295,
2282,COCORNÁ,"2,000",1,5,ANTIOQUIA,5197,Municipio,-75.185483,6.058295,
2283,COCORNÁ,"2,008",2,5,ANTIOQUIA,5197,Municipio,-75.185483,6.058295,
2284,COCORNÁ,"2,009",2,5,ANTIOQUIA,5197,Municipio,-75.185483,6.058295,
2285,COCORNÁ,"2,011",1,5,ANTIOQUIA,5197,Municipio,-75.185483,6.058295,
2286,COCORNÁ,"2,014",1,5,ANTIOQUIA,5197,Municipio,-75.185483,6.058295,
2287,COCORNÁ,"2,018",1,5,ANTIOQUIA,5197,Municipio,-75.185483,6.058295,
2288,COCORNÁ,"2,019",1,5,ANTIOQUIA,5197,Municipio,-75.185483,6.058295,
2289,COELLO,"2,002",1,73,TOLIMA,73200,Municipio,-74.898464,4.287276,
2290,COGUA,"1,998",1,25,CUNDINAMARCA,25200,Municipio,-73.978497,5.061842,
2291,COGUA,"2,002",2,25,CUNDINAMARCA,25200,Municipio,-73.978497,5.061842,
2292,COGUA,"2,003",1,25,CUNDINAMARCA,25200,Municipio,-73.978497,5.061842,
2293,COGUA,"2,006",1,25,CUNDINAMARCA,25200,Municipio,-73.978497,5.061842,
2294,COGUA,"2,010",2,25,CUNDINAMARCA,25200,Municipio,-73.978497,5.061842,
2295,COGUA,"2,016",1,25,CUNDINAMARCA,25200,Municipio,-73.978497,5.061842,
2296,COLOMBIA,"1,993",2,41,HUILA,41206,Municipio,-74.802815,3.376745,
2297,COLOMBIA,"2,003",1,41,HUILA,41206,Municipio,-74.802815,3.376745,
2298,COLOMBIA,"2,013",1,41,HUILA,41206,Municipio,-74.802815,3.376745,
2299,COLOSÓ,"1,996",1,70,SUCRE,70204,Municipio,-75.353256,9.494192,
2300,COLOSÓ,"2,007",1,70,SUCRE,70204,Municipio,-75.353256,9.494192,
2301,COLÓN,"1,994",1,52,NARIÑO,52203,Municipio,-77.019777,1.643878,
2302,COLÓN,"1,994",1,86,PUTUMAYO,86219,Municipio,-76.972566,1.190133,
2303,COLÓN,"1,995",2,52,NARIÑO,52203,Municipio,-77.019777,1.643878,
2304,COLÓN,"1,995",2,86,PUTUMAYO,86219,Municipio,-76.972566,1.190133,
2305,COLÓN,"1,999",1,52,NARIÑO,52203,Municipio,-77.019777,1.643878,
2306,COLÓN,"1,999",1,86,PUTUMAYO,86219,Municipio,-76.972566,1.190133,
2307,COLÓN,"2,007",1,52,NARIÑO,52203,Municipio,-77.019777,1.643878,
2308,COLÓN,"2,007",1,86,PUTUMAYO,86219,Municipio,-76.972566,1.190133,
2309,COLÓN,"2,009",1,52,NARIÑO,52203,Municipio,-77.019777,1.643878,
2310,COLÓN,"2,009",1,86,PUTUMAYO,86219,Municipio,-76.972566,1.190133,
2311,COLÓN,"2,010",1,52,NARIÑO,52203,Municipio,-77.019777,1.643878,
2312,COLÓN,"2,010",1,86,PUTUMAYO,86219,Municipio,-76.972566,1.190133,
2313,COLÓN,"2,012",1,52,NARIÑO,52203,Municipio,-77.019777,1.643878,
2314,COLÓN,"2,012",1,86,PUTUMAYO,86219,Municipio,-76.972566,1.190133,
2315,COLÓN,"2,017",1,52,NARIÑO,52203,Municipio,-77.019777,1.643878,
2316,COLÓN,"2,017",1,86,PUTUMAYO,86219,Municipio,-76.972566,1.190133,
2317,COLÓN,"2,018",1,52,NARIÑO,52203,Municipio,-77.019777,1.643878,
2318,COLÓN,"2,018",1,86,PUTUMAYO,86219,Municipio,-76.972566,1.190133,
2319,CONCEPCIÓN,"1,990",2,5,ANTIOQUIA,5206,Municipio,-75.257587,6.394348,
2320,CONCEPCIÓN,"1,990",2,68,SANTANDER,68207,Municipio,-72.694567,6.768908,
2321,CONCEPCIÓN,"1,991",1,5,ANTIOQUIA,5206,Municipio,-75.257587,6.394348,
2322,CONCEPCIÓN,"1,991",1,68,SANTANDER,68207,Municipio,-72.694567,6.768908,
2323,CONCEPCIÓN,"1,992",1,5,ANTIOQUIA,5206,Municipio,-75.257587,6.394348,
2324,CONCEPCIÓN,"1,992",1,68,SANTANDER,68207,Municipio,-72.694567,6.768908,
2325,CONCEPCIÓN,"1,997",1,5,ANTIOQUIA,5206,Municipio,-75.257587,6.394348,
2326,CONCEPCIÓN,"1,997",1,68,SANTANDER,68207,Municipio,-72.694567,6.768908,
2327,CONCEPCIÓN,"2,008",1,5,ANTIOQUIA,5206,Municipio,-75.257587,6.394348,
2328,CONCEPCIÓN,"2,008",1,68,SANTANDER,68207,Municipio,-72.694567,6.768908,
2329,CONCEPCIÓN,"2,009",1,5,ANTIOQUIA,5206,Municipio,-75.257587,6.394348,
2330,CONCEPCIÓN,"2,009",1,68,SANTANDER,68207,Municipio,-72.694567,6.768908,
2331,CONCEPCIÓN,"2,012",1,5,ANTIOQUIA,5206,Municipio,-75.257587,6.394348,
2332,CONCEPCIÓN,"2,012",1,68,SANTANDER,68207,Municipio,-72.694567,6.768908,
2333,CONCEPCIÓN,"2,015",1,5,ANTIOQUIA,5206,Municipio,-75.257587,6.394348,
2334,CONCEPCIÓN,"2,015",1,68,SANTANDER,68207,Municipio,-72.694567,6.768908,
2335,CONCEPCIÓN,"2,018",1,5,ANTIOQUIA,5206,Municipio,-75.257587,6.394348,
2336,CONCEPCIÓN,"2,018",1,68,SANTANDER,68207,Municipio,-72.694567,6.768908,
2337,CONCORDIA,"1,985",1,5,ANTIOQUIA,5209,Municipio,-75.908448,6.045738,
2338,CONCORDIA,"1,985",1,47,MAGDALENA,47205,Municipio,-74.83303,10.257314,
2339,CONCORDIA,"1,986",2,5,ANTIOQUIA,5209,Municipio,-75.908448,6.045738,
2340,CONCORDIA,"1,986",2,47,MAGDALENA,47205,Municipio,-74.83303,10.257314,
2341,CONCORDIA,"1,987",1,5,ANTIOQUIA,5209,Municipio,-75.908448,6.045738,
2342,CONCORDIA,"1,987",1,47,MAGDALENA,47205,Municipio,-74.83303,10.257314,
2343,CONCORDIA,"1,988",1,5,ANTIOQUIA,5209,Municipio,-75.908448,6.045738,
2344,CONCORDIA,"1,988",1,47,MAGDALENA,47205,Municipio,-74.83303,10.257314,
2345,CONCORDIA,"1,991",1,5,ANTIOQUIA,5209,Municipio,-75.908448,6.045738,
2346,CONCORDIA,"1,991",1,47,MAGDALENA,47205,Municipio,-74.83303,10.257314,
2347,CONCORDIA,"1,994",2,5,ANTIOQUIA,5209,Municipio,-75.908448,6.045738,
2348,CONCORDIA,"1,994",2,47,MAGDALENA,47205,Municipio,-74.83303,10.257314,
2349,CONCORDIA,"1,996",2,5,ANTIOQUIA,5209,Municipio,-75.908448,6.045738,
2350,CONCORDIA,"1,996",2,47,MAGDALENA,47205,Municipio,-74.83303,10.257314,
2351,CONCORDIA,"1,997",1,5,ANTIOQUIA,5209,Municipio,-75.908448,6.045738,
2352,CONCORDIA,"1,997",1,47,MAGDALENA,47205,Municipio,-74.83303,10.257314,
2353,CONCORDIA,"1,999",1,5,ANTIOQUIA,5209,Municipio,-75.908448,6.045738,
2354,CONCORDIA,"1,999",1,47,MAGDALENA,47205,Municipio,-74.83303,10.257314,
2355,CONCORDIA,"2,000",1,5,ANTIOQUIA,5209,Municipio,-75.908448,6.045738,
2356,CONCORDIA,"2,000",1,47,MAGDALENA,47205,Municipio,-74.83303,10.257314,
2357,CONCORDIA,"2,002",2,5,ANTIOQUIA,5209,Municipio,-75.908448,6.045738,
2358,CONCORDIA,"2,002",2,47,MAGDALENA,47205,Municipio,-74.83303,10.257314,
2359,CONCORDIA,"2,004",2,5,ANTIOQUIA,5209,Municipio,-75.908448,6.045738,
2360,CONCORDIA,"2,004",2,47,MAGDALENA,47205,Municipio,-74.83303,10.257314,
2361,CONCORDIA,"2,005",1,5,ANTIOQUIA,5209,Municipio,-75.908448,6.045738,
2362,CONCORDIA,"2,005",1,47,MAGDALENA,47205,Municipio,-74.83303,10.257314,
2363,CONCORDIA,"2,007",2,5,ANTIOQUIA,5209,Municipio,-75.908448,6.045738,
2364,CONCORDIA,"2,007",2,47,MAGDALENA,47205,Municipio,-74.83303,10.257314,
2365,CONCORDIA,"2,009",1,5,ANTIOQUIA,5209,Municipio,-75.908448,6.045738,
2366,CONCORDIA,"2,009",1,47,MAGDALENA,47205,Municipio,-74.83303,10.257314,
2367,CONCORDIA,"2,010",1,5,ANTIOQUIA,5209,Municipio,-75.908448,6.045738,
2368,CONCORDIA,"2,010",1,47,MAGDALENA,47205,Municipio,-74.83303,10.257314,
2369,CONCORDIA,"2,011",2,5,ANTIOQUIA,5209,Municipio,-75.908448,6.045738,
2370,CONCORDIA,"2,011",2,47,MAGDALENA,47205,Municipio,-74.83303,10.257314,
2371,CONCORDIA,"2,012",1,5,ANTIOQUIA,5209,Municipio,-75.908448,6.045738,
2372,CONCORDIA,"2,012",1,47,MAGDALENA,47205,Municipio,-74.83303,10.257314,
2373,CONCORDIA,"2,013",2,5,ANTIOQUIA,5209,Municipio,-75.908448,6.045738,
2374,CONCORDIA,"2,013",2,47,MAGDALENA,47205,Municipio,-74.83303,10.257314,
2375,CONCORDIA,"2,014",1,5,ANTIOQUIA,5209,Municipio,-75.908448,6.045738,
2376,CONCORDIA,"2,014",1,47,MAGDALENA,47205,Municipio,-74.83303,10.257314,
2377,CONCORDIA,"2,015",2,5,ANTIOQUIA,5209,Municipio,-75.908448,6.045738,
2378,CONCORDIA,"2,015",2,47,MAGDALENA,47205,Municipio,-74.83303,10.257314,
2379,CONCORDIA,"2,017",1,5,ANTIOQUIA,5209,Municipio,-75.908448,6.045738,
2380,CONCORDIA,"2,017",1,47,MAGDALENA,47205,Municipio,-74.83303,10.257314,
2381,CONCORDIA,"2,018",3,5,ANTIOQUIA,5209,Municipio,-75.908448,6.045738,
2382,CONCORDIA,"2,018",3,47,MAGDALENA,47205,Municipio,-74.83303,10.257314,
2383,CONDOTO,"1,998",1,27,CHOCÓ,27205,Municipio,-76.650683,5.091003,
2384,CONDOTO,"2,001",1,27,CHOCÓ,27205,Municipio,-76.650683,5.091003,
2385,CONDOTO,"2,012",2,27,CHOCÓ,27205,Municipio,-76.650683,5.091003,
2386,CONDOTO,"2,016",1,27,CHOCÓ,27205,Municipio,-76.650683,5.091003,
2387,CONDOTO,"2,017",1,27,CHOCÓ,27205,Municipio,-76.650683,5.091003,
2388,CONDOTO,"2,019",2,27,CHOCÓ,27205,Municipio,-76.650683,5.091003,
2389,CONFINES,"2,000",1,68,SANTANDER,68209,Municipio,-73.240554,6.357327,
2390,CONFINES,"2,017",1,68,SANTANDER,68209,Municipio,-73.240554,6.357327,
2391,CONSACÁ,"2,000",1,52,NARIÑO,52207,Municipio,-77.466136,1.207854,
2392,CONSACÁ,"2,007",1,52,NARIÑO,52207,Municipio,-77.466136,1.207854,
2393,CONSACÁ,"2,013",1,52,NARIÑO,52207,Municipio,-77.466136,1.207854,
2394,CONSACÁ,"2,016",1,52,NARIÑO,52207,Municipio,-77.466136,1.207854,
2395,CONSACÁ,"2,017",2,52,NARIÑO,52207,Municipio,-77.466136,1.207854,
2396,CONTADERO,"2,004",1,52,NARIÑO,52210,Municipio,-77.549409,0.910458,
2397,CONTADERO,"2,012",1,52,NARIÑO,52210,Municipio,-77.549409,0.910458,
2398,CONTADERO,"2,014",1,52,NARIÑO,52210,Municipio,-77.549409,0.910458,
2399,CONTADERO,"2,017",1,52,NARIÑO,52210,Municipio,-77.549409,0.910458,
2400,CONTRATACIÓN,"1,993",1,68,SANTANDER,68211,Municipio,-73.474426,6.290561,
2401,CONTRATACIÓN,"1,995",1,68,SANTANDER,68211,Municipio,-73.474426,6.290561,
2402,CONTRATACIÓN,"2,000",1,68,SANTANDER,68211,Municipio,-73.474426,6.290561,
2403,CONTRATACIÓN,"2,007",1,68,SANTANDER,68211,Municipio,-73.474426,6.290561,
2404,CONTRATACIÓN,"2,011",1,68,SANTANDER,68211,Municipio,-73.474426,6.290561,
2405,CONTRATACIÓN,"2,019",1,68,SANTANDER,68211,Municipio,-73.474426,6.290561,
2406,CONVENCIÓN,"1,993",1,54,NORTE DE SANTANDER,54206,Municipio,-73.3372,8.470374,
2407,CONVENCIÓN,"1,994",1,54,NORTE DE SANTANDER,54206,Municipio,-73.3372,8.470374,
2408,CONVENCIÓN,"1,995",1,54,NORTE DE SANTANDER,54206,Municipio,-73.3372,8.470374,
2409,CONVENCIÓN,"1,997",2,54,NORTE DE SANTANDER,54206,Municipio,-73.3372,8.470374,
2410,CONVENCIÓN,"1,998",1,54,NORTE DE SANTANDER,54206,Municipio,-73.3372,8.470374,
2411,CONVENCIÓN,"2,004",1,54,NORTE DE SANTANDER,54206,Municipio,-73.3372,8.470374,
2412,CONVENCIÓN,"2,010",1,54,NORTE DE SANTANDER,54206,Municipio,-73.3372,8.470374,
2413,COPACABANA,"1,985",1,5,ANTIOQUIA,5212,Municipio,-75.509384,6.348557,
2414,COPACABANA,"1,986",1,5,ANTIOQUIA,5212,Municipio,-75.509384,6.348557,
2415,COPACABANA,"1,988",2,5,ANTIOQUIA,5212,Municipio,-75.509384,6.348557,
2416,COPACABANA,"1,989",1,5,ANTIOQUIA,5212,Municipio,-75.509384,6.348557,
2417,COPACABANA,"1,990",2,5,ANTIOQUIA,5212,Municipio,-75.509384,6.348557,
2418,COPACABANA,"1,992",1,5,ANTIOQUIA,5212,Municipio,-75.509384,6.348557,
2419,COPACABANA,"1,993",1,5,ANTIOQUIA,5212,Municipio,-75.509384,6.348557,
2420,COPACABANA,"1,995",1,5,ANTIOQUIA,5212,Municipio,-75.509384,6.348557,
2421,COPACABANA,"1,996",1,5,ANTIOQUIA,5212,Municipio,-75.509384,6.348557,
2422,COPACABANA,"1,997",2,5,ANTIOQUIA,5212,Municipio,-75.509384,6.348557,
2423,COPACABANA,"1,999",1,5,ANTIOQUIA,5212,Municipio,-75.509384,6.348557,
2424,COPACABANA,"2,000",4,5,ANTIOQUIA,5212,Municipio,-75.509384,6.348557,
2425,COPACABANA,"2,001",2,5,ANTIOQUIA,5212,Municipio,-75.509384,6.348557,
2426,COPACABANA,"2,002",2,5,ANTIOQUIA,5212,Municipio,-75.509384,6.348557,
2427,COPACABANA,"2,003",2,5,ANTIOQUIA,5212,Municipio,-75.509384,6.348557,
2428,COPACABANA,"2,004",1,5,ANTIOQUIA,5212,Municipio,-75.509384,6.348557,
2429,COPACABANA,"2,005",3,5,ANTIOQUIA,5212,Municipio,-75.509384,6.348557,
2430,COPACABANA,"2,006",1,5,ANTIOQUIA,5212,Municipio,-75.509384,6.348557,
2431,COPACABANA,"2,008",3,5,ANTIOQUIA,5212,Municipio,-75.509384,6.348557,
2432,COPACABANA,"2,009",1,5,ANTIOQUIA,5212,Municipio,-75.509384,6.348557,
2433,COPACABANA,"2,010",5,5,ANTIOQUIA,5212,Municipio,-75.509384,6.348557,
2434,COPACABANA,"2,011",3,5,ANTIOQUIA,5212,Municipio,-75.509384,6.348557,
2435,COPACABANA,"2,012",3,5,ANTIOQUIA,5212,Municipio,-75.509384,6.348557,
2436,COPACABANA,"2,013",4,5,ANTIOQUIA,5212,Municipio,-75.509384,6.348557,
2437,COPACABANA,"2,014",4,5,ANTIOQUIA,5212,Municipio,-75.509384,6.348557,
2438,COPACABANA,"2,015",1,5,ANTIOQUIA,5212,Municipio,-75.509384,6.348557,
2439,COPACABANA,"2,016",3,5,ANTIOQUIA,5212,Municipio,-75.509384,6.348557,
2440,COPACABANA,"2,017",5,5,ANTIOQUIA,5212,Municipio,-75.509384,6.348557,
2441,COPACABANA,"2,018",2,5,ANTIOQUIA,5212,Municipio,-75.509384,6.348557,
2442,COPER,"2,014",1,15,BOYACÁ,15212,Municipio,-74.045636,5.475074,
2443,CORINTO,"1,986",1,19,CAUCA,19212,Municipio,-76.261866,3.173854,
2444,CORINTO,"1,987",2,19,CAUCA,19212,Municipio,-76.261866,3.173854,
2445,CORINTO,"1,990",1,19,CAUCA,19212,Municipio,-76.261866,3.173854,
2446,CORINTO,"1,996",1,19,CAUCA,19212,Municipio,-76.261866,3.173854,
2447,CORINTO,"2,000",1,19,CAUCA,19212,Municipio,-76.261866,3.173854,
2448,CORINTO,"2,002",1,19,CAUCA,19212,Municipio,-76.261866,3.173854,
2449,CORINTO,"2,003",1,19,CAUCA,19212,Municipio,-76.261866,3.173854,
2450,CORINTO,"2,004",2,19,CAUCA,19212,Municipio,-76.261866,3.173854,
2451,CORINTO,"2,005",2,19,CAUCA,19212,Municipio,-76.261866,3.173854,
2452,CORINTO,"2,007",1,19,CAUCA,19212,Municipio,-76.261866,3.173854,
2453,CORINTO,"2,011",2,19,CAUCA,19212,Municipio,-76.261866,3.173854,
2454,CORINTO,"2,014",1,19,CAUCA,19212,Municipio,-76.261866,3.173854,
2455,CORINTO,"2,015",3,19,CAUCA,19212,Municipio,-76.261866,3.173854,
2456,CORINTO,"2,017",1,19,CAUCA,19212,Municipio,-76.261866,3.173854,
2457,COROMORO,"2,016",1,68,SANTANDER,68217,Municipio,-73.040816,6.294999,
2458,COROZAL,"1,985",3,70,SUCRE,70215,Municipio,-75.293048,9.318749,
2459,COROZAL,"1,986",1,70,SUCRE,70215,Municipio,-75.293048,9.318749,
2460,COROZAL,"1,989",1,70,SUCRE,70215,Municipio,-75.293048,9.318749,
2461,COROZAL,"1,990",1,70,SUCRE,70215,Municipio,-75.293048,9.318749,
2462,COROZAL,"1,992",2,70,SUCRE,70215,Municipio,-75.293048,9.318749,
2463,COROZAL,"1,993",2,70,SUCRE,70215,Municipio,-75.293048,9.318749,
2464,COROZAL,"1,994",1,70,SUCRE,70215,Municipio,-75.293048,9.318749,
2465,COROZAL,"1,995",1,70,SUCRE,70215,Municipio,-75.293048,9.318749,
2466,COROZAL,"1,999",3,70,SUCRE,70215,Municipio,-75.293048,9.318749,
2467,COROZAL,"2,000",1,70,SUCRE,70215,Municipio,-75.293048,9.318749,
2468,COROZAL,"2,001",3,70,SUCRE,70215,Municipio,-75.293048,9.318749,
2469,COROZAL,"2,002",3,70,SUCRE,70215,Municipio,-75.293048,9.318749,
2470,COROZAL,"2,003",6,70,SUCRE,70215,Municipio,-75.293048,9.318749,
2471,COROZAL,"2,005",2,70,SUCRE,70215,Municipio,-75.293048,9.318749,
2472,COROZAL,"2,006",1,70,SUCRE,70215,Municipio,-75.293048,9.318749,
2473,COROZAL,"2,007",2,70,SUCRE,70215,Municipio,-75.293048,9.318749,
2474,COROZAL,"2,008",4,70,SUCRE,70215,Municipio,-75.293048,9.318749,
2475,COROZAL,"2,009",2,70,SUCRE,70215,Municipio,-75.293048,9.318749,
2476,COROZAL,"2,010",1,70,SUCRE,70215,Municipio,-75.293048,9.318749,
2477,COROZAL,"2,011",2,70,SUCRE,70215,Municipio,-75.293048,9.318749,
2478,COROZAL,"2,013",1,70,SUCRE,70215,Municipio,-75.293048,9.318749,
2479,COROZAL,"2,014",4,70,SUCRE,70215,Municipio,-75.293048,9.318749,
2480,COROZAL,"2,015",2,70,SUCRE,70215,Municipio,-75.293048,9.318749,
2481,COROZAL,"2,016",4,70,SUCRE,70215,Municipio,-75.293048,9.318749,
2482,COROZAL,"2,017",2,70,SUCRE,70215,Municipio,-75.293048,9.318749,
2483,COROZAL,"2,018",5,70,SUCRE,70215,Municipio,-75.293048,9.318749,
2484,COROZAL,"2,019",1,70,SUCRE,70215,Municipio,-75.293048,9.318749,
2485,CORRALES,"2,011",1,15,BOYACÁ,15215,Municipio,-72.844795,5.828064,
2486,CORRALES,"2,013",1,15,BOYACÁ,15215,Municipio,-72.844795,5.828064,
2487,COTA,"1,992",1,25,CUNDINAMARCA,25214,Municipio,-74.102569,4.812564,
2488,COTA,"1,997",1,25,CUNDINAMARCA,25214,Municipio,-74.102569,4.812564,
2489,COTA,"2,000",1,25,CUNDINAMARCA,25214,Municipio,-74.102569,4.812564,
2490,COTA,"2,002",1,25,CUNDINAMARCA,25214,Municipio,-74.102569,4.812564,
2491,COTA,"2,003",1,25,CUNDINAMARCA,25214,Municipio,-74.102569,4.812564,
2492,COTA,"2,006",1,25,CUNDINAMARCA,25214,Municipio,-74.102569,4.812564,
2493,COTA,"2,013",1,25,CUNDINAMARCA,25214,Municipio,-74.102569,4.812564,
2494,COTA,"2,014",1,25,CUNDINAMARCA,25214,Municipio,-74.102569,4.812564,
2495,COTA,"2,019",2,25,CUNDINAMARCA,25214,Municipio,-74.102569,4.812564,
2496,COTORRA,"1,998",1,23,CÓRDOBA,23300,Municipio,-75.799216,9.037163,
2497,COTORRA,"1,999",1,23,CÓRDOBA,23300,Municipio,-75.799216,9.037163,
2498,COTORRA,"2,019",1,23,CÓRDOBA,23300,Municipio,-75.799216,9.037163,
2499,COVARACHÍA,"2,005",1,15,BOYACÁ,15218,Municipio,-72.738978,6.500177,
2500,COVARACHÍA,"2,010",1,15,BOYACÁ,15218,Municipio,-72.738978,6.500177,
2501,COVARACHÍA,"2,011",1,15,BOYACÁ,15218,Municipio,-72.738978,6.500177,
2502,COVEÑAS,"2,016",1,70,SUCRE,70221,Municipio,-75.680158,9.402779,
2503,COYAIMA,"1,985",1,73,TOLIMA,73217,Municipio,-75.193862,3.798036,
2504,COYAIMA,"1,998",3,73,TOLIMA,73217,Municipio,-75.193862,3.798036,
2505,COYAIMA,"2,000",1,73,TOLIMA,73217,Municipio,-75.193862,3.798036,
2506,COYAIMA,"2,001",1,73,TOLIMA,73217,Municipio,-75.193862,3.798036,
2507,COYAIMA,"2,004",1,73,TOLIMA,73217,Municipio,-75.193862,3.798036,
2508,COYAIMA,"2,009",1,73,TOLIMA,73217,Municipio,-75.193862,3.798036,
2509,COYAIMA,"2,013",1,73,TOLIMA,73217,Municipio,-75.193862,3.798036,
2510,COYAIMA,"2,015",2,73,TOLIMA,73217,Municipio,-75.193862,3.798036,
2511,COYAIMA,"2,016",1,73,TOLIMA,73217,Municipio,-75.193862,3.798036,
2512,COYAIMA,"2,018",1,73,TOLIMA,73217,Municipio,-75.193862,3.798036,
2513,CRAVO NORTE,"1,996",1,81,ARAUCA,81220,Municipio,-70.204286,6.303913,
2514,CRAVO NORTE,"2,007",1,81,ARAUCA,81220,Municipio,-70.204286,6.303913,
2515,CUASPUD CARLOSAMA,"2,006",1,52,NARIÑO,52224,Municipio,-77.728947,0.862978,
2516,CUASPUD CARLOSAMA,"2,008",1,52,NARIÑO,52224,Municipio,-77.728947,0.862978,
2517,CUASPUD CARLOSAMA,"2,014",2,52,NARIÑO,52224,Municipio,-77.728947,0.862978,
2518,CUBARRAL,"1,992",1,50,META,50223,Municipio,-73.837999,3.793653,
2519,CUBARRAL,"2,003",1,50,META,50223,Municipio,-73.837999,3.793653,
2520,CUBARRAL,"2,017",1,50,META,50223,Municipio,-73.837999,3.793653,
2521,CUBARÁ,"1,988",1,15,BOYACÁ,15223,Municipio,-72.107939,6.997275,
2522,CUBARÁ,"2,003",1,15,BOYACÁ,15223,Municipio,-72.107939,6.997275,
2523,CUBARÁ,"2,013",1,15,BOYACÁ,15223,Municipio,-72.107939,6.997275,
2524,CUBARÁ,"2,016",1,15,BOYACÁ,15223,Municipio,-72.107939,6.997275,
2525,CUBARÁ,"2,017",1,15,BOYACÁ,15223,Municipio,-72.107939,6.997275,
2526,CUCAITA,"2,005",1,15,BOYACÁ,15224,Municipio,-73.454338,5.544452,
2527,CUCUNUBÁ,"1,987",2,25,CUNDINAMARCA,25224,Municipio,-73.766113,5.249795,
2528,CUCUNUBÁ,"1,993",1,25,CUNDINAMARCA,25224,Municipio,-73.766113,5.249795,
2529,CUCUNUBÁ,"2,005",1,25,CUNDINAMARCA,25224,Municipio,-73.766113,5.249795,
2530,CUCUNUBÁ,"2,009",1,25,CUNDINAMARCA,25224,Municipio,-73.766113,5.249795,
2531,CUCUNUBÁ,"2,012",1,25,CUNDINAMARCA,25224,Municipio,-73.766113,5.249795,
2532,CUCUTILLA,"2,018",1,54,NORTE DE SANTANDER,54223,Municipio,-72.772816,7.539633,
2533,CUMARAL,"1,990",1,50,META,50226,Municipio,-73.487052,4.270042,
2534,CUMARAL,"1,995",2,50,META,50226,Municipio,-73.487052,4.270042,
2535,CUMARAL,"1,996",1,50,META,50226,Municipio,-73.487052,4.270042,
2536,CUMARAL,"1,997",2,50,META,50226,Municipio,-73.487052,4.270042,
2537,CUMARAL,"2,000",1,50,META,50226,Municipio,-73.487052,4.270042,
2538,CUMARAL,"2,001",1,50,META,50226,Municipio,-73.487052,4.270042,
2539,CUMARAL,"2,002",1,50,META,50226,Municipio,-73.487052,4.270042,
2540,CUMARAL,"2,004",1,50,META,50226,Municipio,-73.487052,4.270042,
2541,CUMARAL,"2,005",1,50,META,50226,Municipio,-73.487052,4.270042,
2542,CUMARAL,"2,007",1,50,META,50226,Municipio,-73.487052,4.270042,
2543,CUMARAL,"2,014",2,50,META,50226,Municipio,-73.487052,4.270042,
2544,CUMARAL,"2,015",1,50,META,50226,Municipio,-73.487052,4.270042,
2545,CUMARAL,"2,017",2,50,META,50226,Municipio,-73.487052,4.270042,
2546,CUMARAL,"2,018",1,50,META,50226,Municipio,-73.487052,4.270042,
2547,CUMARIBO,"2,000",1,99,VICHADA,99773,Municipio,-69.795533,4.446352,
2548,CUMBAL,"2,002",1,52,NARIÑO,52227,Municipio,-77.792505,0.906367,
2549,CUMBAL,"2,004",1,52,NARIÑO,52227,Municipio,-77.792505,0.906367,
2550,CUMBAL,"2,008",1,52,NARIÑO,52227,Municipio,-77.792505,0.906367,
2551,CUMBAL,"2,009",1,52,NARIÑO,52227,Municipio,-77.792505,0.906367,
2552,CUMBITARA,"2,012",1,52,NARIÑO,52233,Municipio,-77.578616,1.647163,
2553,CUMBITARA,"2,016",1,52,NARIÑO,52233,Municipio,-77.578616,1.647163,
2554,CUMBITARA,"2,017",1,52,NARIÑO,52233,Municipio,-77.578616,1.647163,
2555,CUNDAY,"1,992",1,73,TOLIMA,73226,Municipio,-74.692227,4.059259,
2556,CUNDAY,"2,001",1,73,TOLIMA,73226,Municipio,-74.692227,4.059259,
2557,CUNDAY,"2,004",1,73,TOLIMA,73226,Municipio,-74.692227,4.059259,
2558,CUNDAY,"2,014",1,73,TOLIMA,73226,Municipio,-74.692227,4.059259,
2559,CURILLO,"1,995",2,18,CAQUETÁ,18205,Municipio,-75.919205,1.033473,
2560,CURILLO,"2,003",1,18,CAQUETÁ,18205,Municipio,-75.919205,1.033473,
2561,CURILLO,"2,006",1,18,CAQUETÁ,18205,Municipio,-75.919205,1.033473,
2562,CURILLO,"2,018",1,18,CAQUETÁ,18205,Municipio,-75.919205,1.033473,
2563,CURITÍ,"1,985",1,68,SANTANDER,68229,Municipio,-73.069383,6.605099,
2564,CURITÍ,"1,986",1,68,SANTANDER,68229,Municipio,-73.069383,6.605099,
2565,CURITÍ,"1,988",1,68,SANTANDER,68229,Municipio,-73.069383,6.605099,
2566,CURITÍ,"2,006",1,68,SANTANDER,68229,Municipio,-73.069383,6.605099,
2567,CURITÍ,"2,009",1,68,SANTANDER,68229,Municipio,-73.069383,6.605099,
2568,CURITÍ,"2,010",1,68,SANTANDER,68229,Municipio,-73.069383,6.605099,
2569,CURITÍ,"2,014",1,68,SANTANDER,68229,Municipio,-73.069383,6.605099,
2570,CURITÍ,"2,017",2,68,SANTANDER,68229,Municipio,-73.069383,6.605099,
2571,CURITÍ,"2,019",1,68,SANTANDER,68229,Municipio,-73.069383,6.605099,
2572,CURUMANÍ,"1,987",1,20,CESAR,20228,Municipio,-73.540843,9.201716,
2573,CURUMANÍ,"1,994",1,20,CESAR,20228,Municipio,-73.540843,9.201716,
2574,CURUMANÍ,"2,000",1,20,CESAR,20228,Municipio,-73.540843,9.201716,
2575,CURUMANÍ,"2,004",1,20,CESAR,20228,Municipio,-73.540843,9.201716,
2576,CURUMANÍ,"2,006",1,20,CESAR,20228,Municipio,-73.540843,9.201716,
2577,CURUMANÍ,"2,011",1,20,CESAR,20228,Municipio,-73.540843,9.201716,
2578,CURUMANÍ,"2,015",1,20,CESAR,20228,Municipio,-73.540843,9.201716,
2579,CURUMANÍ,"2,018",1,20,CESAR,20228,Municipio,-73.540843,9.201716,
2580,CURUMANÍ,"2,019",1,20,CESAR,20228,Municipio,-73.540843,9.201716,
2581,CUÍTIVA,"2,014",1,15,BOYACÁ,15226,Municipio,-72.965923,5.580367,
2582,CÁCERES,"1,988",1,5,ANTIOQUIA,5120,Municipio,-75.35205,7.578366,
2583,CÁCERES,"1,989",1,5,ANTIOQUIA,5120,Municipio,-75.35205,7.578366,
2584,CÁCERES,"2,006",1,5,ANTIOQUIA,5120,Municipio,-75.35205,7.578366,
2585,CÁCERES,"2,009",1,5,ANTIOQUIA,5120,Municipio,-75.35205,7.578366,
2586,CÁCHIRA,"2,016",1,54,NORTE DE SANTANDER,54128,Municipio,-73.048983,7.741248,
2587,CÁQUEZA,"1,986",2,25,CUNDINAMARCA,25151,Municipio,-73.946473,4.404112,
2588,CÁQUEZA,"1,987",1,25,CUNDINAMARCA,25151,Municipio,-73.946473,4.404112,
2589,CÁQUEZA,"1,988",1,25,CUNDINAMARCA,25151,Municipio,-73.946473,4.404112,
2590,CÁQUEZA,"1,990",1,25,CUNDINAMARCA,25151,Municipio,-73.946473,4.404112,
2591,CÁQUEZA,"1,991",1,25,CUNDINAMARCA,25151,Municipio,-73.946473,4.404112,
2592,CÁQUEZA,"1,993",2,25,CUNDINAMARCA,25151,Municipio,-73.946473,4.404112,
2593,CÁQUEZA,"1,996",2,25,CUNDINAMARCA,25151,Municipio,-73.946473,4.404112,
2594,CÁQUEZA,"1,997",2,25,CUNDINAMARCA,25151,Municipio,-73.946473,4.404112,
2595,CÁQUEZA,"1,998",1,25,CUNDINAMARCA,25151,Municipio,-73.946473,4.404112,
2596,CÁQUEZA,"1,999",2,25,CUNDINAMARCA,25151,Municipio,-73.946473,4.404112,
2597,CÁQUEZA,"2,002",2,25,CUNDINAMARCA,25151,Municipio,-73.946473,4.404112,
2598,CÁQUEZA,"2,003",1,25,CUNDINAMARCA,25151,Municipio,-73.946473,4.404112,
2599,CÁQUEZA,"2,005",1,25,CUNDINAMARCA,25151,Municipio,-73.946473,4.404112,
2600,CÁQUEZA,"2,007",1,25,CUNDINAMARCA,25151,Municipio,-73.946473,4.404112,
2601,CÁQUEZA,"2,011",1,25,CUNDINAMARCA,25151,Municipio,-73.946473,4.404112,
2602,CÁQUEZA,"2,012",2,25,CUNDINAMARCA,25151,Municipio,-73.946473,4.404112,
2603,CÁQUEZA,"2,013",4,25,CUNDINAMARCA,25151,Municipio,-73.946473,4.404112,
2604,CÁQUEZA,"2,014",1,25,CUNDINAMARCA,25151,Municipio,-73.946473,4.404112,
2605,CÁQUEZA,"2,018",1,25,CUNDINAMARCA,25151,Municipio,-73.946473,4.404112,
2606,CÁQUEZA,"2,019",1,25,CUNDINAMARCA,25151,Municipio,-73.946473,4.404112,
2607,CÓMBITA,"2,000",1,15,BOYACÁ,15204,Municipio,-73.323957,5.634545,
2608,CÓMBITA,"2,003",1,15,BOYACÁ,15204,Municipio,-73.323957,5.634545,
2609,CÓMBITA,"2,006",1,15,BOYACÁ,15204,Municipio,-73.323957,5.634545,
2610,CÓMBITA,"2,007",1,15,BOYACÁ,15204,Municipio,-73.323957,5.634545,
2611,CÓMBITA,"2,011",1,15,BOYACÁ,15204,Municipio,-73.323957,5.634545,
2612,CÓMBITA,"2,013",1,15,BOYACÁ,15204,Municipio,-73.323957,5.634545,
2613,CÓRDOBA,"2,001",1,13,BOLÍVAR,13212,Municipio,-74.827399,9.586942,
2614,CÓRDOBA,"2,001",1,52,NARIÑO,52215,Municipio,-77.517897,0.854564,
2615,CÓRDOBA,"2,001",1,63,QUINDÍO,63212,Municipio,-75.687866,4.392485,
2616,CÓRDOBA,"2,008",2,13,BOLÍVAR,13212,Municipio,-74.827399,9.586942,
2617,CÓRDOBA,"2,008",2,52,NARIÑO,52215,Municipio,-77.517897,0.854564,
2618,CÓRDOBA,"2,008",2,63,QUINDÍO,63212,Municipio,-75.687866,4.392485,
2619,CÓRDOBA,"2,011",1,13,BOLÍVAR,13212,Municipio,-74.827399,9.586942,
2620,CÓRDOBA,"2,011",1,52,NARIÑO,52215,Municipio,-77.517897,0.854564,
2621,CÓRDOBA,"2,011",1,63,QUINDÍO,63212,Municipio,-75.687866,4.392485,
2622,CÓRDOBA,"2,013",1,13,BOLÍVAR,13212,Municipio,-74.827399,9.586942,
2623,CÓRDOBA,"2,013",1,52,NARIÑO,52215,Municipio,-77.517897,0.854564,
2624,CÓRDOBA,"2,013",1,63,QUINDÍO,63212,Municipio,-75.687866,4.392485,
2625,CÓRDOBA,"2,018",1,13,BOLÍVAR,13212,Municipio,-74.827399,9.586942,
2626,CÓRDOBA,"2,018",1,52,NARIÑO,52215,Municipio,-77.517897,0.854564,
2627,CÓRDOBA,"2,018",1,63,QUINDÍO,63212,Municipio,-75.687866,4.392485,
2628,DABEIBA,"1,992",1,5,ANTIOQUIA,5234,Municipio,-76.261614,6.998112,
2629,DABEIBA,"1,998",1,5,ANTIOQUIA,5234,Municipio,-76.261614,6.998112,
2630,DABEIBA,"2,001",1,5,ANTIOQUIA,5234,Municipio,-76.261614,6.998112,
2631,DABEIBA,"2,006",2,5,ANTIOQUIA,5234,Municipio,-76.261614,6.998112,
2632,DABEIBA,"2,010",1,5,ANTIOQUIA,5234,Municipio,-76.261614,6.998112,
2633,DAGUA,"1,992",1,76,VALLE DEL CAUCA,76233,Municipio,-76.68886,3.657318,
2634,DAGUA,"1,994",2,76,VALLE DEL CAUCA,76233,Municipio,-76.68886,3.657318,
2635,DAGUA,"1,995",1,76,VALLE DEL CAUCA,76233,Municipio,-76.68886,3.657318,
2636,DAGUA,"2,002",1,76,VALLE DEL CAUCA,76233,Municipio,-76.68886,3.657318,
2637,DAGUA,"2,003",1,76,VALLE DEL CAUCA,76233,Municipio,-76.68886,3.657318,
2638,DAGUA,"2,005",1,76,VALLE DEL CAUCA,76233,Municipio,-76.68886,3.657318,
2639,DAGUA,"2,007",1,76,VALLE DEL CAUCA,76233,Municipio,-76.68886,3.657318,
2640,DAGUA,"2,009",3,76,VALLE DEL CAUCA,76233,Municipio,-76.68886,3.657318,
2641,DAGUA,"2,013",1,76,VALLE DEL CAUCA,76233,Municipio,-76.68886,3.657318,
2642,DAGUA,"2,014",1,76,VALLE DEL CAUCA,76233,Municipio,-76.68886,3.657318,
2643,DAGUA,"2,016",1,76,VALLE DEL CAUCA,76233,Municipio,-76.68886,3.657318,
2644,DAGUA,"2,017",2,76,VALLE DEL CAUCA,76233,Municipio,-76.68886,3.657318,
2645,DAGUA,"2,018",2,76,VALLE DEL CAUCA,76233,Municipio,-76.68886,3.657318,
2646,DAGUA,"2,019",1,76,VALLE DEL CAUCA,76233,Municipio,-76.68886,3.657318,
2647,DIBULLA,"2,017",1,44,LA GUAJIRA,44090,Municipio,-73.307598,11.27155,
2648,DISTRACCIÓN,"2,004",1,44,LA GUAJIRA,44098,Municipio,-72.887405,10.898414,
2649,DISTRACCIÓN,"2,007",1,44,LA GUAJIRA,44098,Municipio,-72.887405,10.898414,
2650,DOLORES,"1,997",1,73,TOLIMA,73236,Municipio,-74.896761,3.539072,
2651,DOLORES,"2,005",1,73,TOLIMA,73236,Municipio,-74.896761,3.539072,
2652,DOLORES,"2,011",1,73,TOLIMA,73236,Municipio,-74.896761,3.539072,
2653,DONMATÍAS,"1,985",1,5,ANTIOQUIA,5237,Municipio,-75.39263,6.485603,
2654,DONMATÍAS,"1,987",1,5,ANTIOQUIA,5237,Municipio,-75.39263,6.485603,
2655,DONMATÍAS,"1,989",1,5,ANTIOQUIA,5237,Municipio,-75.39263,6.485603,
2656,DONMATÍAS,"1,990",1,5,ANTIOQUIA,5237,Municipio,-75.39263,6.485603,
2657,DONMATÍAS,"1,993",1,5,ANTIOQUIA,5237,Municipio,-75.39263,6.485603,
2658,DONMATÍAS,"1,994",2,5,ANTIOQUIA,5237,Municipio,-75.39263,6.485603,
2659,DONMATÍAS,"1,996",1,5,ANTIOQUIA,5237,Municipio,-75.39263,6.485603,
2660,DONMATÍAS,"1,999",1,5,ANTIOQUIA,5237,Municipio,-75.39263,6.485603,
2661,DONMATÍAS,"2,000",1,5,ANTIOQUIA,5237,Municipio,-75.39263,6.485603,
2662,DONMATÍAS,"2,001",1,5,ANTIOQUIA,5237,Municipio,-75.39263,6.485603,
2663,DONMATÍAS,"2,007",1,5,ANTIOQUIA,5237,Municipio,-75.39263,6.485603,
2664,DONMATÍAS,"2,008",1,5,ANTIOQUIA,5237,Municipio,-75.39263,6.485603,
2665,DONMATÍAS,"2,009",1,5,ANTIOQUIA,5237,Municipio,-75.39263,6.485603,
2666,DONMATÍAS,"2,011",1,5,ANTIOQUIA,5237,Municipio,-75.39263,6.485603,
2667,DONMATÍAS,"2,012",1,5,ANTIOQUIA,5237,Municipio,-75.39263,6.485603,
2668,DONMATÍAS,"2,015",1,5,ANTIOQUIA,5237,Municipio,-75.39263,6.485603,
2669,DONMATÍAS,"2,018",1,5,ANTIOQUIA,5237,Municipio,-75.39263,6.485603,
2670,DOSQUEBRADAS,"1,985",3,66,RISARALDA,66170,Municipio,-75.675371,4.833131,
2671,DOSQUEBRADAS,"1,986",2,66,RISARALDA,66170,Municipio,-75.675371,4.833131,
2672,DOSQUEBRADAS,"1,987",4,66,RISARALDA,66170,Municipio,-75.675371,4.833131,
2673,DOSQUEBRADAS,"1,988",3,66,RISARALDA,66170,Municipio,-75.675371,4.833131,
2674,DOSQUEBRADAS,"1,989",1,66,RISARALDA,66170,Municipio,-75.675371,4.833131,
2675,DOSQUEBRADAS,"1,990",4,66,RISARALDA,66170,Municipio,-75.675371,4.833131,
2676,DOSQUEBRADAS,"1,991",1,66,RISARALDA,66170,Municipio,-75.675371,4.833131,
2677,DOSQUEBRADAS,"1,992",1,66,RISARALDA,66170,Municipio,-75.675371,4.833131,
2678,DOSQUEBRADAS,"1,993",1,66,RISARALDA,66170,Municipio,-75.675371,4.833131,
2679,DOSQUEBRADAS,"1,994",2,66,RISARALDA,66170,Municipio,-75.675371,4.833131,
2680,DOSQUEBRADAS,"1,995",1,66,RISARALDA,66170,Municipio,-75.675371,4.833131,
2681,DOSQUEBRADAS,"1,996",3,66,RISARALDA,66170,Municipio,-75.675371,4.833131,
2682,DOSQUEBRADAS,"1,997",4,66,RISARALDA,66170,Municipio,-75.675371,4.833131,
2683,DOSQUEBRADAS,"1,998",4,66,RISARALDA,66170,Municipio,-75.675371,4.833131,
2684,DOSQUEBRADAS,"1,999",13,66,RISARALDA,66170,Municipio,-75.675371,4.833131,
2685,DOSQUEBRADAS,"2,000",4,66,RISARALDA,66170,Municipio,-75.675371,4.833131,
2686,DOSQUEBRADAS,"2,001",5,66,RISARALDA,66170,Municipio,-75.675371,4.833131,
2687,DOSQUEBRADAS,"2,002",3,66,RISARALDA,66170,Municipio,-75.675371,4.833131,
2688,DOSQUEBRADAS,"2,003",6,66,RISARALDA,66170,Municipio,-75.675371,4.833131,
2689,DOSQUEBRADAS,"2,004",4,66,RISARALDA,66170,Municipio,-75.675371,4.833131,
2690,DOSQUEBRADAS,"2,005",7,66,RISARALDA,66170,Municipio,-75.675371,4.833131,
2691,DOSQUEBRADAS,"2,006",4,66,RISARALDA,66170,Municipio,-75.675371,4.833131,
2692,DOSQUEBRADAS,"2,007",4,66,RISARALDA,66170,Municipio,-75.675371,4.833131,
2693,DOSQUEBRADAS,"2,008",9,66,RISARALDA,66170,Municipio,-75.675371,4.833131,
2694,DOSQUEBRADAS,"2,009",3,66,RISARALDA,66170,Municipio,-75.675371,4.833131,
2695,DOSQUEBRADAS,"2,010",7,66,RISARALDA,66170,Municipio,-75.675371,4.833131,
2696,DOSQUEBRADAS,"2,011",3,66,RISARALDA,66170,Municipio,-75.675371,4.833131,
2697,DOSQUEBRADAS,"2,012",1,66,RISARALDA,66170,Municipio,-75.675371,4.833131,
2698,DOSQUEBRADAS,"2,013",5,66,RISARALDA,66170,Municipio,-75.675371,4.833131,
2699,DOSQUEBRADAS,"2,014",4,66,RISARALDA,66170,Municipio,-75.675371,4.833131,
2700,DOSQUEBRADAS,"2,015",7,66,RISARALDA,66170,Municipio,-75.675371,4.833131,
2701,DOSQUEBRADAS,"2,016",6,66,RISARALDA,66170,Municipio,-75.675371,4.833131,
2702,DOSQUEBRADAS,"2,017",7,66,RISARALDA,66170,Municipio,-75.675371,4.833131,
2703,DOSQUEBRADAS,"2,018",2,66,RISARALDA,66170,Municipio,-75.675371,4.833131,
2704,DOSQUEBRADAS,"2,019",9,66,RISARALDA,66170,Municipio,-75.675371,4.833131,
2705,DUITAMA,"1,985",5,15,BOYACÁ,15238,Municipio,-73.03063,5.822964,
2706,DUITAMA,"1,986",3,15,BOYACÁ,15238,Municipio,-73.03063,5.822964,
2707,DUITAMA,"1,987",1,15,BOYACÁ,15238,Municipio,-73.03063,5.822964,
2708,DUITAMA,"1,988",2,15,BOYACÁ,15238,Municipio,-73.03063,5.822964,
2709,DUITAMA,"1,989",1,15,BOYACÁ,15238,Municipio,-73.03063,5.822964,
2710,DUITAMA,"1,991",3,15,BOYACÁ,15238,Municipio,-73.03063,5.822964,
2711,DUITAMA,"1,992",6,15,BOYACÁ,15238,Municipio,-73.03063,5.822964,
2712,DUITAMA,"1,993",1,15,BOYACÁ,15238,Municipio,-73.03063,5.822964,
2713,DUITAMA,"1,994",3,15,BOYACÁ,15238,Municipio,-73.03063,5.822964,
2714,DUITAMA,"1,995",7,15,BOYACÁ,15238,Municipio,-73.03063,5.822964,
2715,DUITAMA,"1,996",4,15,BOYACÁ,15238,Municipio,-73.03063,5.822964,
2716,DUITAMA,"1,997",6,15,BOYACÁ,15238,Municipio,-73.03063,5.822964,
2717,DUITAMA,"1,998",3,15,BOYACÁ,15238,Municipio,-73.03063,5.822964,
2718,DUITAMA,"1,999",2,15,BOYACÁ,15238,Municipio,-73.03063,5.822964,
2719,DUITAMA,"2,000",2,15,BOYACÁ,15238,Municipio,-73.03063,5.822964,
2720,DUITAMA,"2,001",4,15,BOYACÁ,15238,Municipio,-73.03063,5.822964,
2721,DUITAMA,"2,002",4,15,BOYACÁ,15238,Municipio,-73.03063,5.822964,
2722,DUITAMA,"2,003",5,15,BOYACÁ,15238,Municipio,-73.03063,5.822964,
2723,DUITAMA,"2,004",7,15,BOYACÁ,15238,Municipio,-73.03063,5.822964,
2724,DUITAMA,"2,005",5,15,BOYACÁ,15238,Municipio,-73.03063,5.822964,
2725,DUITAMA,"2,006",1,15,BOYACÁ,15238,Municipio,-73.03063,5.822964,
2726,DUITAMA,"2,007",5,15,BOYACÁ,15238,Municipio,-73.03063,5.822964,
2727,DUITAMA,"2,008",3,15,BOYACÁ,15238,Municipio,-73.03063,5.822964,
2728,DUITAMA,"2,009",5,15,BOYACÁ,15238,Municipio,-73.03063,5.822964,
2729,DUITAMA,"2,010",7,15,BOYACÁ,15238,Municipio,-73.03063,5.822964,
2730,DUITAMA,"2,011",10,15,BOYACÁ,15238,Municipio,-73.03063,5.822964,
2731,DUITAMA,"2,012",17,15,BOYACÁ,15238,Municipio,-73.03063,5.822964,
2732,DUITAMA,"2,013",11,15,BOYACÁ,15238,Municipio,-73.03063,5.822964,
2733,DUITAMA,"2,014",11,15,BOYACÁ,15238,Municipio,-73.03063,5.822964,
2734,DUITAMA,"2,015",16,15,BOYACÁ,15238,Municipio,-73.03063,5.822964,
2735,DUITAMA,"2,016",18,15,BOYACÁ,15238,Municipio,-73.03063,5.822964,
2736,DUITAMA,"2,017",21,15,BOYACÁ,15238,Municipio,-73.03063,5.822964,
2737,DUITAMA,"2,018",12,15,BOYACÁ,15238,Municipio,-73.03063,5.822964,
2738,DUITAMA,"2,019",20,15,BOYACÁ,15238,Municipio,-73.03063,5.822964,
2739,DURANIA,"2,016",1,54,NORTE DE SANTANDER,54239,Municipio,-72.658491,7.714804,
2740,EBÉJICO,"1,985",1,5,ANTIOQUIA,5240,Municipio,-75.766413,6.325615,
2741,EBÉJICO,"1,986",1,5,ANTIOQUIA,5240,Municipio,-75.766413,6.325615,
2742,EBÉJICO,"1,987",2,5,ANTIOQUIA,5240,Municipio,-75.766413,6.325615,
2743,EBÉJICO,"1,989",1,5,ANTIOQUIA,5240,Municipio,-75.766413,6.325615,
2744,EBÉJICO,"1,990",1,5,ANTIOQUIA,5240,Municipio,-75.766413,6.325615,
2745,EBÉJICO,"1,994",1,5,ANTIOQUIA,5240,Municipio,-75.766413,6.325615,
2746,EBÉJICO,"1,996",1,5,ANTIOQUIA,5240,Municipio,-75.766413,6.325615,
2747,EBÉJICO,"1,997",1,5,ANTIOQUIA,5240,Municipio,-75.766413,6.325615,
2748,EBÉJICO,"2,000",1,5,ANTIOQUIA,5240,Municipio,-75.766413,6.325615,
2749,EBÉJICO,"2,004",1,5,ANTIOQUIA,5240,Municipio,-75.766413,6.325615,
2750,EBÉJICO,"2,006",2,5,ANTIOQUIA,5240,Municipio,-75.766413,6.325615,
2751,EBÉJICO,"2,007",2,5,ANTIOQUIA,5240,Municipio,-75.766413,6.325615,
2752,EBÉJICO,"2,008",1,5,ANTIOQUIA,5240,Municipio,-75.766413,6.325615,
2753,EBÉJICO,"2,010",1,5,ANTIOQUIA,5240,Municipio,-75.766413,6.325615,
2754,EBÉJICO,"2,011",1,5,ANTIOQUIA,5240,Municipio,-75.766413,6.325615,
2755,EBÉJICO,"2,012",2,5,ANTIOQUIA,5240,Municipio,-75.766413,6.325615,
2756,EBÉJICO,"2,013",1,5,ANTIOQUIA,5240,Municipio,-75.766413,6.325615,
2757,EBÉJICO,"2,014",2,5,ANTIOQUIA,5240,Municipio,-75.766413,6.325615,
2758,EBÉJICO,"2,017",1,5,ANTIOQUIA,5240,Municipio,-75.766413,6.325615,
2759,EBÉJICO,"2,018",1,5,ANTIOQUIA,5240,Municipio,-75.766413,6.325615,
2760,EL BAGRE,"1,988",2,5,ANTIOQUIA,5250,Municipio,-74.799097,7.5975,
2761,EL BAGRE,"1,989",1,5,ANTIOQUIA,5250,Municipio,-74.799097,7.5975,
2762,EL BAGRE,"1,990",1,5,ANTIOQUIA,5250,Municipio,-74.799097,7.5975,
2763,EL BAGRE,"1,996",1,5,ANTIOQUIA,5250,Municipio,-74.799097,7.5975,
2764,EL BAGRE,"1,997",1,5,ANTIOQUIA,5250,Municipio,-74.799097,7.5975,
2765,EL BAGRE,"2,001",2,5,ANTIOQUIA,5250,Municipio,-74.799097,7.5975,
2766,EL BAGRE,"2,005",1,5,ANTIOQUIA,5250,Municipio,-74.799097,7.5975,
2767,EL BAGRE,"2,009",1,5,ANTIOQUIA,5250,Municipio,-74.799097,7.5975,
2768,EL BAGRE,"2,011",1,5,ANTIOQUIA,5250,Municipio,-74.799097,7.5975,
2769,EL BAGRE,"2,016",1,5,ANTIOQUIA,5250,Municipio,-74.799097,7.5975,
2770,EL BAGRE,"2,018",1,5,ANTIOQUIA,5250,Municipio,-74.799097,7.5975,
2771,EL BANCO,"1,986",2,47,MAGDALENA,47245,Municipio,-73.97437,9.008503,
2772,EL BANCO,"1,989",1,47,MAGDALENA,47245,Municipio,-73.97437,9.008503,
2773,EL BANCO,"1,990",1,47,MAGDALENA,47245,Municipio,-73.97437,9.008503,
2774,EL BANCO,"1,993",1,47,MAGDALENA,47245,Municipio,-73.97437,9.008503,
2775,EL BANCO,"1,994",1,47,MAGDALENA,47245,Municipio,-73.97437,9.008503,
2776,EL BANCO,"1,997",1,47,MAGDALENA,47245,Municipio,-73.97437,9.008503,
2777,EL BANCO,"1,999",1,47,MAGDALENA,47245,Municipio,-73.97437,9.008503,
2778,EL BANCO,"2,000",2,47,MAGDALENA,47245,Municipio,-73.97437,9.008503,
2779,EL BANCO,"2,001",2,47,MAGDALENA,47245,Municipio,-73.97437,9.008503,
2780,EL BANCO,"2,005",2,47,MAGDALENA,47245,Municipio,-73.97437,9.008503,
2781,EL BANCO,"2,006",1,47,MAGDALENA,47245,Municipio,-73.97437,9.008503,
2782,EL BANCO,"2,008",2,47,MAGDALENA,47245,Municipio,-73.97437,9.008503,
2783,EL BANCO,"2,009",7,47,MAGDALENA,47245,Municipio,-73.97437,9.008503,
2784,EL BANCO,"2,010",4,47,MAGDALENA,47245,Municipio,-73.97437,9.008503,
2785,EL BANCO,"2,012",1,47,MAGDALENA,47245,Municipio,-73.97437,9.008503,
2786,EL BANCO,"2,013",2,47,MAGDALENA,47245,Municipio,-73.97437,9.008503,
2787,EL BANCO,"2,014",2,47,MAGDALENA,47245,Municipio,-73.97437,9.008503,
2788,EL BANCO,"2,015",2,47,MAGDALENA,47245,Municipio,-73.97437,9.008503,
2789,EL BANCO,"2,016",2,47,MAGDALENA,47245,Municipio,-73.97437,9.008503,
2790,EL BANCO,"2,017",2,47,MAGDALENA,47245,Municipio,-73.97437,9.008503,
2791,EL BANCO,"2,018",2,47,MAGDALENA,47245,Municipio,-73.97437,9.008503,
2792,EL BANCO,"2,019",5,47,MAGDALENA,47245,Municipio,-73.97437,9.008503,
2793,EL CAIRO,"1,985",1,76,VALLE DEL CAUCA,76246,Municipio,-76.221611,4.760874,
2794,EL CAIRO,"1,987",1,76,VALLE DEL CAUCA,76246,Municipio,-76.221611,4.760874,
2795,EL CAIRO,"1,992",1,76,VALLE DEL CAUCA,76246,Municipio,-76.221611,4.760874,
2796,EL CAIRO,"1,995",1,76,VALLE DEL CAUCA,76246,Municipio,-76.221611,4.760874,
2797,EL CAIRO,"1,999",1,76,VALLE DEL CAUCA,76246,Municipio,-76.221611,4.760874,
2798,EL CAIRO,"2,001",1,76,VALLE DEL CAUCA,76246,Municipio,-76.221611,4.760874,
2799,EL CAIRO,"2,006",1,76,VALLE DEL CAUCA,76246,Municipio,-76.221611,4.760874,
2800,EL CAIRO,"2,008",1,76,VALLE DEL CAUCA,76246,Municipio,-76.221611,4.760874,
2801,EL CAIRO,"2,010",1,76,VALLE DEL CAUCA,76246,Municipio,-76.221611,4.760874,
2802,EL CANTÓN DEL SAN PABLO,"1,997",1,27,CHOCÓ,27135,Municipio,-76.726844,5.335321,
2803,EL CARMEN,"1,988",1,54,NORTE DE SANTANDER,54245,Municipio,-73.446687,8.510579,
2804,EL CARMEN,"2,019",1,54,NORTE DE SANTANDER,54245,Municipio,-73.446687,8.510579,
2805,EL CARMEN DE ATRATO,"1,993",1,27,CHOCÓ,27245,Municipio,-76.142112,5.899789,
2806,EL CARMEN DE ATRATO,"1,996",1,27,CHOCÓ,27245,Municipio,-76.142112,5.899789,
2807,EL CARMEN DE ATRATO,"2,004",1,27,CHOCÓ,27245,Municipio,-76.142112,5.899789,
2808,EL CARMEN DE ATRATO,"2,011",1,27,CHOCÓ,27245,Municipio,-76.142112,5.899789,
2809,EL CARMEN DE BOLÍVAR,"1,987",1,13,BOLÍVAR,13244,Municipio,-75.121178,9.718653,
2810,EL CARMEN DE BOLÍVAR,"1,990",2,13,BOLÍVAR,13244,Municipio,-75.121178,9.718653,
2811,EL CARMEN DE BOLÍVAR,"1,991",1,13,BOLÍVAR,13244,Municipio,-75.121178,9.718653,
2812,EL CARMEN DE BOLÍVAR,"1,993",1,13,BOLÍVAR,13244,Municipio,-75.121178,9.718653,
2813,EL CARMEN DE BOLÍVAR,"1,995",1,13,BOLÍVAR,13244,Municipio,-75.121178,9.718653,
2814,EL CARMEN DE BOLÍVAR,"1,996",2,13,BOLÍVAR,13244,Municipio,-75.121178,9.718653,
2815,EL CARMEN DE BOLÍVAR,"1,997",1,13,BOLÍVAR,13244,Municipio,-75.121178,9.718653,
2816,EL CARMEN DE BOLÍVAR,"1,998",1,13,BOLÍVAR,13244,Municipio,-75.121178,9.718653,
2817,EL CARMEN DE BOLÍVAR,"1,999",2,13,BOLÍVAR,13244,Municipio,-75.121178,9.718653,
2818,EL CARMEN DE BOLÍVAR,"2,000",1,13,BOLÍVAR,13244,Municipio,-75.121178,9.718653,
2819,EL CARMEN DE BOLÍVAR,"2,002",1,13,BOLÍVAR,13244,Municipio,-75.121178,9.718653,
2820,EL CARMEN DE BOLÍVAR,"2,003",1,13,BOLÍVAR,13244,Municipio,-75.121178,9.718653,
2821,EL CARMEN DE BOLÍVAR,"2,006",2,13,BOLÍVAR,13244,Municipio,-75.121178,9.718653,
2822,EL CARMEN DE BOLÍVAR,"2,007",2,13,BOLÍVAR,13244,Municipio,-75.121178,9.718653,
2823,EL CARMEN DE BOLÍVAR,"2,008",2,13,BOLÍVAR,13244,Municipio,-75.121178,9.718653,
2824,EL CARMEN DE BOLÍVAR,"2,009",2,13,BOLÍVAR,13244,Municipio,-75.121178,9.718653,
2825,EL CARMEN DE BOLÍVAR,"2,012",2,13,BOLÍVAR,13244,Municipio,-75.121178,9.718653,
2826,EL CARMEN DE BOLÍVAR,"2,013",2,13,BOLÍVAR,13244,Municipio,-75.121178,9.718653,
2827,EL CARMEN DE BOLÍVAR,"2,014",1,13,BOLÍVAR,13244,Municipio,-75.121178,9.718653,
2828,EL CARMEN DE BOLÍVAR,"2,015",2,13,BOLÍVAR,13244,Municipio,-75.121178,9.718653,
2829,EL CARMEN DE BOLÍVAR,"2,016",2,13,BOLÍVAR,13244,Municipio,-75.121178,9.718653,
2830,EL CARMEN DE BOLÍVAR,"2,017",1,13,BOLÍVAR,13244,Municipio,-75.121178,9.718653,
2831,EL CARMEN DE BOLÍVAR,"2,018",1,13,BOLÍVAR,13244,Municipio,-75.121178,9.718653,
2832,EL CARMEN DE BOLÍVAR,"2,019",3,13,BOLÍVAR,13244,Municipio,-75.121178,9.718653,
2833,EL CARMEN DE CHUCURÍ,"2,009",1,68,SANTANDER,68235,Municipio,-73.51066,6.700038,
2834,EL CARMEN DE VIBORAL,"1,985",1,5,ANTIOQUIA,5148,Municipio,-75.333901,6.082885,
2835,EL CARMEN DE VIBORAL,"1,986",1,5,ANTIOQUIA,5148,Municipio,-75.333901,6.082885,
2836,EL CARMEN DE VIBORAL,"1,988",1,5,ANTIOQUIA,5148,Municipio,-75.333901,6.082885,
2837,EL CARMEN DE VIBORAL,"1,992",1,5,ANTIOQUIA,5148,Municipio,-75.333901,6.082885,
2838,EL CARMEN DE VIBORAL,"1,994",1,5,ANTIOQUIA,5148,Municipio,-75.333901,6.082885,
2839,EL CARMEN DE VIBORAL,"1,995",1,5,ANTIOQUIA,5148,Municipio,-75.333901,6.082885,
2840,EL CARMEN DE VIBORAL,"1,996",5,5,ANTIOQUIA,5148,Municipio,-75.333901,6.082885,
2841,EL CARMEN DE VIBORAL,"1,997",2,5,ANTIOQUIA,5148,Municipio,-75.333901,6.082885,
2842,EL CARMEN DE VIBORAL,"1,999",2,5,ANTIOQUIA,5148,Municipio,-75.333901,6.082885,
2843,EL CARMEN DE VIBORAL,"2,000",1,5,ANTIOQUIA,5148,Municipio,-75.333901,6.082885,
2844,EL CARMEN DE VIBORAL,"2,001",1,5,ANTIOQUIA,5148,Municipio,-75.333901,6.082885,
2845,EL CARMEN DE VIBORAL,"2,004",1,5,ANTIOQUIA,5148,Municipio,-75.333901,6.082885,
2846,EL CARMEN DE VIBORAL,"2,007",2,5,ANTIOQUIA,5148,Municipio,-75.333901,6.082885,
2847,EL CARMEN DE VIBORAL,"2,008",4,5,ANTIOQUIA,5148,Municipio,-75.333901,6.082885,
2848,EL CARMEN DE VIBORAL,"2,010",1,5,ANTIOQUIA,5148,Municipio,-75.333901,6.082885,
2849,EL CARMEN DE VIBORAL,"2,011",1,5,ANTIOQUIA,5148,Municipio,-75.333901,6.082885,
2850,EL CARMEN DE VIBORAL,"2,012",1,5,ANTIOQUIA,5148,Municipio,-75.333901,6.082885,
2851,EL CARMEN DE VIBORAL,"2,014",1,5,ANTIOQUIA,5148,Municipio,-75.333901,6.082885,
2852,EL CARMEN DE VIBORAL,"2,015",3,5,ANTIOQUIA,5148,Municipio,-75.333901,6.082885,
2853,EL CARMEN DE VIBORAL,"2,016",4,5,ANTIOQUIA,5148,Municipio,-75.333901,6.082885,
2854,EL CARMEN DE VIBORAL,"2,017",1,5,ANTIOQUIA,5148,Municipio,-75.333901,6.082885,
2855,EL CARMEN DE VIBORAL,"2,018",2,5,ANTIOQUIA,5148,Municipio,-75.333901,6.082885,
2856,EL CARMEN DE VIBORAL,"2,019",2,5,ANTIOQUIA,5148,Municipio,-75.333901,6.082885,
2857,EL CASTILLO,"1,991",1,50,META,50251,Municipio,-73.794225,3.563907,
2858,EL CASTILLO,"2,009",1,50,META,50251,Municipio,-73.794225,3.563907,
2859,EL CASTILLO,"2,010",1,50,META,50251,Municipio,-73.794225,3.563907,
2860,EL CERRITO,"1,985",4,76,VALLE DEL CAUCA,76248,Municipio,-76.311972,3.684229,
2861,EL CERRITO,"1,986",2,76,VALLE DEL CAUCA,76248,Municipio,-76.311972,3.684229,
2862,EL CERRITO,"1,987",1,76,VALLE DEL CAUCA,76248,Municipio,-76.311972,3.684229,
2863,EL CERRITO,"1,991",1,76,VALLE DEL CAUCA,76248,Municipio,-76.311972,3.684229,
2864,EL CERRITO,"1,992",3,76,VALLE DEL CAUCA,76248,Municipio,-76.311972,3.684229,
2865,EL CERRITO,"1,996",1,76,VALLE DEL CAUCA,76248,Municipio,-76.311972,3.684229,
2866,EL CERRITO,"1,999",1,76,VALLE DEL CAUCA,76248,Municipio,-76.311972,3.684229,
2867,EL CERRITO,"2,000",1,76,VALLE DEL CAUCA,76248,Municipio,-76.311972,3.684229,
2868,EL CERRITO,"2,002",1,76,VALLE DEL CAUCA,76248,Municipio,-76.311972,3.684229,
2869,EL CERRITO,"2,003",3,76,VALLE DEL CAUCA,76248,Municipio,-76.311972,3.684229,
2870,EL CERRITO,"2,004",1,76,VALLE DEL CAUCA,76248,Municipio,-76.311972,3.684229,
2871,EL CERRITO,"2,005",1,76,VALLE DEL CAUCA,76248,Municipio,-76.311972,3.684229,
2872,EL CERRITO,"2,006",4,76,VALLE DEL CAUCA,76248,Municipio,-76.311972,3.684229,
2873,EL CERRITO,"2,007",2,76,VALLE DEL CAUCA,76248,Municipio,-76.311972,3.684229,
2874,EL CERRITO,"2,009",5,76,VALLE DEL CAUCA,76248,Municipio,-76.311972,3.684229,
2875,EL CERRITO,"2,010",3,76,VALLE DEL CAUCA,76248,Municipio,-76.311972,3.684229,
2876,EL CERRITO,"2,011",3,76,VALLE DEL CAUCA,76248,Municipio,-76.311972,3.684229,
2877,EL CERRITO,"2,012",1,76,VALLE DEL CAUCA,76248,Municipio,-76.311972,3.684229,
2878,EL CERRITO,"2,013",3,76,VALLE DEL CAUCA,76248,Municipio,-76.311972,3.684229,
2879,EL CERRITO,"2,014",1,76,VALLE DEL CAUCA,76248,Municipio,-76.311972,3.684229,
2880,EL CERRITO,"2,015",4,76,VALLE DEL CAUCA,76248,Municipio,-76.311972,3.684229,
2881,EL CERRITO,"2,016",5,76,VALLE DEL CAUCA,76248,Municipio,-76.311972,3.684229,
2882,EL CERRITO,"2,017",6,76,VALLE DEL CAUCA,76248,Municipio,-76.311972,3.684229,
2883,EL CERRITO,"2,019",4,76,VALLE DEL CAUCA,76248,Municipio,-76.311972,3.684229,
2884,EL COCUY,"1,986",1,15,BOYACÁ,15244,Municipio,-72.444537,6.407738,
2885,EL COCUY,"1,994",1,15,BOYACÁ,15244,Municipio,-72.444537,6.407738,
2886,EL COCUY,"2,002",1,15,BOYACÁ,15244,Municipio,-72.444537,6.407738,
2887,EL COLEGIO,"1,985",1,25,CUNDINAMARCA,25245,Municipio,-74.442261,4.577951,
2888,EL COLEGIO,"1,986",1,25,CUNDINAMARCA,25245,Municipio,-74.442261,4.577951,
2889,EL COLEGIO,"1,987",1,25,CUNDINAMARCA,25245,Municipio,-74.442261,4.577951,
2890,EL COLEGIO,"1,988",1,25,CUNDINAMARCA,25245,Municipio,-74.442261,4.577951,
2891,EL COLEGIO,"1,990",1,25,CUNDINAMARCA,25245,Municipio,-74.442261,4.577951,
2892,EL COLEGIO,"1,992",3,25,CUNDINAMARCA,25245,Municipio,-74.442261,4.577951,
2893,EL COLEGIO,"1,993",3,25,CUNDINAMARCA,25245,Municipio,-74.442261,4.577951,
2894,EL COLEGIO,"1,995",1,25,CUNDINAMARCA,25245,Municipio,-74.442261,4.577951,
2895,EL COLEGIO,"1,996",4,25,CUNDINAMARCA,25245,Municipio,-74.442261,4.577951,
2896,EL COLEGIO,"1,997",3,25,CUNDINAMARCA,25245,Municipio,-74.442261,4.577951,
2897,EL COLEGIO,"1,999",1,25,CUNDINAMARCA,25245,Municipio,-74.442261,4.577951,
2898,EL COLEGIO,"2,001",1,25,CUNDINAMARCA,25245,Municipio,-74.442261,4.577951,
2899,EL COLEGIO,"2,002",1,25,CUNDINAMARCA,25245,Municipio,-74.442261,4.577951,
2900,EL COLEGIO,"2,005",1,25,CUNDINAMARCA,25245,Municipio,-74.442261,4.577951,
2901,EL COLEGIO,"2,006",2,25,CUNDINAMARCA,25245,Municipio,-74.442261,4.577951,
2902,EL COLEGIO,"2,007",1,25,CUNDINAMARCA,25245,Municipio,-74.442261,4.577951,
2903,EL COLEGIO,"2,008",1,25,CUNDINAMARCA,25245,Municipio,-74.442261,4.577951,
2904,EL COLEGIO,"2,011",1,25,CUNDINAMARCA,25245,Municipio,-74.442261,4.577951,
2905,EL COLEGIO,"2,012",1,25,CUNDINAMARCA,25245,Municipio,-74.442261,4.577951,
2906,EL COLEGIO,"2,013",3,25,CUNDINAMARCA,25245,Municipio,-74.442261,4.577951,
2907,EL COLEGIO,"2,014",1,25,CUNDINAMARCA,25245,Municipio,-74.442261,4.577951,
2908,EL COLEGIO,"2,015",3,25,CUNDINAMARCA,25245,Municipio,-74.442261,4.577951,
2909,EL COLEGIO,"2,016",1,25,CUNDINAMARCA,25245,Municipio,-74.442261,4.577951,
2910,EL COLEGIO,"2,017",1,25,CUNDINAMARCA,25245,Municipio,-74.442261,4.577951,
2911,EL COLEGIO,"2,018",3,25,CUNDINAMARCA,25245,Municipio,-74.442261,4.577951,
2912,EL COPEY,"1,989",1,20,CESAR,20238,Municipio,-73.962703,10.149883,
2913,EL COPEY,"1,993",1,20,CESAR,20238,Municipio,-73.962703,10.149883,
2914,EL COPEY,"1,999",1,20,CESAR,20238,Municipio,-73.962703,10.149883,
2915,EL COPEY,"2,003",1,20,CESAR,20238,Municipio,-73.962703,10.149883,
2916,EL COPEY,"2,008",1,20,CESAR,20238,Municipio,-73.962703,10.149883,
2917,EL COPEY,"2,011",2,20,CESAR,20238,Municipio,-73.962703,10.149883,
2918,EL COPEY,"2,012",1,20,CESAR,20238,Municipio,-73.962703,10.149883,
2919,EL COPEY,"2,017",2,20,CESAR,20238,Municipio,-73.962703,10.149883,
2920,EL COPEY,"2,019",1,20,CESAR,20238,Municipio,-73.962703,10.149883,
2921,EL DONCELLO,"1,992",1,18,CAQUETÁ,18247,Municipio,-75.283631,1.679951,
2922,EL DONCELLO,"1,993",1,18,CAQUETÁ,18247,Municipio,-75.283631,1.679951,
2923,EL DONCELLO,"1,997",2,18,CAQUETÁ,18247,Municipio,-75.283631,1.679951,
2924,EL DONCELLO,"2,000",2,18,CAQUETÁ,18247,Municipio,-75.283631,1.679951,
2925,EL DONCELLO,"2,001",1,18,CAQUETÁ,18247,Municipio,-75.283631,1.679951,
2926,EL DONCELLO,"2,002",1,18,CAQUETÁ,18247,Municipio,-75.283631,1.679951,
2927,EL DONCELLO,"2,004",2,18,CAQUETÁ,18247,Municipio,-75.283631,1.679951,
2928,EL DONCELLO,"2,009",1,18,CAQUETÁ,18247,Municipio,-75.283631,1.679951,
2929,EL DONCELLO,"2,012",2,18,CAQUETÁ,18247,Municipio,-75.283631,1.679951,
2930,EL DONCELLO,"2,014",1,18,CAQUETÁ,18247,Municipio,-75.283631,1.679951,
2931,EL DONCELLO,"2,015",1,18,CAQUETÁ,18247,Municipio,-75.283631,1.679951,
2932,EL DONCELLO,"2,016",1,18,CAQUETÁ,18247,Municipio,-75.283631,1.679951,
2933,EL DONCELLO,"2,018",1,18,CAQUETÁ,18247,Municipio,-75.283631,1.679951,
2934,EL DORADO,"2,006",1,50,META,50270,Municipio,-73.835264,3.739984,
2935,EL DORADO,"2,012",1,50,META,50270,Municipio,-73.835264,3.739984,
2936,EL DOVIO,"1,986",1,76,VALLE DEL CAUCA,76250,Municipio,-76.237084,4.510452,
2937,EL DOVIO,"1,988",1,76,VALLE DEL CAUCA,76250,Municipio,-76.237084,4.510452,
2938,EL DOVIO,"1,993",1,76,VALLE DEL CAUCA,76250,Municipio,-76.237084,4.510452,
2939,EL DOVIO,"2,002",1,76,VALLE DEL CAUCA,76250,Municipio,-76.237084,4.510452,
2940,EL DOVIO,"2,004",1,76,VALLE DEL CAUCA,76250,Municipio,-76.237084,4.510452,
2941,EL DOVIO,"2,008",1,76,VALLE DEL CAUCA,76250,Municipio,-76.237084,4.510452,
2942,EL GUAMO,"1,992",1,13,BOLÍVAR,13248,Municipio,-74.976084,10.030958,
2943,EL GUAMO,"1,994",1,13,BOLÍVAR,13248,Municipio,-74.976084,10.030958,
2944,EL GUAMO,"2,009",1,13,BOLÍVAR,13248,Municipio,-74.976084,10.030958,
2945,EL GUAMO,"2,012",2,13,BOLÍVAR,13248,Municipio,-74.976084,10.030958,
2946,EL GUAMO,"2,014",1,13,BOLÍVAR,13248,Municipio,-74.976084,10.030958,
2947,EL GUAMO,"2,015",1,13,BOLÍVAR,13248,Municipio,-74.976084,10.030958,
2948,EL GUAMO,"2,016",1,13,BOLÍVAR,13248,Municipio,-74.976084,10.030958,
2949,EL MOLINO,"2,006",1,44,LA GUAJIRA,44110,Municipio,-72.92673,10.653505,
2950,EL MOLINO,"2,008",1,44,LA GUAJIRA,44110,Municipio,-72.92673,10.653505,
2951,EL MOLINO,"2,009",2,44,LA GUAJIRA,44110,Municipio,-72.92673,10.653505,
2952,EL MOLINO,"2,012",2,44,LA GUAJIRA,44110,Municipio,-72.92673,10.653505,
2953,EL MOLINO,"2,018",1,44,LA GUAJIRA,44110,Municipio,-72.92673,10.653505,
2954,EL PASO,"1,998",1,20,CESAR,20250,Municipio,-73.742012,9.668461,
2955,EL PASO,"2,010",1,20,CESAR,20250,Municipio,-73.742012,9.668461,
2956,EL PASO,"2,012",1,20,CESAR,20250,Municipio,-73.742012,9.668461,
2957,EL PAUJÍL,"1,987",1,18,CAQUETÁ,18256,Municipio,-75.326093,1.570226,
2958,EL PAUJÍL,"2,010",1,18,CAQUETÁ,18256,Municipio,-75.326093,1.570226,
2959,EL PAUJÍL,"2,011",1,18,CAQUETÁ,18256,Municipio,-75.326093,1.570226,
2960,EL PAUJÍL,"2,013",1,18,CAQUETÁ,18256,Municipio,-75.326093,1.570226,
2961,EL PEÑOL,"2,015",1,52,NARIÑO,52254,Municipio,-77.438522,1.453567,
2962,EL PEÑÓN,"2,001",1,13,BOLÍVAR,13268,Municipio,-73.949274,8.988271,
2963,EL PEÑÓN,"2,001",1,25,CUNDINAMARCA,25258,Municipio,-74.290207,5.248747,
2964,EL PEÑÓN,"2,001",1,68,SANTANDER,68250,Municipio,-73.815532,6.05537,
2965,EL PEÑÓN,"2,003",1,13,BOLÍVAR,13268,Municipio,-73.949274,8.988271,
2966,EL PEÑÓN,"2,003",1,25,CUNDINAMARCA,25258,Municipio,-74.290207,5.248747,
2967,EL PEÑÓN,"2,003",1,68,SANTANDER,68250,Municipio,-73.815532,6.05537,
2968,EL PEÑÓN,"2,004",1,13,BOLÍVAR,13268,Municipio,-73.949274,8.988271,
2969,EL PEÑÓN,"2,004",1,25,CUNDINAMARCA,25258,Municipio,-74.290207,5.248747,
2970,EL PEÑÓN,"2,004",1,68,SANTANDER,68250,Municipio,-73.815532,6.05537,
2971,EL PEÑÓN,"2,006",1,13,BOLÍVAR,13268,Municipio,-73.949274,8.988271,
2972,EL PEÑÓN,"2,006",1,25,CUNDINAMARCA,25258,Municipio,-74.290207,5.248747,
2973,EL PEÑÓN,"2,006",1,68,SANTANDER,68250,Municipio,-73.815532,6.05537,
2974,EL PEÑÓN,"2,008",1,13,BOLÍVAR,13268,Municipio,-73.949274,8.988271,
2975,EL PEÑÓN,"2,008",1,25,CUNDINAMARCA,25258,Municipio,-74.290207,5.248747,
2976,EL PEÑÓN,"2,008",1,68,SANTANDER,68250,Municipio,-73.815532,6.05537,
2977,EL PEÑÓN,"2,016",1,13,BOLÍVAR,13268,Municipio,-73.949274,8.988271,
2978,EL PEÑÓN,"2,016",1,25,CUNDINAMARCA,25258,Municipio,-74.290207,5.248747,
2979,EL PEÑÓN,"2,016",1,68,SANTANDER,68250,Municipio,-73.815532,6.05537,
2980,EL PIÑÓN,"1,999",2,47,MAGDALENA,47258,Municipio,-74.823094,10.402781,
2981,EL PIÑÓN,"2,000",1,47,MAGDALENA,47258,Municipio,-74.823094,10.402781,
2982,EL PIÑÓN,"2,004",1,47,MAGDALENA,47258,Municipio,-74.823094,10.402781,
2983,EL PIÑÓN,"2,007",1,47,MAGDALENA,47258,Municipio,-74.823094,10.402781,
2984,EL PIÑÓN,"2,010",1,47,MAGDALENA,47258,Municipio,-74.823094,10.402781,
2985,EL PIÑÓN,"2,012",1,47,MAGDALENA,47258,Municipio,-74.823094,10.402781,
2986,EL PIÑÓN,"2,013",2,47,MAGDALENA,47258,Municipio,-74.823094,10.402781,
2987,EL PIÑÓN,"2,015",1,47,MAGDALENA,47258,Municipio,-74.823094,10.402781,
2988,EL PIÑÓN,"2,016",1,47,MAGDALENA,47258,Municipio,-74.823094,10.402781,
2989,EL PIÑÓN,"2,019",1,47,MAGDALENA,47258,Municipio,-74.823094,10.402781,
2990,EL PLAYÓN,"1,989",1,68,SANTANDER,68255,Municipio,-73.20287,7.470715,
2991,EL PLAYÓN,"1,999",1,68,SANTANDER,68255,Municipio,-73.20287,7.470715,
2992,EL PLAYÓN,"2,003",1,68,SANTANDER,68255,Municipio,-73.20287,7.470715,
2993,EL PLAYÓN,"2,006",1,68,SANTANDER,68255,Municipio,-73.20287,7.470715,
2994,EL PLAYÓN,"2,008",1,68,SANTANDER,68255,Municipio,-73.20287,7.470715,
2995,EL PLAYÓN,"2,010",2,68,SANTANDER,68255,Municipio,-73.20287,7.470715,
2996,EL PLAYÓN,"2,018",2,68,SANTANDER,68255,Municipio,-73.20287,7.470715,
2997,EL RETÉN,"1,997",1,47,MAGDALENA,47268,Municipio,-74.268444,10.610488,
2998,EL RETÉN,"2,000",1,47,MAGDALENA,47268,Municipio,-74.268444,10.610488,
2999,EL RETÉN,"2,006",2,47,MAGDALENA,47268,Municipio,-74.268444,10.610488,
3000,EL RETÉN,"2,008",1,47,MAGDALENA,47268,Municipio,-74.268444,10.610488,
3001,EL RETÉN,"2,009",1,47,MAGDALENA,47268,Municipio,-74.268444,10.610488,
3002,EL RETÉN,"2,013",1,47,MAGDALENA,47268,Municipio,-74.268444,10.610488,
3003,EL RETÉN,"2,015",1,47,MAGDALENA,47268,Municipio,-74.268444,10.610488,
3004,EL RETÉN,"2,016",1,47,MAGDALENA,47268,Municipio,-74.268444,10.610488,
3005,EL ROBLE,"2,008",1,70,SUCRE,70233,Municipio,-75.198378,9.100647,
3006,EL ROBLE,"2,009",1,70,SUCRE,70233,Municipio,-75.198378,9.100647,
3007,EL ROSAL,"2,006",1,25,CUNDINAMARCA,25260,Municipio,-74.263103,4.850589,
3008,EL ROSAL,"2,007",1,25,CUNDINAMARCA,25260,Municipio,-74.263103,4.850589,
3009,EL ROSAL,"2,008",1,25,CUNDINAMARCA,25260,Municipio,-74.263103,4.850589,
3010,EL ROSAL,"2,009",1,25,CUNDINAMARCA,25260,Municipio,-74.263103,4.850589,
3011,EL ROSAL,"2,014",1,25,CUNDINAMARCA,25260,Municipio,-74.263103,4.850589,
3012,EL ROSAL,"2,018",1,25,CUNDINAMARCA,25260,Municipio,-74.263103,4.850589,
3013,EL SANTUARIO,"1,986",2,5,ANTIOQUIA,5697,Municipio,-75.265465,6.136871,
3014,EL SANTUARIO,"1,988",2,5,ANTIOQUIA,5697,Municipio,-75.265465,6.136871,
3015,EL SANTUARIO,"1,989",1,5,ANTIOQUIA,5697,Municipio,-75.265465,6.136871,
3016,EL SANTUARIO,"1,991",1,5,ANTIOQUIA,5697,Municipio,-75.265465,6.136871,
3017,EL SANTUARIO,"1,992",1,5,ANTIOQUIA,5697,Municipio,-75.265465,6.136871,
3018,EL SANTUARIO,"1,993",1,5,ANTIOQUIA,5697,Municipio,-75.265465,6.136871,
3019,EL SANTUARIO,"1,994",2,5,ANTIOQUIA,5697,Municipio,-75.265465,6.136871,
3020,EL SANTUARIO,"1,995",1,5,ANTIOQUIA,5697,Municipio,-75.265465,6.136871,
3021,EL SANTUARIO,"1,996",1,5,ANTIOQUIA,5697,Municipio,-75.265465,6.136871,
3022,EL SANTUARIO,"1,998",1,5,ANTIOQUIA,5697,Municipio,-75.265465,6.136871,
3023,EL SANTUARIO,"1,999",1,5,ANTIOQUIA,5697,Municipio,-75.265465,6.136871,
3024,EL SANTUARIO,"2,000",1,5,ANTIOQUIA,5697,Municipio,-75.265465,6.136871,
3025,EL SANTUARIO,"2,001",1,5,ANTIOQUIA,5697,Municipio,-75.265465,6.136871,
3026,EL SANTUARIO,"2,002",2,5,ANTIOQUIA,5697,Municipio,-75.265465,6.136871,
3027,EL SANTUARIO,"2,003",4,5,ANTIOQUIA,5697,Municipio,-75.265465,6.136871,
3028,EL SANTUARIO,"2,006",1,5,ANTIOQUIA,5697,Municipio,-75.265465,6.136871,
3029,EL SANTUARIO,"2,007",3,5,ANTIOQUIA,5697,Municipio,-75.265465,6.136871,
3030,EL SANTUARIO,"2,009",1,5,ANTIOQUIA,5697,Municipio,-75.265465,6.136871,
3031,EL SANTUARIO,"2,012",2,5,ANTIOQUIA,5697,Municipio,-75.265465,6.136871,
3032,EL SANTUARIO,"2,013",2,5,ANTIOQUIA,5697,Municipio,-75.265465,6.136871,
3033,EL SANTUARIO,"2,014",3,5,ANTIOQUIA,5697,Municipio,-75.265465,6.136871,
3034,EL SANTUARIO,"2,015",1,5,ANTIOQUIA,5697,Municipio,-75.265465,6.136871,
3035,EL SANTUARIO,"2,017",1,5,ANTIOQUIA,5697,Municipio,-75.265465,6.136871,
3036,EL SANTUARIO,"2,018",2,5,ANTIOQUIA,5697,Municipio,-75.265465,6.136871,
3037,EL SANTUARIO,"2,019",2,5,ANTIOQUIA,5697,Municipio,-75.265465,6.136871,
3038,EL TAMBO,"1,989",1,19,CAUCA,19256,Municipio,-76.810911,2.451409,
3039,EL TAMBO,"1,989",1,52,NARIÑO,52260,Municipio,-77.390772,1.407913,
3040,EL TAMBO,"1,990",1,19,CAUCA,19256,Municipio,-76.810911,2.451409,
3041,EL TAMBO,"1,990",1,52,NARIÑO,52260,Municipio,-77.390772,1.407913,
3042,EL TAMBO,"1,992",1,19,CAUCA,19256,Municipio,-76.810911,2.451409,
3043,EL TAMBO,"1,992",1,52,NARIÑO,52260,Municipio,-77.390772,1.407913,
3044,EL TAMBO,"1,993",1,19,CAUCA,19256,Municipio,-76.810911,2.451409,
3045,EL TAMBO,"1,993",1,52,NARIÑO,52260,Municipio,-77.390772,1.407913,
3046,EL TAMBO,"1,994",1,19,CAUCA,19256,Municipio,-76.810911,2.451409,
3047,EL TAMBO,"1,994",1,52,NARIÑO,52260,Municipio,-77.390772,1.407913,
3048,EL TAMBO,"1,998",1,19,CAUCA,19256,Municipio,-76.810911,2.451409,
3049,EL TAMBO,"1,998",1,52,NARIÑO,52260,Municipio,-77.390772,1.407913,
3050,EL TAMBO,"2,001",1,19,CAUCA,19256,Municipio,-76.810911,2.451409,
3051,EL TAMBO,"2,001",1,52,NARIÑO,52260,Municipio,-77.390772,1.407913,
3052,EL TAMBO,"2,002",1,19,CAUCA,19256,Municipio,-76.810911,2.451409,
3053,EL TAMBO,"2,002",1,52,NARIÑO,52260,Municipio,-77.390772,1.407913,
3054,EL TAMBO,"2,003",1,19,CAUCA,19256,Municipio,-76.810911,2.451409,
3055,EL TAMBO,"2,003",1,52,NARIÑO,52260,Municipio,-77.390772,1.407913,
3056,EL TAMBO,"2,006",1,19,CAUCA,19256,Municipio,-76.810911,2.451409,
3057,EL TAMBO,"2,006",1,52,NARIÑO,52260,Municipio,-77.390772,1.407913,
3058,EL TAMBO,"2,007",3,19,CAUCA,19256,Municipio,-76.810911,2.451409,
3059,EL TAMBO,"2,007",3,52,NARIÑO,52260,Municipio,-77.390772,1.407913,
3060,EL TAMBO,"2,008",1,19,CAUCA,19256,Municipio,-76.810911,2.451409,
3061,EL TAMBO,"2,008",1,52,NARIÑO,52260,Municipio,-77.390772,1.407913,
3062,EL TAMBO,"2,009",2,19,CAUCA,19256,Municipio,-76.810911,2.451409,
3063,EL TAMBO,"2,009",2,52,NARIÑO,52260,Municipio,-77.390772,1.407913,
3064,EL TAMBO,"2,010",3,19,CAUCA,19256,Municipio,-76.810911,2.451409,
3065,EL TAMBO,"2,010",3,52,NARIÑO,52260,Municipio,-77.390772,1.407913,
3066,EL TAMBO,"2,013",2,19,CAUCA,19256,Municipio,-76.810911,2.451409,
3067,EL TAMBO,"2,013",2,52,NARIÑO,52260,Municipio,-77.390772,1.407913,
3068,EL TAMBO,"2,014",1,19,CAUCA,19256,Municipio,-76.810911,2.451409,
3069,EL TAMBO,"2,014",1,52,NARIÑO,52260,Municipio,-77.390772,1.407913,
3070,EL TAMBO,"2,015",1,19,CAUCA,19256,Municipio,-76.810911,2.451409,
3071,EL TAMBO,"2,015",1,52,NARIÑO,52260,Municipio,-77.390772,1.407913,
3072,EL TAMBO,"2,016",1,19,CAUCA,19256,Municipio,-76.810911,2.451409,
3073,EL TAMBO,"2,016",1,52,NARIÑO,52260,Municipio,-77.390772,1.407913,
3074,EL TAMBO,"2,019",1,19,CAUCA,19256,Municipio,-76.810911,2.451409,
3075,EL TAMBO,"2,019",1,52,NARIÑO,52260,Municipio,-77.390772,1.407913,
3076,EL ZULIA,"1,993",1,54,NORTE DE SANTANDER,54261,Municipio,-72.604717,7.938572,
3077,EL ZULIA,"2,001",1,54,NORTE DE SANTANDER,54261,Municipio,-72.604717,7.938572,
3078,EL ZULIA,"2,002",1,54,NORTE DE SANTANDER,54261,Municipio,-72.604717,7.938572,
3079,EL ZULIA,"2,005",1,54,NORTE DE SANTANDER,54261,Municipio,-72.604717,7.938572,
3080,EL ZULIA,"2,006",2,54,NORTE DE SANTANDER,54261,Municipio,-72.604717,7.938572,
3081,EL ZULIA,"2,007",1,54,NORTE DE SANTANDER,54261,Municipio,-72.604717,7.938572,
3082,EL ZULIA,"2,008",1,54,NORTE DE SANTANDER,54261,Municipio,-72.604717,7.938572,
3083,EL ZULIA,"2,010",1,54,NORTE DE SANTANDER,54261,Municipio,-72.604717,7.938572,
3084,EL ZULIA,"2,016",1,54,NORTE DE SANTANDER,54261,Municipio,-72.604717,7.938572,
3085,EL ZULIA,"2,017",1,54,NORTE DE SANTANDER,54261,Municipio,-72.604717,7.938572,
3086,EL ZULIA,"2,018",1,54,NORTE DE SANTANDER,54261,Municipio,-72.604717,7.938572,
3087,EL ZULIA,"2,019",2,54,NORTE DE SANTANDER,54261,Municipio,-72.604717,7.938572,
3088,EL ÁGUILA,"1,992",2,76,VALLE DEL CAUCA,76243,Municipio,-76.042779,4.906062,
3089,EL ÁGUILA,"1,995",1,76,VALLE DEL CAUCA,76243,Municipio,-76.042779,4.906062,
3090,EL ÁGUILA,"2,006",1,76,VALLE DEL CAUCA,76243,Municipio,-76.042779,4.906062,
3091,EL ÁGUILA,"2,008",2,76,VALLE DEL CAUCA,76243,Municipio,-76.042779,4.906062,
3092,EL ÁGUILA,"2,012",1,76,VALLE DEL CAUCA,76243,Municipio,-76.042779,4.906062,
3093,EL ÁGUILA,"2,016",1,76,VALLE DEL CAUCA,76243,Municipio,-76.042779,4.906062,
3094,EL ÁGUILA,"2,017",3,76,VALLE DEL CAUCA,76243,Municipio,-76.042779,4.906062,
3095,ELÍAS,"1,992",1,41,HUILA,41244,Municipio,-75.938301,2.012854,
3096,ELÍAS,"1,993",1,41,HUILA,41244,Municipio,-75.938301,2.012854,
3097,ELÍAS,"2,000",1,41,HUILA,41244,Municipio,-75.938301,2.012854,
3098,ELÍAS,"2,017",1,41,HUILA,41244,Municipio,-75.938301,2.012854,
3099,ELÍAS,"2,019",1,41,HUILA,41244,Municipio,-75.938301,2.012854,
3100,ENCISO,"2,007",1,68,SANTANDER,68266,Municipio,-72.699647,6.668034,
3101,ENTRERRÍOS,"1,989",1,5,ANTIOQUIA,5264,Municipio,-75.517685,6.566273,
3102,ENTRERRÍOS,"2,004",1,5,ANTIOQUIA,5264,Municipio,-75.517685,6.566273,
3103,ENTRERRÍOS,"2,005",1,5,ANTIOQUIA,5264,Municipio,-75.517685,6.566273,
3104,ENTRERRÍOS,"2,016",2,5,ANTIOQUIA,5264,Municipio,-75.517685,6.566273,
3105,ENVIGADO,"1,985",3,5,ANTIOQUIA,5266,Municipio,-75.582192,6.166695,
3106,ENVIGADO,"1,986",6,5,ANTIOQUIA,5266,Municipio,-75.582192,6.166695,
3107,ENVIGADO,"1,987",3,5,ANTIOQUIA,5266,Municipio,-75.582192,6.166695,
3108,ENVIGADO,"1,988",3,5,ANTIOQUIA,5266,Municipio,-75.582192,6.166695,
3109,ENVIGADO,"1,989",5,5,ANTIOQUIA,5266,Municipio,-75.582192,6.166695,
3110,ENVIGADO,"1,990",3,5,ANTIOQUIA,5266,Municipio,-75.582192,6.166695,
3111,ENVIGADO,"1,991",6,5,ANTIOQUIA,5266,Municipio,-75.582192,6.166695,
3112,ENVIGADO,"1,992",6,5,ANTIOQUIA,5266,Municipio,-75.582192,6.166695,
3113,ENVIGADO,"1,993",3,5,ANTIOQUIA,5266,Municipio,-75.582192,6.166695,
3114,ENVIGADO,"1,994",4,5,ANTIOQUIA,5266,Municipio,-75.582192,6.166695,
3115,ENVIGADO,"1,995",12,5,ANTIOQUIA,5266,Municipio,-75.582192,6.166695,
3116,ENVIGADO,"1,996",9,5,ANTIOQUIA,5266,Municipio,-75.582192,6.166695,
3117,ENVIGADO,"1,997",4,5,ANTIOQUIA,5266,Municipio,-75.582192,6.166695,
3118,ENVIGADO,"1,998",3,5,ANTIOQUIA,5266,Municipio,-75.582192,6.166695,
3119,ENVIGADO,"1,999",9,5,ANTIOQUIA,5266,Municipio,-75.582192,6.166695,
3120,ENVIGADO,"2,000",14,5,ANTIOQUIA,5266,Municipio,-75.582192,6.166695,
3121,ENVIGADO,"2,001",4,5,ANTIOQUIA,5266,Municipio,-75.582192,6.166695,
3122,ENVIGADO,"2,002",15,5,ANTIOQUIA,5266,Municipio,-75.582192,6.166695,
3123,ENVIGADO,"2,003",6,5,ANTIOQUIA,5266,Municipio,-75.582192,6.166695,
3124,ENVIGADO,"2,004",11,5,ANTIOQUIA,5266,Municipio,-75.582192,6.166695,
3125,ENVIGADO,"2,005",11,5,ANTIOQUIA,5266,Municipio,-75.582192,6.166695,
3126,ENVIGADO,"2,006",13,5,ANTIOQUIA,5266,Municipio,-75.582192,6.166695,
3127,ENVIGADO,"2,007",10,5,ANTIOQUIA,5266,Municipio,-75.582192,6.166695,
3128,ENVIGADO,"2,008",7,5,ANTIOQUIA,5266,Municipio,-75.582192,6.166695,
3129,ENVIGADO,"2,009",13,5,ANTIOQUIA,5266,Municipio,-75.582192,6.166695,
3130,ENVIGADO,"2,010",26,5,ANTIOQUIA,5266,Municipio,-75.582192,6.166695,
3131,ENVIGADO,"2,011",19,5,ANTIOQUIA,5266,Municipio,-75.582192,6.166695,
3132,ENVIGADO,"2,012",25,5,ANTIOQUIA,5266,Municipio,-75.582192,6.166695,
3133,ENVIGADO,"2,013",36,5,ANTIOQUIA,5266,Municipio,-75.582192,6.166695,
3134,ENVIGADO,"2,014",16,5,ANTIOQUIA,5266,Municipio,-75.582192,6.166695,
3135,ENVIGADO,"2,015",15,5,ANTIOQUIA,5266,Municipio,-75.582192,6.166695,
3136,ENVIGADO,"2,016",29,5,ANTIOQUIA,5266,Municipio,-75.582192,6.166695,
3137,ENVIGADO,"2,017",29,5,ANTIOQUIA,5266,Municipio,-75.582192,6.166695,
3138,ENVIGADO,"2,018",24,5,ANTIOQUIA,5266,Municipio,-75.582192,6.166695,
3139,ENVIGADO,"2,019",25,5,ANTIOQUIA,5266,Municipio,-75.582192,6.166695,
3140,ESPINAL,"1,986",2,73,TOLIMA,73268,Municipio,-74.885446,4.151314,
3141,ESPINAL,"1,987",2,73,TOLIMA,73268,Municipio,-74.885446,4.151314,
3142,ESPINAL,"1,989",1,73,TOLIMA,73268,Municipio,-74.885446,4.151314,
3143,ESPINAL,"1,990",2,73,TOLIMA,73268,Municipio,-74.885446,4.151314,
3144,ESPINAL,"1,991",2,73,TOLIMA,73268,Municipio,-74.885446,4.151314,
3145,ESPINAL,"1,992",2,73,TOLIMA,73268,Municipio,-74.885446,4.151314,
3146,ESPINAL,"1,993",2,73,TOLIMA,73268,Municipio,-74.885446,4.151314,
3147,ESPINAL,"1,994",1,73,TOLIMA,73268,Municipio,-74.885446,4.151314,
3148,ESPINAL,"1,995",3,73,TOLIMA,73268,Municipio,-74.885446,4.151314,
3149,ESPINAL,"1,996",2,73,TOLIMA,73268,Municipio,-74.885446,4.151314,
3150,ESPINAL,"1,998",5,73,TOLIMA,73268,Municipio,-74.885446,4.151314,
3151,ESPINAL,"1,999",1,73,TOLIMA,73268,Municipio,-74.885446,4.151314,
3152,ESPINAL,"2,000",2,73,TOLIMA,73268,Municipio,-74.885446,4.151314,
3153,ESPINAL,"2,001",1,73,TOLIMA,73268,Municipio,-74.885446,4.151314,
3154,ESPINAL,"2,003",3,73,TOLIMA,73268,Municipio,-74.885446,4.151314,
3155,ESPINAL,"2,004",2,73,TOLIMA,73268,Municipio,-74.885446,4.151314,
3156,ESPINAL,"2,005",1,73,TOLIMA,73268,Municipio,-74.885446,4.151314,
3157,ESPINAL,"2,006",4,73,TOLIMA,73268,Municipio,-74.885446,4.151314,
3158,ESPINAL,"2,007",6,73,TOLIMA,73268,Municipio,-74.885446,4.151314,
3159,ESPINAL,"2,008",6,73,TOLIMA,73268,Municipio,-74.885446,4.151314,
3160,ESPINAL,"2,009",6,73,TOLIMA,73268,Municipio,-74.885446,4.151314,
3161,ESPINAL,"2,010",6,73,TOLIMA,73268,Municipio,-74.885446,4.151314,
3162,ESPINAL,"2,011",5,73,TOLIMA,73268,Municipio,-74.885446,4.151314,
3163,ESPINAL,"2,012",3,73,TOLIMA,73268,Municipio,-74.885446,4.151314,
3164,ESPINAL,"2,013",5,73,TOLIMA,73268,Municipio,-74.885446,4.151314,
3165,ESPINAL,"2,014",4,73,TOLIMA,73268,Municipio,-74.885446,4.151314,
3166,ESPINAL,"2,015",8,73,TOLIMA,73268,Municipio,-74.885446,4.151314,
3167,ESPINAL,"2,016",7,73,TOLIMA,73268,Municipio,-74.885446,4.151314,
3168,ESPINAL,"2,017",5,73,TOLIMA,73268,Municipio,-74.885446,4.151314,
3169,ESPINAL,"2,018",3,73,TOLIMA,73268,Municipio,-74.885446,4.151314,
3170,ESPINAL,"2,019",5,73,TOLIMA,73268,Municipio,-74.885446,4.151314,
3171,FACATATIVÁ,"1,985",1,25,CUNDINAMARCA,25269,Municipio,-74.350085,4.813353,
3172,FACATATIVÁ,"1,987",1,25,CUNDINAMARCA,25269,Municipio,-74.350085,4.813353,
3173,FACATATIVÁ,"1,988",3,25,CUNDINAMARCA,25269,Municipio,-74.350085,4.813353,
3174,FACATATIVÁ,"1,990",2,25,CUNDINAMARCA,25269,Municipio,-74.350085,4.813353,
3175,FACATATIVÁ,"1,991",1,25,CUNDINAMARCA,25269,Municipio,-74.350085,4.813353,
3176,FACATATIVÁ,"1,992",2,25,CUNDINAMARCA,25269,Municipio,-74.350085,4.813353,
3177,FACATATIVÁ,"1,993",2,25,CUNDINAMARCA,25269,Municipio,-74.350085,4.813353,
3178,FACATATIVÁ,"1,996",1,25,CUNDINAMARCA,25269,Municipio,-74.350085,4.813353,
3179,FACATATIVÁ,"1,997",3,25,CUNDINAMARCA,25269,Municipio,-74.350085,4.813353,
3180,FACATATIVÁ,"1,998",2,25,CUNDINAMARCA,25269,Municipio,-74.350085,4.813353,
3181,FACATATIVÁ,"1,999",1,25,CUNDINAMARCA,25269,Municipio,-74.350085,4.813353,
3182,FACATATIVÁ,"2,001",5,25,CUNDINAMARCA,25269,Municipio,-74.350085,4.813353,
3183,FACATATIVÁ,"2,003",3,25,CUNDINAMARCA,25269,Municipio,-74.350085,4.813353,
3184,FACATATIVÁ,"2,006",5,25,CUNDINAMARCA,25269,Municipio,-74.350085,4.813353,
3185,FACATATIVÁ,"2,007",2,25,CUNDINAMARCA,25269,Municipio,-74.350085,4.813353,
3186,FACATATIVÁ,"2,008",5,25,CUNDINAMARCA,25269,Municipio,-74.350085,4.813353,
3187,FACATATIVÁ,"2,009",6,25,CUNDINAMARCA,25269,Municipio,-74.350085,4.813353,
3188,FACATATIVÁ,"2,010",8,25,CUNDINAMARCA,25269,Municipio,-74.350085,4.813353,
3189,FACATATIVÁ,"2,011",9,25,CUNDINAMARCA,25269,Municipio,-74.350085,4.813353,
3190,FACATATIVÁ,"2,012",4,25,CUNDINAMARCA,25269,Municipio,-74.350085,4.813353,
3191,FACATATIVÁ,"2,013",6,25,CUNDINAMARCA,25269,Municipio,-74.350085,4.813353,
3192,FACATATIVÁ,"2,014",11,25,CUNDINAMARCA,25269,Municipio,-74.350085,4.813353,
3193,FACATATIVÁ,"2,015",14,25,CUNDINAMARCA,25269,Municipio,-74.350085,4.813353,
3194,FACATATIVÁ,"2,016",7,25,CUNDINAMARCA,25269,Municipio,-74.350085,4.813353,
3195,FACATATIVÁ,"2,017",8,25,CUNDINAMARCA,25269,Municipio,-74.350085,4.813353,
3196,FACATATIVÁ,"2,018",14,25,CUNDINAMARCA,25269,Municipio,-74.350085,4.813353,
3197,FACATATIVÁ,"2,019",12,25,CUNDINAMARCA,25269,Municipio,-74.350085,4.813353,
3198,FALAN,"1,996",1,73,TOLIMA,73270,Municipio,-74.953007,5.123104,
3199,FALAN,"1,999",1,73,TOLIMA,73270,Municipio,-74.953007,5.123104,
3200,FALAN,"2,000",1,73,TOLIMA,73270,Municipio,-74.953007,5.123104,
3201,FALAN,"2,005",1,73,TOLIMA,73270,Municipio,-74.953007,5.123104,
3202,FALAN,"2,010",1,73,TOLIMA,73270,Municipio,-74.953007,5.123104,
3203,FALAN,"2,012",1,73,TOLIMA,73270,Municipio,-74.953007,5.123104,
3204,FALAN,"2,014",1,73,TOLIMA,73270,Municipio,-74.953007,5.123104,
3205,FALAN,"2,016",2,73,TOLIMA,73270,Municipio,-74.953007,5.123104,
3206,FALAN,"2,019",1,73,TOLIMA,73270,Municipio,-74.953007,5.123104,
3207,FILADELFIA,"1,992",1,17,CALDAS,17272,Municipio,-75.562474,5.297091,
3208,FILADELFIA,"1,993",1,17,CALDAS,17272,Municipio,-75.562474,5.297091,
3209,FILADELFIA,"1,994",2,17,CALDAS,17272,Municipio,-75.562474,5.297091,
3210,FILADELFIA,"1,995",1,17,CALDAS,17272,Municipio,-75.562474,5.297091,
3211,FILADELFIA,"1,996",1,17,CALDAS,17272,Municipio,-75.562474,5.297091,
3212,FILADELFIA,"1,997",1,17,CALDAS,17272,Municipio,-75.562474,5.297091,
3213,FILADELFIA,"2,003",1,17,CALDAS,17272,Municipio,-75.562474,5.297091,
3214,FILADELFIA,"2,004",1,17,CALDAS,17272,Municipio,-75.562474,5.297091,
3215,FILADELFIA,"2,005",2,17,CALDAS,17272,Municipio,-75.562474,5.297091,
3216,FILADELFIA,"2,006",1,17,CALDAS,17272,Municipio,-75.562474,5.297091,
3217,FILADELFIA,"2,009",1,17,CALDAS,17272,Municipio,-75.562474,5.297091,
3218,FILADELFIA,"2,012",2,17,CALDAS,17272,Municipio,-75.562474,5.297091,
3219,FILADELFIA,"2,013",1,17,CALDAS,17272,Municipio,-75.562474,5.297091,
3220,FILADELFIA,"2,015",1,17,CALDAS,17272,Municipio,-75.562474,5.297091,
3221,FILADELFIA,"2,016",1,17,CALDAS,17272,Municipio,-75.562474,5.297091,
3222,FILADELFIA,"2,017",1,17,CALDAS,17272,Municipio,-75.562474,5.297091,
3223,FILADELFIA,"2,018",1,17,CALDAS,17272,Municipio,-75.562474,5.297091,
3224,FILADELFIA,"2,019",1,17,CALDAS,17272,Municipio,-75.562474,5.297091,
3225,FILANDIA,"1,985",1,63,QUINDÍO,63272,Municipio,-75.658387,4.674338,
3226,FILANDIA,"1,986",1,63,QUINDÍO,63272,Municipio,-75.658387,4.674338,
3227,FILANDIA,"1,988",2,63,QUINDÍO,63272,Municipio,-75.658387,4.674338,
3228,FILANDIA,"1,996",1,63,QUINDÍO,63272,Municipio,-75.658387,4.674338,
3229,FILANDIA,"1,997",1,63,QUINDÍO,63272,Municipio,-75.658387,4.674338,
3230,FILANDIA,"2,002",1,63,QUINDÍO,63272,Municipio,-75.658387,4.674338,
3231,FILANDIA,"2,003",1,63,QUINDÍO,63272,Municipio,-75.658387,4.674338,
3232,FILANDIA,"2,008",1,63,QUINDÍO,63272,Municipio,-75.658387,4.674338,
3233,FILANDIA,"2,010",2,63,QUINDÍO,63272,Municipio,-75.658387,4.674338,
3234,FILANDIA,"2,012",1,63,QUINDÍO,63272,Municipio,-75.658387,4.674338,
3235,FILANDIA,"2,013",1,63,QUINDÍO,63272,Municipio,-75.658387,4.674338,
3236,FILANDIA,"2,015",2,63,QUINDÍO,63272,Municipio,-75.658387,4.674338,
3237,FILANDIA,"2,017",1,63,QUINDÍO,63272,Municipio,-75.658387,4.674338,
3238,FIRAVITOBA,"2,005",1,15,BOYACÁ,15272,Municipio,-72.993392,5.668885,
3239,FIRAVITOBA,"2,008",1,15,BOYACÁ,15272,Municipio,-72.993392,5.668885,
3240,FIRAVITOBA,"2,009",1,15,BOYACÁ,15272,Municipio,-72.993392,5.668885,
3241,FIRAVITOBA,"2,014",1,15,BOYACÁ,15272,Municipio,-72.993392,5.668885,
3242,FLANDES,"1,987",1,73,TOLIMA,73275,Municipio,-74.818763,4.276373,
3243,FLANDES,"1,988",1,73,TOLIMA,73275,Municipio,-74.818763,4.276373,
3244,FLANDES,"1,989",1,73,TOLIMA,73275,Municipio,-74.818763,4.276373,
3245,FLANDES,"1,990",1,73,TOLIMA,73275,Municipio,-74.818763,4.276373,
3246,FLANDES,"1,992",1,73,TOLIMA,73275,Municipio,-74.818763,4.276373,
3247,FLANDES,"1,993",2,73,TOLIMA,73275,Municipio,-74.818763,4.276373,
3248,FLANDES,"1,995",1,73,TOLIMA,73275,Municipio,-74.818763,4.276373,
3249,FLANDES,"1,998",2,73,TOLIMA,73275,Municipio,-74.818763,4.276373,
3250,FLANDES,"1,999",1,73,TOLIMA,73275,Municipio,-74.818763,4.276373,
3251,FLANDES,"2,000",1,73,TOLIMA,73275,Municipio,-74.818763,4.276373,
3252,FLANDES,"2,002",1,73,TOLIMA,73275,Municipio,-74.818763,4.276373,
3253,FLANDES,"2,003",1,73,TOLIMA,73275,Municipio,-74.818763,4.276373,
3254,FLANDES,"2,007",1,73,TOLIMA,73275,Municipio,-74.818763,4.276373,
3255,FLANDES,"2,011",1,73,TOLIMA,73275,Municipio,-74.818763,4.276373,
3256,FLANDES,"2,012",1,73,TOLIMA,73275,Municipio,-74.818763,4.276373,
3257,FLANDES,"2,019",2,73,TOLIMA,73275,Municipio,-74.818763,4.276373,
3258,FLORENCIA,"1,985",1,18,CAQUETÁ,18001,Municipio,-75.609831,1.618196,
3259,FLORENCIA,"1,985",1,19,CAUCA,19290,Municipio,-77.072547,1.682535,
3260,FLORENCIA,"1,987",3,18,CAQUETÁ,18001,Municipio,-75.609831,1.618196,
3261,FLORENCIA,"1,987",3,19,CAUCA,19290,Municipio,-77.072547,1.682535,
3262,FLORENCIA,"1,989",3,18,CAQUETÁ,18001,Municipio,-75.609831,1.618196,
3263,FLORENCIA,"1,989",3,19,CAUCA,19290,Municipio,-77.072547,1.682535,
3264,FLORENCIA,"1,990",4,18,CAQUETÁ,18001,Municipio,-75.609831,1.618196,
3265,FLORENCIA,"1,990",4,19,CAUCA,19290,Municipio,-77.072547,1.682535,
3266,FLORENCIA,"1,992",4,18,CAQUETÁ,18001,Municipio,-75.609831,1.618196,
3267,FLORENCIA,"1,992",4,19,CAUCA,19290,Municipio,-77.072547,1.682535,
3268,FLORENCIA,"1,993",1,18,CAQUETÁ,18001,Municipio,-75.609831,1.618196,
3269,FLORENCIA,"1,993",1,19,CAUCA,19290,Municipio,-77.072547,1.682535,
3270,FLORENCIA,"1,994",3,18,CAQUETÁ,18001,Municipio,-75.609831,1.618196,
3271,FLORENCIA,"1,994",3,19,CAUCA,19290,Municipio,-77.072547,1.682535,
3272,FLORENCIA,"1,995",4,18,CAQUETÁ,18001,Municipio,-75.609831,1.618196,
3273,FLORENCIA,"1,995",4,19,CAUCA,19290,Municipio,-77.072547,1.682535,
3274,FLORENCIA,"1,996",2,18,CAQUETÁ,18001,Municipio,-75.609831,1.618196,
3275,FLORENCIA,"1,996",2,19,CAUCA,19290,Municipio,-77.072547,1.682535,
3276,FLORENCIA,"1,997",6,18,CAQUETÁ,18001,Municipio,-75.609831,1.618196,
3277,FLORENCIA,"1,997",6,19,CAUCA,19290,Municipio,-77.072547,1.682535,
3278,FLORENCIA,"1,998",4,18,CAQUETÁ,18001,Municipio,-75.609831,1.618196,
3279,FLORENCIA,"1,998",4,19,CAUCA,19290,Municipio,-77.072547,1.682535,
3280,FLORENCIA,"2,000",4,18,CAQUETÁ,18001,Municipio,-75.609831,1.618196,
3281,FLORENCIA,"2,000",4,19,CAUCA,19290,Municipio,-77.072547,1.682535,
3282,FLORENCIA,"2,001",2,18,CAQUETÁ,18001,Municipio,-75.609831,1.618196,
3283,FLORENCIA,"2,001",2,19,CAUCA,19290,Municipio,-77.072547,1.682535,
3284,FLORENCIA,"2,002",3,18,CAQUETÁ,18001,Municipio,-75.609831,1.618196,
3285,FLORENCIA,"2,002",3,19,CAUCA,19290,Municipio,-77.072547,1.682535,
3286,FLORENCIA,"2,003",4,18,CAQUETÁ,18001,Municipio,-75.609831,1.618196,
3287,FLORENCIA,"2,003",4,19,CAUCA,19290,Municipio,-77.072547,1.682535,
3288,FLORENCIA,"2,004",5,18,CAQUETÁ,18001,Municipio,-75.609831,1.618196,
3289,FLORENCIA,"2,004",5,19,CAUCA,19290,Municipio,-77.072547,1.682535,
3290,FLORENCIA,"2,005",4,18,CAQUETÁ,18001,Municipio,-75.609831,1.618196,
3291,FLORENCIA,"2,005",4,19,CAUCA,19290,Municipio,-77.072547,1.682535,
3292,FLORENCIA,"2,006",4,18,CAQUETÁ,18001,Municipio,-75.609831,1.618196,
3293,FLORENCIA,"2,006",4,19,CAUCA,19290,Municipio,-77.072547,1.682535,
3294,FLORENCIA,"2,007",2,18,CAQUETÁ,18001,Municipio,-75.609831,1.618196,
3295,FLORENCIA,"2,007",2,19,CAUCA,19290,Municipio,-77.072547,1.682535,
3296,FLORENCIA,"2,008",4,18,CAQUETÁ,18001,Municipio,-75.609831,1.618196,
3297,FLORENCIA,"2,008",4,19,CAUCA,19290,Municipio,-77.072547,1.682535,
3298,FLORENCIA,"2,009",4,18,CAQUETÁ,18001,Municipio,-75.609831,1.618196,
3299,FLORENCIA,"2,009",4,19,CAUCA,19290,Municipio,-77.072547,1.682535,
3300,FLORENCIA,"2,010",6,18,CAQUETÁ,18001,Municipio,-75.609831,1.618196,
3301,FLORENCIA,"2,010",6,19,CAUCA,19290,Municipio,-77.072547,1.682535,
3302,FLORENCIA,"2,011",7,18,CAQUETÁ,18001,Municipio,-75.609831,1.618196,
3303,FLORENCIA,"2,011",7,19,CAUCA,19290,Municipio,-77.072547,1.682535,
3304,FLORENCIA,"2,012",5,18,CAQUETÁ,18001,Municipio,-75.609831,1.618196,
3305,FLORENCIA,"2,012",5,19,CAUCA,19290,Municipio,-77.072547,1.682535,
3306,FLORENCIA,"2,013",13,18,CAQUETÁ,18001,Municipio,-75.609831,1.618196,
3307,FLORENCIA,"2,013",13,19,CAUCA,19290,Municipio,-77.072547,1.682535,
3308,FLORENCIA,"2,014",8,18,CAQUETÁ,18001,Municipio,-75.609831,1.618196,
3309,FLORENCIA,"2,014",8,19,CAUCA,19290,Municipio,-77.072547,1.682535,
3310,FLORENCIA,"2,015",10,18,CAQUETÁ,18001,Municipio,-75.609831,1.618196,
3311,FLORENCIA,"2,015",10,19,CAUCA,19290,Municipio,-77.072547,1.682535,
3312,FLORENCIA,"2,016",12,18,CAQUETÁ,18001,Municipio,-75.609831,1.618196,
3313,FLORENCIA,"2,016",12,19,CAUCA,19290,Municipio,-77.072547,1.682535,
3314,FLORENCIA,"2,017",12,18,CAQUETÁ,18001,Municipio,-75.609831,1.618196,
3315,FLORENCIA,"2,017",12,19,CAUCA,19290,Municipio,-77.072547,1.682535,
3316,FLORENCIA,"2,018",9,18,CAQUETÁ,18001,Municipio,-75.609831,1.618196,
3317,FLORENCIA,"2,018",9,19,CAUCA,19290,Municipio,-77.072547,1.682535,
3318,FLORENCIA,"2,019",10,18,CAQUETÁ,18001,Municipio,-75.609831,1.618196,
3319,FLORENCIA,"2,019",10,19,CAUCA,19290,Municipio,-77.072547,1.682535,
3320,FLORESTA,"2,008",1,15,BOYACÁ,15276,Municipio,-72.918111,5.859519,
3321,FLORESTA,"2,009",1,15,BOYACÁ,15276,Municipio,-72.918111,5.859519,
3322,FLORESTA,"2,012",1,15,BOYACÁ,15276,Municipio,-72.918111,5.859519,
3323,FLORESTA,"2,017",1,15,BOYACÁ,15276,Municipio,-72.918111,5.859519,
3324,FLORIDA,"1,985",2,76,VALLE DEL CAUCA,76275,Municipio,-76.234199,3.324118,
3325,FLORIDA,"1,986",1,76,VALLE DEL CAUCA,76275,Municipio,-76.234199,3.324118,
3326,FLORIDA,"1,988",3,76,VALLE DEL CAUCA,76275,Municipio,-76.234199,3.324118,
3327,FLORIDA,"1,989",1,76,VALLE DEL CAUCA,76275,Municipio,-76.234199,3.324118,
3328,FLORIDA,"1,990",1,76,VALLE DEL CAUCA,76275,Municipio,-76.234199,3.324118,
3329,FLORIDA,"1,991",1,76,VALLE DEL CAUCA,76275,Municipio,-76.234199,3.324118,
3330,FLORIDA,"1,992",1,76,VALLE DEL CAUCA,76275,Municipio,-76.234199,3.324118,
3331,FLORIDA,"1,993",2,76,VALLE DEL CAUCA,76275,Municipio,-76.234199,3.324118,
3332,FLORIDA,"1,994",1,76,VALLE DEL CAUCA,76275,Municipio,-76.234199,3.324118,
3333,FLORIDA,"1,995",5,76,VALLE DEL CAUCA,76275,Municipio,-76.234199,3.324118,
3334,FLORIDA,"1,996",2,76,VALLE DEL CAUCA,76275,Municipio,-76.234199,3.324118,
3335,FLORIDA,"1,997",1,76,VALLE DEL CAUCA,76275,Municipio,-76.234199,3.324118,
3336,FLORIDA,"1,998",1,76,VALLE DEL CAUCA,76275,Municipio,-76.234199,3.324118,
3337,FLORIDA,"1,999",2,76,VALLE DEL CAUCA,76275,Municipio,-76.234199,3.324118,
3338,FLORIDA,"2,000",2,76,VALLE DEL CAUCA,76275,Municipio,-76.234199,3.324118,
3339,FLORIDA,"2,002",1,76,VALLE DEL CAUCA,76275,Municipio,-76.234199,3.324118,
3340,FLORIDA,"2,004",2,76,VALLE DEL CAUCA,76275,Municipio,-76.234199,3.324118,
3341,FLORIDA,"2,006",1,76,VALLE DEL CAUCA,76275,Municipio,-76.234199,3.324118,
3342,FLORIDA,"2,007",1,76,VALLE DEL CAUCA,76275,Municipio,-76.234199,3.324118,
3343,FLORIDA,"2,008",1,76,VALLE DEL CAUCA,76275,Municipio,-76.234199,3.324118,
3344,FLORIDA,"2,011",2,76,VALLE DEL CAUCA,76275,Municipio,-76.234199,3.324118,
3345,FLORIDA,"2,013",1,76,VALLE DEL CAUCA,76275,Municipio,-76.234199,3.324118,
3346,FLORIDA,"2,014",1,76,VALLE DEL CAUCA,76275,Municipio,-76.234199,3.324118,
3347,FLORIDA,"2,016",3,76,VALLE DEL CAUCA,76275,Municipio,-76.234199,3.324118,
3348,FLORIDA,"2,017",1,76,VALLE DEL CAUCA,76275,Municipio,-76.234199,3.324118,
3349,FLORIDA,"2,018",1,76,VALLE DEL CAUCA,76275,Municipio,-76.234199,3.324118,
3350,FLORIDA,"2,019",4,76,VALLE DEL CAUCA,76275,Municipio,-76.234199,3.324118,
3351,FLORIDABLANCA,"1,985",2,68,SANTANDER,68276,Municipio,-73.099104,7.072329,
3352,FLORIDABLANCA,"1,986",3,68,SANTANDER,68276,Municipio,-73.099104,7.072329,
3353,FLORIDABLANCA,"1,987",1,68,SANTANDER,68276,Municipio,-73.099104,7.072329,
3354,FLORIDABLANCA,"1,988",2,68,SANTANDER,68276,Municipio,-73.099104,7.072329,
3355,FLORIDABLANCA,"1,989",4,68,SANTANDER,68276,Municipio,-73.099104,7.072329,
3356,FLORIDABLANCA,"1,990",4,68,SANTANDER,68276,Municipio,-73.099104,7.072329,
3357,FLORIDABLANCA,"1,992",1,68,SANTANDER,68276,Municipio,-73.099104,7.072329,
3358,FLORIDABLANCA,"1,993",2,68,SANTANDER,68276,Municipio,-73.099104,7.072329,
3359,FLORIDABLANCA,"1,994",3,68,SANTANDER,68276,Municipio,-73.099104,7.072329,
3360,FLORIDABLANCA,"1,995",4,68,SANTANDER,68276,Municipio,-73.099104,7.072329,
3361,FLORIDABLANCA,"1,996",9,68,SANTANDER,68276,Municipio,-73.099104,7.072329,
3362,FLORIDABLANCA,"1,997",8,68,SANTANDER,68276,Municipio,-73.099104,7.072329,
3363,FLORIDABLANCA,"1,998",8,68,SANTANDER,68276,Municipio,-73.099104,7.072329,
3364,FLORIDABLANCA,"1,999",12,68,SANTANDER,68276,Municipio,-73.099104,7.072329,
3365,FLORIDABLANCA,"2,000",9,68,SANTANDER,68276,Municipio,-73.099104,7.072329,
3366,FLORIDABLANCA,"2,001",9,68,SANTANDER,68276,Municipio,-73.099104,7.072329,
3367,FLORIDABLANCA,"2,002",11,68,SANTANDER,68276,Municipio,-73.099104,7.072329,
3368,FLORIDABLANCA,"2,003",6,68,SANTANDER,68276,Municipio,-73.099104,7.072329,
3369,FLORIDABLANCA,"2,004",11,68,SANTANDER,68276,Municipio,-73.099104,7.072329,
3370,FLORIDABLANCA,"2,005",15,68,SANTANDER,68276,Municipio,-73.099104,7.072329,
3371,FLORIDABLANCA,"2,006",15,68,SANTANDER,68276,Municipio,-73.099104,7.072329,
3372,FLORIDABLANCA,"2,007",20,68,SANTANDER,68276,Municipio,-73.099104,7.072329,
3373,FLORIDABLANCA,"2,008",27,68,SANTANDER,68276,Municipio,-73.099104,7.072329,
3374,FLORIDABLANCA,"2,009",34,68,SANTANDER,68276,Municipio,-73.099104,7.072329,
3375,FLORIDABLANCA,"2,010",40,68,SANTANDER,68276,Municipio,-73.099104,7.072329,
3376,FLORIDABLANCA,"2,011",41,68,SANTANDER,68276,Municipio,-73.099104,7.072329,
3377,FLORIDABLANCA,"2,012",42,68,SANTANDER,68276,Municipio,-73.099104,7.072329,
3378,FLORIDABLANCA,"2,013",40,68,SANTANDER,68276,Municipio,-73.099104,7.072329,
3379,FLORIDABLANCA,"2,014",54,68,SANTANDER,68276,Municipio,-73.099104,7.072329,
3380,FLORIDABLANCA,"2,015",43,68,SANTANDER,68276,Municipio,-73.099104,7.072329,
3381,FLORIDABLANCA,"2,016",54,68,SANTANDER,68276,Municipio,-73.099104,7.072329,
3382,FLORIDABLANCA,"2,017",52,68,SANTANDER,68276,Municipio,-73.099104,7.072329,
3383,FLORIDABLANCA,"2,018",47,68,SANTANDER,68276,Municipio,-73.099104,7.072329,
3384,FLORIDABLANCA,"2,019",56,68,SANTANDER,68276,Municipio,-73.099104,7.072329,
3385,FLORIÁN,"2,013",1,68,SANTANDER,68271,Municipio,-73.97143,5.804659,
3386,FLORIÁN,"2,014",1,68,SANTANDER,68271,Municipio,-73.97143,5.804659,
3387,FONSECA,"1,988",1,44,LA GUAJIRA,44279,Municipio,-72.846319,10.886734,
3388,FONSECA,"1,990",1,44,LA GUAJIRA,44279,Municipio,-72.846319,10.886734,
3389,FONSECA,"1,997",1,44,LA GUAJIRA,44279,Municipio,-72.846319,10.886734,
3390,FONSECA,"2,001",1,44,LA GUAJIRA,44279,Municipio,-72.846319,10.886734,
3391,FONSECA,"2,006",1,44,LA GUAJIRA,44279,Municipio,-72.846319,10.886734,
3392,FONSECA,"2,007",1,44,LA GUAJIRA,44279,Municipio,-72.846319,10.886734,
3393,FONSECA,"2,008",1,44,LA GUAJIRA,44279,Municipio,-72.846319,10.886734,
3394,FONSECA,"2,010",1,44,LA GUAJIRA,44279,Municipio,-72.846319,10.886734,
3395,FONSECA,"2,017",1,44,LA GUAJIRA,44279,Municipio,-72.846319,10.886734,
3396,FONSECA,"2,018",1,44,LA GUAJIRA,44279,Municipio,-72.846319,10.886734,
3397,FONSECA,"2,019",1,44,LA GUAJIRA,44279,Municipio,-72.846319,10.886734,
3398,FORTUL,"1,997",1,81,ARAUCA,81300,Municipio,-71.76877,6.796695,
3399,FORTUL,"2,009",2,81,ARAUCA,81300,Municipio,-71.76877,6.796695,
3400,FORTUL,"2,010",1,81,ARAUCA,81300,Municipio,-71.76877,6.796695,
3401,FOSCA,"1,987",1,25,CUNDINAMARCA,25281,Municipio,-73.93902,4.339093,
3402,FOSCA,"2,019",2,25,CUNDINAMARCA,25281,Municipio,-73.93902,4.339093,
3403,FREDONIA,"1,986",1,5,ANTIOQUIA,5282,Municipio,-75.675072,5.928039,
3404,FREDONIA,"1,987",2,5,ANTIOQUIA,5282,Municipio,-75.675072,5.928039,
3405,FREDONIA,"1,990",1,5,ANTIOQUIA,5282,Municipio,-75.675072,5.928039,
3406,FREDONIA,"1,993",1,5,ANTIOQUIA,5282,Municipio,-75.675072,5.928039,
3407,FREDONIA,"1,995",2,5,ANTIOQUIA,5282,Municipio,-75.675072,5.928039,
3408,FREDONIA,"1,996",1,5,ANTIOQUIA,5282,Municipio,-75.675072,5.928039,
3409,FREDONIA,"1,997",2,5,ANTIOQUIA,5282,Municipio,-75.675072,5.928039,
3410,FREDONIA,"1,998",1,5,ANTIOQUIA,5282,Municipio,-75.675072,5.928039,
3411,FREDONIA,"2,003",3,5,ANTIOQUIA,5282,Municipio,-75.675072,5.928039,
3412,FREDONIA,"2,004",3,5,ANTIOQUIA,5282,Municipio,-75.675072,5.928039,
3413,FREDONIA,"2,005",1,5,ANTIOQUIA,5282,Municipio,-75.675072,5.928039,
3414,FREDONIA,"2,008",1,5,ANTIOQUIA,5282,Municipio,-75.675072,5.928039,
3415,FREDONIA,"2,011",3,5,ANTIOQUIA,5282,Municipio,-75.675072,5.928039,
3416,FREDONIA,"2,012",1,5,ANTIOQUIA,5282,Municipio,-75.675072,5.928039,
3417,FREDONIA,"2,013",1,5,ANTIOQUIA,5282,Municipio,-75.675072,5.928039,
3418,FREDONIA,"2,014",2,5,ANTIOQUIA,5282,Municipio,-75.675072,5.928039,
3419,FRESNO,"1,987",1,73,TOLIMA,73283,Municipio,-75.035722,5.153576,
3420,FRESNO,"1,989",1,73,TOLIMA,73283,Municipio,-75.035722,5.153576,
3421,FRESNO,"1,992",2,73,TOLIMA,73283,Municipio,-75.035722,5.153576,
3422,FRESNO,"1,993",1,73,TOLIMA,73283,Municipio,-75.035722,5.153576,
3423,FRESNO,"1,994",1,73,TOLIMA,73283,Municipio,-75.035722,5.153576,
3424,FRESNO,"1,995",2,73,TOLIMA,73283,Municipio,-75.035722,5.153576,
3425,FRESNO,"1,996",1,73,TOLIMA,73283,Municipio,-75.035722,5.153576,
3426,FRESNO,"1,997",1,73,TOLIMA,73283,Municipio,-75.035722,5.153576,
3427,FRESNO,"1,998",1,73,TOLIMA,73283,Municipio,-75.035722,5.153576,
3428,FRESNO,"1,999",2,73,TOLIMA,73283,Municipio,-75.035722,5.153576,
3429,FRESNO,"2,001",1,73,TOLIMA,73283,Municipio,-75.035722,5.153576,
3430,FRESNO,"2,002",2,73,TOLIMA,73283,Municipio,-75.035722,5.153576,
3431,FRESNO,"2,003",2,73,TOLIMA,73283,Municipio,-75.035722,5.153576,
3432,FRESNO,"2,004",1,73,TOLIMA,73283,Municipio,-75.035722,5.153576,
3433,FRESNO,"2,005",1,73,TOLIMA,73283,Municipio,-75.035722,5.153576,
3434,FRESNO,"2,009",1,73,TOLIMA,73283,Municipio,-75.035722,5.153576,
3435,FRESNO,"2,015",2,73,TOLIMA,73283,Municipio,-75.035722,5.153576,
3436,FRESNO,"2,016",3,73,TOLIMA,73283,Municipio,-75.035722,5.153576,
3437,FRESNO,"2,017",4,73,TOLIMA,73283,Municipio,-75.035722,5.153576,
3438,FRESNO,"2,018",3,73,TOLIMA,73283,Municipio,-75.035722,5.153576,
3439,FRESNO,"2,019",4,73,TOLIMA,73283,Municipio,-75.035722,5.153576,
3440,FRONTINO,"1,987",2,5,ANTIOQUIA,5284,Municipio,-76.130765,6.776066,
3441,FRONTINO,"1,989",2,5,ANTIOQUIA,5284,Municipio,-76.130765,6.776066,
3442,FRONTINO,"1,991",1,5,ANTIOQUIA,5284,Municipio,-76.130765,6.776066,
3443,FRONTINO,"1,992",1,5,ANTIOQUIA,5284,Municipio,-76.130765,6.776066,
3444,FRONTINO,"1,994",1,5,ANTIOQUIA,5284,Municipio,-76.130765,6.776066,
3445,FRONTINO,"1,995",2,5,ANTIOQUIA,5284,Municipio,-76.130765,6.776066,
3446,FRONTINO,"1,996",1,5,ANTIOQUIA,5284,Municipio,-76.130765,6.776066,
3447,FRONTINO,"2,003",1,5,ANTIOQUIA,5284,Municipio,-76.130765,6.776066,
3448,FRONTINO,"2,007",1,5,ANTIOQUIA,5284,Municipio,-76.130765,6.776066,
3449,FRONTINO,"2,009",1,5,ANTIOQUIA,5284,Municipio,-76.130765,6.776066,
3450,FRONTINO,"2,010",1,5,ANTIOQUIA,5284,Municipio,-76.130765,6.776066,
3451,FRONTINO,"2,012",1,5,ANTIOQUIA,5284,Municipio,-76.130765,6.776066,
3452,FRONTINO,"2,015",1,5,ANTIOQUIA,5284,Municipio,-76.130765,6.776066,
3453,FUENTE DE ORO,"2,000",1,50,META,50287,Municipio,-73.618121,3.462875,
3454,FUENTE DE ORO,"2,007",1,50,META,50287,Municipio,-73.618121,3.462875,
3455,FUENTE DE ORO,"2,014",1,50,META,50287,Municipio,-73.618121,3.462875,
3456,FUENTE DE ORO,"2,017",1,50,META,50287,Municipio,-73.618121,3.462875,
3457,FUENTE DE ORO,"2,018",1,50,META,50287,Municipio,-73.618121,3.462875,
3458,FUNDACIÓN,"1,985",1,47,MAGDALENA,47288,Municipio,-74.191453,10.514146,
3459,FUNDACIÓN,"1,986",1,47,MAGDALENA,47288,Municipio,-74.191453,10.514146,
3460,FUNDACIÓN,"1,987",1,47,MAGDALENA,47288,Municipio,-74.191453,10.514146,
3461,FUNDACIÓN,"1,993",1,47,MAGDALENA,47288,Municipio,-74.191453,10.514146,
3462,FUNDACIÓN,"2,001",1,47,MAGDALENA,47288,Municipio,-74.191453,10.514146,
3463,FUNDACIÓN,"2,003",5,47,MAGDALENA,47288,Municipio,-74.191453,10.514146,
3464,FUNDACIÓN,"2,005",1,47,MAGDALENA,47288,Municipio,-74.191453,10.514146,
3465,FUNDACIÓN,"2,007",1,47,MAGDALENA,47288,Municipio,-74.191453,10.514146,
3466,FUNDACIÓN,"2,008",1,47,MAGDALENA,47288,Municipio,-74.191453,10.514146,
3467,FUNDACIÓN,"2,009",1,47,MAGDALENA,47288,Municipio,-74.191453,10.514146,
3468,FUNDACIÓN,"2,010",2,47,MAGDALENA,47288,Municipio,-74.191453,10.514146,
3469,FUNDACIÓN,"2,011",2,47,MAGDALENA,47288,Municipio,-74.191453,10.514146,
3470,FUNDACIÓN,"2,013",2,47,MAGDALENA,47288,Municipio,-74.191453,10.514146,
3471,FUNDACIÓN,"2,014",4,47,MAGDALENA,47288,Municipio,-74.191453,10.514146,
3472,FUNDACIÓN,"2,016",1,47,MAGDALENA,47288,Municipio,-74.191453,10.514146,
3473,FUNDACIÓN,"2,017",2,47,MAGDALENA,47288,Municipio,-74.191453,10.514146,
3474,FUNDACIÓN,"2,018",1,47,MAGDALENA,47288,Municipio,-74.191453,10.514146,
3475,FUNDACIÓN,"2,019",3,47,MAGDALENA,47288,Municipio,-74.191453,10.514146,
3476,FUNES,"2,002",1,52,NARIÑO,52287,Municipio,-77.448913,1.001159,
3477,FUNES,"2,004",2,52,NARIÑO,52287,Municipio,-77.448913,1.001159,
3478,FUNES,"2,009",1,52,NARIÑO,52287,Municipio,-77.448913,1.001159,
3479,FUNES,"2,010",2,52,NARIÑO,52287,Municipio,-77.448913,1.001159,
3480,FUNES,"2,013",1,52,NARIÑO,52287,Municipio,-77.448913,1.001159,
3481,FUNES,"2,015",1,52,NARIÑO,52287,Municipio,-77.448913,1.001159,
3482,FUNES,"2,018",1,52,NARIÑO,52287,Municipio,-77.448913,1.001159,
3483,FUNZA,"1,985",1,25,CUNDINAMARCA,25286,Municipio,-74.201528,4.710412,
3484,FUNZA,"1,986",1,25,CUNDINAMARCA,25286,Municipio,-74.201528,4.710412,
3485,FUNZA,"1,987",1,25,CUNDINAMARCA,25286,Municipio,-74.201528,4.710412,
3486,FUNZA,"1,988",1,25,CUNDINAMARCA,25286,Municipio,-74.201528,4.710412,
3487,FUNZA,"1,989",1,25,CUNDINAMARCA,25286,Municipio,-74.201528,4.710412,
3488,FUNZA,"1,990",1,25,CUNDINAMARCA,25286,Municipio,-74.201528,4.710412,
3489,FUNZA,"1,991",2,25,CUNDINAMARCA,25286,Municipio,-74.201528,4.710412,
3490,FUNZA,"1,992",2,25,CUNDINAMARCA,25286,Municipio,-74.201528,4.710412,
3491,FUNZA,"1,993",2,25,CUNDINAMARCA,25286,Municipio,-74.201528,4.710412,
3492,FUNZA,"1,996",2,25,CUNDINAMARCA,25286,Municipio,-74.201528,4.710412,
3493,FUNZA,"1,997",1,25,CUNDINAMARCA,25286,Municipio,-74.201528,4.710412,
3494,FUNZA,"1,998",4,25,CUNDINAMARCA,25286,Municipio,-74.201528,4.710412,
3495,FUNZA,"1,999",1,25,CUNDINAMARCA,25286,Municipio,-74.201528,4.710412,
3496,FUNZA,"2,000",2,25,CUNDINAMARCA,25286,Municipio,-74.201528,4.710412,
3497,FUNZA,"2,002",1,25,CUNDINAMARCA,25286,Municipio,-74.201528,4.710412,
3498,FUNZA,"2,003",1,25,CUNDINAMARCA,25286,Municipio,-74.201528,4.710412,
3499,FUNZA,"2,004",1,25,CUNDINAMARCA,25286,Municipio,-74.201528,4.710412,
3500,FUNZA,"2,005",2,25,CUNDINAMARCA,25286,Municipio,-74.201528,4.710412,
3501,FUNZA,"2,006",2,25,CUNDINAMARCA,25286,Municipio,-74.201528,4.710412,
3502,FUNZA,"2,007",2,25,CUNDINAMARCA,25286,Municipio,-74.201528,4.710412,
3503,FUNZA,"2,008",1,25,CUNDINAMARCA,25286,Municipio,-74.201528,4.710412,
3504,FUNZA,"2,009",3,25,CUNDINAMARCA,25286,Municipio,-74.201528,4.710412,
3505,FUNZA,"2,010",3,25,CUNDINAMARCA,25286,Municipio,-74.201528,4.710412,
3506,FUNZA,"2,012",2,25,CUNDINAMARCA,25286,Municipio,-74.201528,4.710412,
3507,FUNZA,"2,015",1,25,CUNDINAMARCA,25286,Municipio,-74.201528,4.710412,
3508,FUNZA,"2,016",4,25,CUNDINAMARCA,25286,Municipio,-74.201528,4.710412,
3509,FUNZA,"2,017",3,25,CUNDINAMARCA,25286,Municipio,-74.201528,4.710412,
3510,FUNZA,"2,018",4,25,CUNDINAMARCA,25286,Municipio,-74.201528,4.710412,
3511,FUNZA,"2,019",3,25,CUNDINAMARCA,25286,Municipio,-74.201528,4.710412,
3512,FUSAGASUGÁ,"1,985",3,25,CUNDINAMARCA,25290,Municipio,-74.37543,4.336723,
3513,FUSAGASUGÁ,"1,986",4,25,CUNDINAMARCA,25290,Municipio,-74.37543,4.336723,
3514,FUSAGASUGÁ,"1,987",2,25,CUNDINAMARCA,25290,Municipio,-74.37543,4.336723,
3515,FUSAGASUGÁ,"1,988",1,25,CUNDINAMARCA,25290,Municipio,-74.37543,4.336723,
3516,FUSAGASUGÁ,"1,989",4,25,CUNDINAMARCA,25290,Municipio,-74.37543,4.336723,
3517,FUSAGASUGÁ,"1,991",3,25,CUNDINAMARCA,25290,Municipio,-74.37543,4.336723,
3518,FUSAGASUGÁ,"1,992",4,25,CUNDINAMARCA,25290,Municipio,-74.37543,4.336723,
3519,FUSAGASUGÁ,"1,993",5,25,CUNDINAMARCA,25290,Municipio,-74.37543,4.336723,
3520,FUSAGASUGÁ,"1,994",4,25,CUNDINAMARCA,25290,Municipio,-74.37543,4.336723,
3521,FUSAGASUGÁ,"1,995",1,25,CUNDINAMARCA,25290,Municipio,-74.37543,4.336723,
3522,FUSAGASUGÁ,"1,996",3,25,CUNDINAMARCA,25290,Municipio,-74.37543,4.336723,
3523,FUSAGASUGÁ,"1,997",1,25,CUNDINAMARCA,25290,Municipio,-74.37543,4.336723,
3524,FUSAGASUGÁ,"1,998",1,25,CUNDINAMARCA,25290,Municipio,-74.37543,4.336723,
3525,FUSAGASUGÁ,"1,999",1,25,CUNDINAMARCA,25290,Municipio,-74.37543,4.336723,
3526,FUSAGASUGÁ,"2,000",2,25,CUNDINAMARCA,25290,Municipio,-74.37543,4.336723,
3527,FUSAGASUGÁ,"2,001",5,25,CUNDINAMARCA,25290,Municipio,-74.37543,4.336723,
3528,FUSAGASUGÁ,"2,002",5,25,CUNDINAMARCA,25290,Municipio,-74.37543,4.336723,
3529,FUSAGASUGÁ,"2,003",4,25,CUNDINAMARCA,25290,Municipio,-74.37543,4.336723,
3530,FUSAGASUGÁ,"2,004",3,25,CUNDINAMARCA,25290,Municipio,-74.37543,4.336723,
3531,FUSAGASUGÁ,"2,005",4,25,CUNDINAMARCA,25290,Municipio,-74.37543,4.336723,
3532,FUSAGASUGÁ,"2,006",3,25,CUNDINAMARCA,25290,Municipio,-74.37543,4.336723,
3533,FUSAGASUGÁ,"2,007",6,25,CUNDINAMARCA,25290,Municipio,-74.37543,4.336723,
3534,FUSAGASUGÁ,"2,008",7,25,CUNDINAMARCA,25290,Municipio,-74.37543,4.336723,
3535,FUSAGASUGÁ,"2,009",4,25,CUNDINAMARCA,25290,Municipio,-74.37543,4.336723,
3536,FUSAGASUGÁ,"2,010",7,25,CUNDINAMARCA,25290,Municipio,-74.37543,4.336723,
3537,FUSAGASUGÁ,"2,011",5,25,CUNDINAMARCA,25290,Municipio,-74.37543,4.336723,
3538,FUSAGASUGÁ,"2,012",11,25,CUNDINAMARCA,25290,Municipio,-74.37543,4.336723,
3539,FUSAGASUGÁ,"2,013",6,25,CUNDINAMARCA,25290,Municipio,-74.37543,4.336723,
3540,FUSAGASUGÁ,"2,014",13,25,CUNDINAMARCA,25290,Municipio,-74.37543,4.336723,
3541,FUSAGASUGÁ,"2,015",16,25,CUNDINAMARCA,25290,Municipio,-74.37543,4.336723,
3542,FUSAGASUGÁ,"2,016",15,25,CUNDINAMARCA,25290,Municipio,-74.37543,4.336723,
3543,FUSAGASUGÁ,"2,017",18,25,CUNDINAMARCA,25290,Municipio,-74.37543,4.336723,
3544,FUSAGASUGÁ,"2,018",17,25,CUNDINAMARCA,25290,Municipio,-74.37543,4.336723,
3545,FUSAGASUGÁ,"2,019",18,25,CUNDINAMARCA,25290,Municipio,-74.37543,4.336723,
3546,FÓMEQUE,"1,985",1,25,CUNDINAMARCA,25279,Municipio,-73.892523,4.485474,
3547,FÓMEQUE,"1,989",1,25,CUNDINAMARCA,25279,Municipio,-73.892523,4.485474,
3548,FÓMEQUE,"1,991",2,25,CUNDINAMARCA,25279,Municipio,-73.892523,4.485474,
3549,FÓMEQUE,"1,993",1,25,CUNDINAMARCA,25279,Municipio,-73.892523,4.485474,
3550,FÓMEQUE,"1,997",1,25,CUNDINAMARCA,25279,Municipio,-73.892523,4.485474,
3551,FÓMEQUE,"1,998",1,25,CUNDINAMARCA,25279,Municipio,-73.892523,4.485474,
3552,FÓMEQUE,"1,999",1,25,CUNDINAMARCA,25279,Municipio,-73.892523,4.485474,
3553,FÓMEQUE,"2,006",1,25,CUNDINAMARCA,25279,Municipio,-73.892523,4.485474,
3554,FÓMEQUE,"2,010",2,25,CUNDINAMARCA,25279,Municipio,-73.892523,4.485474,
3555,FÓMEQUE,"2,011",2,25,CUNDINAMARCA,25279,Municipio,-73.892523,4.485474,
3556,FÓMEQUE,"2,015",2,25,CUNDINAMARCA,25279,Municipio,-73.892523,4.485474,
3557,FÓMEQUE,"2,017",1,25,CUNDINAMARCA,25279,Municipio,-73.892523,4.485474,
3558,FÚQUENE,"1,985",1,25,CUNDINAMARCA,25288,Municipio,-73.795855,5.403997,
3559,FÚQUENE,"1,987",1,25,CUNDINAMARCA,25288,Municipio,-73.795855,5.403997,
3560,FÚQUENE,"2,006",1,25,CUNDINAMARCA,25288,Municipio,-73.795855,5.403997,
3561,FÚQUENE,"2,012",1,25,CUNDINAMARCA,25288,Municipio,-73.795855,5.403997,
3562,FÚQUENE,"2,018",1,25,CUNDINAMARCA,25288,Municipio,-73.795855,5.403997,
3563,FÚQUENE,"2,019",1,25,CUNDINAMARCA,25288,Municipio,-73.795855,5.403997,
3564,GACHALÁ,"1,988",1,25,CUNDINAMARCA,25293,Municipio,-73.520161,4.693579,
3565,GACHALÁ,"2,004",1,25,CUNDINAMARCA,25293,Municipio,-73.520161,4.693579,
3566,GACHALÁ,"2,011",1,25,CUNDINAMARCA,25293,Municipio,-73.520161,4.693579,
3567,GACHANCIPÁ,"2,008",1,25,CUNDINAMARCA,25295,Municipio,-73.873464,4.990947,
3568,GACHANCIPÁ,"2,018",1,25,CUNDINAMARCA,25295,Municipio,-73.873464,4.990947,
3569,GACHANCIPÁ,"2,019",1,25,CUNDINAMARCA,25295,Municipio,-73.873464,4.990947,
3570,GACHANTIVÁ,"2,002",1,15,BOYACÁ,15293,Municipio,-73.549092,5.751891,
3571,GACHANTIVÁ,"2,006",1,15,BOYACÁ,15293,Municipio,-73.549092,5.751891,
3572,GACHANTIVÁ,"2,012",1,15,BOYACÁ,15293,Municipio,-73.549092,5.751891,
3573,GACHETÁ,"1,985",1,25,CUNDINAMARCA,25297,Municipio,-73.636377,4.816411,
3574,GACHETÁ,"1,987",2,25,CUNDINAMARCA,25297,Municipio,-73.636377,4.816411,
3575,GACHETÁ,"1,989",3,25,CUNDINAMARCA,25297,Municipio,-73.636377,4.816411,
3576,GACHETÁ,"1,990",2,25,CUNDINAMARCA,25297,Municipio,-73.636377,4.816411,
3577,GACHETÁ,"1,993",2,25,CUNDINAMARCA,25297,Municipio,-73.636377,4.816411,
3578,GACHETÁ,"1,996",1,25,CUNDINAMARCA,25297,Municipio,-73.636377,4.816411,
3579,GACHETÁ,"1,998",2,25,CUNDINAMARCA,25297,Municipio,-73.636377,4.816411,
3580,GACHETÁ,"2,001",1,25,CUNDINAMARCA,25297,Municipio,-73.636377,4.816411,
3581,GACHETÁ,"2,002",1,25,CUNDINAMARCA,25297,Municipio,-73.636377,4.816411,
3582,GACHETÁ,"2,007",1,25,CUNDINAMARCA,25297,Municipio,-73.636377,4.816411,
3583,GACHETÁ,"2,009",1,25,CUNDINAMARCA,25297,Municipio,-73.636377,4.816411,
3584,GACHETÁ,"2,013",1,25,CUNDINAMARCA,25297,Municipio,-73.636377,4.816411,
3585,GACHETÁ,"2,014",1,25,CUNDINAMARCA,25297,Municipio,-73.636377,4.816411,
3586,GACHETÁ,"2,016",1,25,CUNDINAMARCA,25297,Municipio,-73.636377,4.816411,
3587,GACHETÁ,"2,018",2,25,CUNDINAMARCA,25297,Municipio,-73.636377,4.816411,
3588,GACHETÁ,"2,019",1,25,CUNDINAMARCA,25297,Municipio,-73.636377,4.816411,
3589,GALAPA,"1,988",1,8,ATLÁNTICO,8296,Municipio,-74.870385,10.919033,
3590,GALAPA,"1,989",3,8,ATLÁNTICO,8296,Municipio,-74.870385,10.919033,
3591,GALAPA,"1,994",1,8,ATLÁNTICO,8296,Municipio,-74.870385,10.919033,
3592,GALAPA,"1,997",1,8,ATLÁNTICO,8296,Municipio,-74.870385,10.919033,
3593,GALAPA,"2,000",1,8,ATLÁNTICO,8296,Municipio,-74.870385,10.919033,
3594,GALAPA,"2,001",1,8,ATLÁNTICO,8296,Municipio,-74.870385,10.919033,
3595,GALAPA,"2,009",1,8,ATLÁNTICO,8296,Municipio,-74.870385,10.919033,
3596,GALAPA,"2,014",2,8,ATLÁNTICO,8296,Municipio,-74.870385,10.919033,
3597,GALAPA,"2,016",1,8,ATLÁNTICO,8296,Municipio,-74.870385,10.919033,
3598,GALAPA,"2,019",2,8,ATLÁNTICO,8296,Municipio,-74.870385,10.919033,
3599,GALERAS,"1,985",1,70,SUCRE,70235,Municipio,-75.04959,9.160379,
3600,GALERAS,"1,993",1,70,SUCRE,70235,Municipio,-75.04959,9.160379,
3601,GALERAS,"1,994",1,70,SUCRE,70235,Municipio,-75.04959,9.160379,
3602,GALERAS,"1,999",4,70,SUCRE,70235,Municipio,-75.04959,9.160379,
3603,GALERAS,"2,000",1,70,SUCRE,70235,Municipio,-75.04959,9.160379,
3604,GALERAS,"2,002",1,70,SUCRE,70235,Municipio,-75.04959,9.160379,
3605,GALERAS,"2,003",2,70,SUCRE,70235,Municipio,-75.04959,9.160379,
3606,GALERAS,"2,010",1,70,SUCRE,70235,Municipio,-75.04959,9.160379,
3607,GALÁN,"1,993",1,68,SANTANDER,68296,Municipio,-73.287769,6.638423,
3608,GAMA,"1,999",1,25,CUNDINAMARCA,25299,Municipio,-73.611037,4.763325,
3609,GAMA,"2,019",2,25,CUNDINAMARCA,25299,Municipio,-73.611037,4.763325,
3610,GAMARRA,"1,991",1,20,CESAR,20295,Municipio,-73.737558,8.324793,
3611,GAMARRA,"1,992",1,20,CESAR,20295,Municipio,-73.737558,8.324793,
3612,GAMARRA,"1,993",3,20,CESAR,20295,Municipio,-73.737558,8.324793,
3613,GAMARRA,"1,998",1,20,CESAR,20295,Municipio,-73.737558,8.324793,
3614,GAMARRA,"2,011",1,20,CESAR,20295,Municipio,-73.737558,8.324793,
3615,GAMARRA,"2,016",3,20,CESAR,20295,Municipio,-73.737558,8.324793,
3616,GAMARRA,"2,018",1,20,CESAR,20295,Municipio,-73.737558,8.324793,
3617,GARAGOA,"1,985",2,15,BOYACÁ,15299,Municipio,-73.364413,5.083234,
3618,GARAGOA,"1,986",4,15,BOYACÁ,15299,Municipio,-73.364413,5.083234,
3619,GARAGOA,"1,987",2,15,BOYACÁ,15299,Municipio,-73.364413,5.083234,
3620,GARAGOA,"1,988",1,15,BOYACÁ,15299,Municipio,-73.364413,5.083234,
3621,GARAGOA,"1,990",1,15,BOYACÁ,15299,Municipio,-73.364413,5.083234,
3622,GARAGOA,"1,991",1,15,BOYACÁ,15299,Municipio,-73.364413,5.083234,
3623,GARAGOA,"1,992",1,15,BOYACÁ,15299,Municipio,-73.364413,5.083234,
3624,GARAGOA,"1,993",2,15,BOYACÁ,15299,Municipio,-73.364413,5.083234,
3625,GARAGOA,"1,994",2,15,BOYACÁ,15299,Municipio,-73.364413,5.083234,
3626,GARAGOA,"1,996",2,15,BOYACÁ,15299,Municipio,-73.364413,5.083234,
3627,GARAGOA,"1,997",1,15,BOYACÁ,15299,Municipio,-73.364413,5.083234,
3628,GARAGOA,"2,001",1,15,BOYACÁ,15299,Municipio,-73.364413,5.083234,
3629,GARAGOA,"2,002",5,15,BOYACÁ,15299,Municipio,-73.364413,5.083234,
3630,GARAGOA,"2,003",3,15,BOYACÁ,15299,Municipio,-73.364413,5.083234,
3631,GARAGOA,"2,004",1,15,BOYACÁ,15299,Municipio,-73.364413,5.083234,
3632,GARAGOA,"2,005",2,15,BOYACÁ,15299,Municipio,-73.364413,5.083234,
3633,GARAGOA,"2,008",3,15,BOYACÁ,15299,Municipio,-73.364413,5.083234,
3634,GARAGOA,"2,009",4,15,BOYACÁ,15299,Municipio,-73.364413,5.083234,
3635,GARAGOA,"2,010",1,15,BOYACÁ,15299,Municipio,-73.364413,5.083234,
3636,GARAGOA,"2,011",1,15,BOYACÁ,15299,Municipio,-73.364413,5.083234,
3637,GARAGOA,"2,013",1,15,BOYACÁ,15299,Municipio,-73.364413,5.083234,
3638,GARAGOA,"2,014",2,15,BOYACÁ,15299,Municipio,-73.364413,5.083234,
3639,GARAGOA,"2,015",1,15,BOYACÁ,15299,Municipio,-73.364413,5.083234,
3640,GARAGOA,"2,016",4,15,BOYACÁ,15299,Municipio,-73.364413,5.083234,
3641,GARAGOA,"2,017",1,15,BOYACÁ,15299,Municipio,-73.364413,5.083234,
3642,GARAGOA,"2,019",1,15,BOYACÁ,15299,Municipio,-73.364413,5.083234,
3643,GARZÓN,"1,988",1,41,HUILA,41298,Municipio,-75.627057,2.196493,
3644,GARZÓN,"1,989",3,41,HUILA,41298,Municipio,-75.627057,2.196493,
3645,GARZÓN,"1,990",1,41,HUILA,41298,Municipio,-75.627057,2.196493,
3646,GARZÓN,"1,991",1,41,HUILA,41298,Municipio,-75.627057,2.196493,
3647,GARZÓN,"1,992",1,41,HUILA,41298,Municipio,-75.627057,2.196493,
3648,GARZÓN,"1,993",2,41,HUILA,41298,Municipio,-75.627057,2.196493,
3649,GARZÓN,"1,994",1,41,HUILA,41298,Municipio,-75.627057,2.196493,
3650,GARZÓN,"1,995",1,41,HUILA,41298,Municipio,-75.627057,2.196493,
3651,GARZÓN,"1,996",4,41,HUILA,41298,Municipio,-75.627057,2.196493,
3652,GARZÓN,"1,997",1,41,HUILA,41298,Municipio,-75.627057,2.196493,
3653,GARZÓN,"1,998",2,41,HUILA,41298,Municipio,-75.627057,2.196493,
3654,GARZÓN,"1,999",2,41,HUILA,41298,Municipio,-75.627057,2.196493,
3655,GARZÓN,"2,001",3,41,HUILA,41298,Municipio,-75.627057,2.196493,
3656,GARZÓN,"2,002",1,41,HUILA,41298,Municipio,-75.627057,2.196493,
3657,GARZÓN,"2,003",2,41,HUILA,41298,Municipio,-75.627057,2.196493,
3658,GARZÓN,"2,004",3,41,HUILA,41298,Municipio,-75.627057,2.196493,
3659,GARZÓN,"2,005",1,41,HUILA,41298,Municipio,-75.627057,2.196493,
3660,GARZÓN,"2,007",2,41,HUILA,41298,Municipio,-75.627057,2.196493,
3661,GARZÓN,"2,008",3,41,HUILA,41298,Municipio,-75.627057,2.196493,
3662,GARZÓN,"2,009",4,41,HUILA,41298,Municipio,-75.627057,2.196493,
3663,GARZÓN,"2,010",2,41,HUILA,41298,Municipio,-75.627057,2.196493,
3664,GARZÓN,"2,011",3,41,HUILA,41298,Municipio,-75.627057,2.196493,
3665,GARZÓN,"2,012",7,41,HUILA,41298,Municipio,-75.627057,2.196493,
3666,GARZÓN,"2,013",3,41,HUILA,41298,Municipio,-75.627057,2.196493,
3667,GARZÓN,"2,014",2,41,HUILA,41298,Municipio,-75.627057,2.196493,
3668,GARZÓN,"2,015",6,41,HUILA,41298,Municipio,-75.627057,2.196493,
3669,GARZÓN,"2,016",8,41,HUILA,41298,Municipio,-75.627057,2.196493,
3670,GARZÓN,"2,017",1,41,HUILA,41298,Municipio,-75.627057,2.196493,
3671,GARZÓN,"2,018",2,41,HUILA,41298,Municipio,-75.627057,2.196493,
3672,GARZÓN,"2,019",2,41,HUILA,41298,Municipio,-75.627057,2.196493,
3673,GIGANTE,"1,986",1,41,HUILA,41306,Municipio,-75.547681,2.384031,
3674,GIGANTE,"1,991",2,41,HUILA,41306,Municipio,-75.547681,2.384031,
3675,GIGANTE,"1,996",1,41,HUILA,41306,Municipio,-75.547681,2.384031,
3676,GIGANTE,"2,000",1,41,HUILA,41306,Municipio,-75.547681,2.384031,
3677,GIGANTE,"2,003",1,41,HUILA,41306,Municipio,-75.547681,2.384031,
3678,GIGANTE,"2,006",1,41,HUILA,41306,Municipio,-75.547681,2.384031,
3679,GIGANTE,"2,009",1,41,HUILA,41306,Municipio,-75.547681,2.384031,
3680,GIGANTE,"2,011",2,41,HUILA,41306,Municipio,-75.547681,2.384031,
3681,GIGANTE,"2,012",3,41,HUILA,41306,Municipio,-75.547681,2.384031,
3682,GIGANTE,"2,014",2,41,HUILA,41306,Municipio,-75.547681,2.384031,
3683,GIGANTE,"2,015",1,41,HUILA,41306,Municipio,-75.547681,2.384031,
3684,GIGANTE,"2,017",1,41,HUILA,41306,Municipio,-75.547681,2.384031,
3685,GIGANTE,"2,018",1,41,HUILA,41306,Municipio,-75.547681,2.384031,
3686,GINEBRA,"1,986",2,76,VALLE DEL CAUCA,76306,Municipio,-76.268068,3.724181,
3687,GINEBRA,"1,989",2,76,VALLE DEL CAUCA,76306,Municipio,-76.268068,3.724181,
3688,GINEBRA,"1,993",1,76,VALLE DEL CAUCA,76306,Municipio,-76.268068,3.724181,
3689,GINEBRA,"1,994",1,76,VALLE DEL CAUCA,76306,Municipio,-76.268068,3.724181,
3690,GINEBRA,"1,995",1,76,VALLE DEL CAUCA,76306,Municipio,-76.268068,3.724181,
3691,GINEBRA,"1,997",1,76,VALLE DEL CAUCA,76306,Municipio,-76.268068,3.724181,
3692,GINEBRA,"1,999",1,76,VALLE DEL CAUCA,76306,Municipio,-76.268068,3.724181,
3693,GINEBRA,"2,001",1,76,VALLE DEL CAUCA,76306,Municipio,-76.268068,3.724181,
3694,GINEBRA,"2,002",1,76,VALLE DEL CAUCA,76306,Municipio,-76.268068,3.724181,
3695,GINEBRA,"2,003",1,76,VALLE DEL CAUCA,76306,Municipio,-76.268068,3.724181,
3696,GINEBRA,"2,004",1,76,VALLE DEL CAUCA,76306,Municipio,-76.268068,3.724181,
3697,GINEBRA,"2,005",1,76,VALLE DEL CAUCA,76306,Municipio,-76.268068,3.724181,
3698,GINEBRA,"2,006",1,76,VALLE DEL CAUCA,76306,Municipio,-76.268068,3.724181,
3699,GINEBRA,"2,009",1,76,VALLE DEL CAUCA,76306,Municipio,-76.268068,3.724181,
3700,GINEBRA,"2,011",2,76,VALLE DEL CAUCA,76306,Municipio,-76.268068,3.724181,
3701,GINEBRA,"2,012",2,76,VALLE DEL CAUCA,76306,Municipio,-76.268068,3.724181,
3702,GINEBRA,"2,015",1,76,VALLE DEL CAUCA,76306,Municipio,-76.268068,3.724181,
3703,GINEBRA,"2,017",1,76,VALLE DEL CAUCA,76306,Municipio,-76.268068,3.724181,
3704,GINEBRA,"2,018",2,76,VALLE DEL CAUCA,76306,Municipio,-76.268068,3.724181,
3705,GINEBRA,"2,019",1,76,VALLE DEL CAUCA,76306,Municipio,-76.268068,3.724181,
3706,GIRALDO,"1,997",1,5,ANTIOQUIA,5306,Municipio,-75.952158,6.680808,
3707,GIRALDO,"1,999",1,5,ANTIOQUIA,5306,Municipio,-75.952158,6.680808,
3708,GIRALDO,"2,010",1,5,ANTIOQUIA,5306,Municipio,-75.952158,6.680808,
3709,GIRALDO,"2,015",1,5,ANTIOQUIA,5306,Municipio,-75.952158,6.680808,
3710,GIRARDOT,"1,985",7,25,CUNDINAMARCA,25307,Municipio,-74.798201,4.313069,
3711,GIRARDOT,"1,986",5,25,CUNDINAMARCA,25307,Municipio,-74.798201,4.313069,
3712,GIRARDOT,"1,988",3,25,CUNDINAMARCA,25307,Municipio,-74.798201,4.313069,
3713,GIRARDOT,"1,989",5,25,CUNDINAMARCA,25307,Municipio,-74.798201,4.313069,
3714,GIRARDOT,"1,990",9,25,CUNDINAMARCA,25307,Municipio,-74.798201,4.313069,
3715,GIRARDOT,"1,991",4,25,CUNDINAMARCA,25307,Municipio,-74.798201,4.313069,
3716,GIRARDOT,"1,992",4,25,CUNDINAMARCA,25307,Municipio,-74.798201,4.313069,
3717,GIRARDOT,"1,993",6,25,CUNDINAMARCA,25307,Municipio,-74.798201,4.313069,
3718,GIRARDOT,"1,994",4,25,CUNDINAMARCA,25307,Municipio,-74.798201,4.313069,
3719,GIRARDOT,"1,995",7,25,CUNDINAMARCA,25307,Municipio,-74.798201,4.313069,
3720,GIRARDOT,"1,996",9,25,CUNDINAMARCA,25307,Municipio,-74.798201,4.313069,
3721,GIRARDOT,"1,997",16,25,CUNDINAMARCA,25307,Municipio,-74.798201,4.313069,
3722,GIRARDOT,"1,998",10,25,CUNDINAMARCA,25307,Municipio,-74.798201,4.313069,
3723,GIRARDOT,"1,999",3,25,CUNDINAMARCA,25307,Municipio,-74.798201,4.313069,
3724,GIRARDOT,"2,000",6,25,CUNDINAMARCA,25307,Municipio,-74.798201,4.313069,
3725,GIRARDOT,"2,001",5,25,CUNDINAMARCA,25307,Municipio,-74.798201,4.313069,
3726,GIRARDOT,"2,002",1,25,CUNDINAMARCA,25307,Municipio,-74.798201,4.313069,
3727,GIRARDOT,"2,003",10,25,CUNDINAMARCA,25307,Municipio,-74.798201,4.313069,
3728,GIRARDOT,"2,004",7,25,CUNDINAMARCA,25307,Municipio,-74.798201,4.313069,
3729,GIRARDOT,"2,005",9,25,CUNDINAMARCA,25307,Municipio,-74.798201,4.313069,
3730,GIRARDOT,"2,006",9,25,CUNDINAMARCA,25307,Municipio,-74.798201,4.313069,
3731,GIRARDOT,"2,007",10,25,CUNDINAMARCA,25307,Municipio,-74.798201,4.313069,
3732,GIRARDOT,"2,008",10,25,CUNDINAMARCA,25307,Municipio,-74.798201,4.313069,
3733,GIRARDOT,"2,009",10,25,CUNDINAMARCA,25307,Municipio,-74.798201,4.313069,
3734,GIRARDOT,"2,010",12,25,CUNDINAMARCA,25307,Municipio,-74.798201,4.313069,
3735,GIRARDOT,"2,011",18,25,CUNDINAMARCA,25307,Municipio,-74.798201,4.313069,
3736,GIRARDOT,"2,012",14,25,CUNDINAMARCA,25307,Municipio,-74.798201,4.313069,
3737,GIRARDOT,"2,013",17,25,CUNDINAMARCA,25307,Municipio,-74.798201,4.313069,
3738,GIRARDOT,"2,014",17,25,CUNDINAMARCA,25307,Municipio,-74.798201,4.313069,
3739,GIRARDOT,"2,015",12,25,CUNDINAMARCA,25307,Municipio,-74.798201,4.313069,
3740,GIRARDOT,"2,016",17,25,CUNDINAMARCA,25307,Municipio,-74.798201,4.313069,
3741,GIRARDOT,"2,017",24,25,CUNDINAMARCA,25307,Municipio,-74.798201,4.313069,
3742,GIRARDOT,"2,018",9,25,CUNDINAMARCA,25307,Municipio,-74.798201,4.313069,
3743,GIRARDOT,"2,019",14,25,CUNDINAMARCA,25307,Municipio,-74.798201,4.313069,
3744,GIRARDOTA,"1,985",1,5,ANTIOQUIA,5308,Municipio,-75.444238,6.379472,
3745,GIRARDOTA,"1,987",2,5,ANTIOQUIA,5308,Municipio,-75.444238,6.379472,
3746,GIRARDOTA,"1,990",3,5,ANTIOQUIA,5308,Municipio,-75.444238,6.379472,
3747,GIRARDOTA,"1,992",1,5,ANTIOQUIA,5308,Municipio,-75.444238,6.379472,
3748,GIRARDOTA,"1,993",1,5,ANTIOQUIA,5308,Municipio,-75.444238,6.379472,
3749,GIRARDOTA,"1,994",1,5,ANTIOQUIA,5308,Municipio,-75.444238,6.379472,
3750,GIRARDOTA,"1,995",2,5,ANTIOQUIA,5308,Municipio,-75.444238,6.379472,
3751,GIRARDOTA,"1,996",4,5,ANTIOQUIA,5308,Municipio,-75.444238,6.379472,
3752,GIRARDOTA,"1,997",3,5,ANTIOQUIA,5308,Municipio,-75.444238,6.379472,
3753,GIRARDOTA,"1,998",3,5,ANTIOQUIA,5308,Municipio,-75.444238,6.379472,
3754,GIRARDOTA,"1,999",4,5,ANTIOQUIA,5308,Municipio,-75.444238,6.379472,
3755,GIRARDOTA,"2,001",2,5,ANTIOQUIA,5308,Municipio,-75.444238,6.379472,
3756,GIRARDOTA,"2,002",1,5,ANTIOQUIA,5308,Municipio,-75.444238,6.379472,
3757,GIRARDOTA,"2,003",1,5,ANTIOQUIA,5308,Municipio,-75.444238,6.379472,
3758,GIRARDOTA,"2,004",2,5,ANTIOQUIA,5308,Municipio,-75.444238,6.379472,
3759,GIRARDOTA,"2,005",3,5,ANTIOQUIA,5308,Municipio,-75.444238,6.379472,
3760,GIRARDOTA,"2,006",1,5,ANTIOQUIA,5308,Municipio,-75.444238,6.379472,
3761,GIRARDOTA,"2,007",3,5,ANTIOQUIA,5308,Municipio,-75.444238,6.379472,
3762,GIRARDOTA,"2,008",2,5,ANTIOQUIA,5308,Municipio,-75.444238,6.379472,
3763,GIRARDOTA,"2,009",1,5,ANTIOQUIA,5308,Municipio,-75.444238,6.379472,
3764,GIRARDOTA,"2,010",1,5,ANTIOQUIA,5308,Municipio,-75.444238,6.379472,
3765,GIRARDOTA,"2,012",1,5,ANTIOQUIA,5308,Municipio,-75.444238,6.379472,
3766,GIRARDOTA,"2,013",1,5,ANTIOQUIA,5308,Municipio,-75.444238,6.379472,
3767,GIRARDOTA,"2,014",4,5,ANTIOQUIA,5308,Municipio,-75.444238,6.379472,
3768,GIRARDOTA,"2,015",1,5,ANTIOQUIA,5308,Municipio,-75.444238,6.379472,
3769,GIRARDOTA,"2,016",2,5,ANTIOQUIA,5308,Municipio,-75.444238,6.379472,
3770,GIRARDOTA,"2,017",1,5,ANTIOQUIA,5308,Municipio,-75.444238,6.379472,
3771,GIRARDOTA,"2,018",1,5,ANTIOQUIA,5308,Municipio,-75.444238,6.379472,
3772,GIRARDOTA,"2,019",2,5,ANTIOQUIA,5308,Municipio,-75.444238,6.379472,
3773,GIRÓN,"1,986",2,68,SANTANDER,68307,Municipio,-73.166832,7.070432,
3774,GIRÓN,"1,987",1,68,SANTANDER,68307,Municipio,-73.166832,7.070432,
3775,GIRÓN,"1,988",1,68,SANTANDER,68307,Municipio,-73.166832,7.070432,
3776,GIRÓN,"1,989",2,68,SANTANDER,68307,Municipio,-73.166832,7.070432,
3777,GIRÓN,"1,990",1,68,SANTANDER,68307,Municipio,-73.166832,7.070432,
3778,GIRÓN,"1,991",2,68,SANTANDER,68307,Municipio,-73.166832,7.070432,
3779,GIRÓN,"1,992",1,68,SANTANDER,68307,Municipio,-73.166832,7.070432,
3780,GIRÓN,"1,993",2,68,SANTANDER,68307,Municipio,-73.166832,7.070432,
3781,GIRÓN,"1,995",4,68,SANTANDER,68307,Municipio,-73.166832,7.070432,
3782,GIRÓN,"1,996",1,68,SANTANDER,68307,Municipio,-73.166832,7.070432,
3783,GIRÓN,"1,999",3,68,SANTANDER,68307,Municipio,-73.166832,7.070432,
3784,GIRÓN,"2,000",2,68,SANTANDER,68307,Municipio,-73.166832,7.070432,
3785,GIRÓN,"2,001",5,68,SANTANDER,68307,Municipio,-73.166832,7.070432,
3786,GIRÓN,"2,002",1,68,SANTANDER,68307,Municipio,-73.166832,7.070432,
3787,GIRÓN,"2,003",4,68,SANTANDER,68307,Municipio,-73.166832,7.070432,
3788,GIRÓN,"2,004",6,68,SANTANDER,68307,Municipio,-73.166832,7.070432,
3789,GIRÓN,"2,005",2,68,SANTANDER,68307,Municipio,-73.166832,7.070432,
3790,GIRÓN,"2,006",2,68,SANTANDER,68307,Municipio,-73.166832,7.070432,
3791,GIRÓN,"2,008",6,68,SANTANDER,68307,Municipio,-73.166832,7.070432,
3792,GIRÓN,"2,009",5,68,SANTANDER,68307,Municipio,-73.166832,7.070432,
3793,GIRÓN,"2,010",2,68,SANTANDER,68307,Municipio,-73.166832,7.070432,
3794,GIRÓN,"2,011",6,68,SANTANDER,68307,Municipio,-73.166832,7.070432,
3795,GIRÓN,"2,012",2,68,SANTANDER,68307,Municipio,-73.166832,7.070432,
3796,GIRÓN,"2,013",3,68,SANTANDER,68307,Municipio,-73.166832,7.070432,
3797,GIRÓN,"2,014",2,68,SANTANDER,68307,Municipio,-73.166832,7.070432,
3798,GIRÓN,"2,015",3,68,SANTANDER,68307,Municipio,-73.166832,7.070432,
3799,GIRÓN,"2,016",5,68,SANTANDER,68307,Municipio,-73.166832,7.070432,
3800,GIRÓN,"2,017",4,68,SANTANDER,68307,Municipio,-73.166832,7.070432,
3801,GIRÓN,"2,018",6,68,SANTANDER,68307,Municipio,-73.166832,7.070432,
3802,GIRÓN,"2,019",4,68,SANTANDER,68307,Municipio,-73.166832,7.070432,
3803,GRAMALOTE,"1,987",1,54,NORTE DE SANTANDER,54313,Municipio,-72.787233,7.916946,
3804,GRAMALOTE,"1,989",1,54,NORTE DE SANTANDER,54313,Municipio,-72.787233,7.916946,
3805,GRAMALOTE,"2,000",1,54,NORTE DE SANTANDER,54313,Municipio,-72.787233,7.916946,
3806,GRANADA,"1,986",1,5,ANTIOQUIA,5313,Municipio,-75.184446,6.142892,
3807,GRANADA,"1,986",1,25,CUNDINAMARCA,25312,Municipio,-74.350766,4.519763,
3808,GRANADA,"1,986",1,50,META,50313,Municipio,-73.705815,3.547147,
3809,GRANADA,"1,989",3,5,ANTIOQUIA,5313,Municipio,-75.184446,6.142892,
3810,GRANADA,"1,989",3,25,CUNDINAMARCA,25312,Municipio,-74.350766,4.519763,
3811,GRANADA,"1,989",3,50,META,50313,Municipio,-73.705815,3.547147,
3812,GRANADA,"1,991",2,5,ANTIOQUIA,5313,Municipio,-75.184446,6.142892,
3813,GRANADA,"1,991",2,25,CUNDINAMARCA,25312,Municipio,-74.350766,4.519763,
3814,GRANADA,"1,991",2,50,META,50313,Municipio,-73.705815,3.547147,
3815,GRANADA,"1,992",2,5,ANTIOQUIA,5313,Municipio,-75.184446,6.142892,
3816,GRANADA,"1,992",2,25,CUNDINAMARCA,25312,Municipio,-74.350766,4.519763,
3817,GRANADA,"1,992",2,50,META,50313,Municipio,-73.705815,3.547147,
3818,GRANADA,"1,993",3,5,ANTIOQUIA,5313,Municipio,-75.184446,6.142892,
3819,GRANADA,"1,993",3,25,CUNDINAMARCA,25312,Municipio,-74.350766,4.519763,
3820,GRANADA,"1,993",3,50,META,50313,Municipio,-73.705815,3.547147,
3821,GRANADA,"1,994",4,5,ANTIOQUIA,5313,Municipio,-75.184446,6.142892,
3822,GRANADA,"1,994",4,25,CUNDINAMARCA,25312,Municipio,-74.350766,4.519763,
3823,GRANADA,"1,994",4,50,META,50313,Municipio,-73.705815,3.547147,
3824,GRANADA,"1,995",1,5,ANTIOQUIA,5313,Municipio,-75.184446,6.142892,
3825,GRANADA,"1,995",1,25,CUNDINAMARCA,25312,Municipio,-74.350766,4.519763,
3826,GRANADA,"1,995",1,50,META,50313,Municipio,-73.705815,3.547147,
3827,GRANADA,"1,998",4,5,ANTIOQUIA,5313,Municipio,-75.184446,6.142892,
3828,GRANADA,"1,998",4,25,CUNDINAMARCA,25312,Municipio,-74.350766,4.519763,
3829,GRANADA,"1,998",4,50,META,50313,Municipio,-73.705815,3.547147,
3830,GRANADA,"2,000",1,5,ANTIOQUIA,5313,Municipio,-75.184446,6.142892,
3831,GRANADA,"2,000",1,25,CUNDINAMARCA,25312,Municipio,-74.350766,4.519763,
3832,GRANADA,"2,000",1,50,META,50313,Municipio,-73.705815,3.547147,
3833,GRANADA,"2,002",1,5,ANTIOQUIA,5313,Municipio,-75.184446,6.142892,
3834,GRANADA,"2,002",1,25,CUNDINAMARCA,25312,Municipio,-74.350766,4.519763,
3835,GRANADA,"2,002",1,50,META,50313,Municipio,-73.705815,3.547147,
3836,GRANADA,"2,005",1,5,ANTIOQUIA,5313,Municipio,-75.184446,6.142892,
3837,GRANADA,"2,005",1,25,CUNDINAMARCA,25312,Municipio,-74.350766,4.519763,
3838,GRANADA,"2,005",1,50,META,50313,Municipio,-73.705815,3.547147,
3839,GRANADA,"2,006",1,5,ANTIOQUIA,5313,Municipio,-75.184446,6.142892,
3840,GRANADA,"2,006",1,25,CUNDINAMARCA,25312,Municipio,-74.350766,4.519763,
3841,GRANADA,"2,006",1,50,META,50313,Municipio,-73.705815,3.547147,
3842,GRANADA,"2,007",5,5,ANTIOQUIA,5313,Municipio,-75.184446,6.142892,
3843,GRANADA,"2,007",5,25,CUNDINAMARCA,25312,Municipio,-74.350766,4.519763,
3844,GRANADA,"2,007",5,50,META,50313,Municipio,-73.705815,3.547147,
3845,GRANADA,"2,008",3,5,ANTIOQUIA,5313,Municipio,-75.184446,6.142892,
3846,GRANADA,"2,008",3,25,CUNDINAMARCA,25312,Municipio,-74.350766,4.519763,
3847,GRANADA,"2,008",3,50,META,50313,Municipio,-73.705815,3.547147,
3848,GRANADA,"2,009",3,5,ANTIOQUIA,5313,Municipio,-75.184446,6.142892,
3849,GRANADA,"2,009",3,25,CUNDINAMARCA,25312,Municipio,-74.350766,4.519763,
3850,GRANADA,"2,009",3,50,META,50313,Municipio,-73.705815,3.547147,
3851,GRANADA,"2,010",4,5,ANTIOQUIA,5313,Municipio,-75.184446,6.142892,
3852,GRANADA,"2,010",4,25,CUNDINAMARCA,25312,Municipio,-74.350766,4.519763,
3853,GRANADA,"2,010",4,50,META,50313,Municipio,-73.705815,3.547147,
3854,GRANADA,"2,011",6,5,ANTIOQUIA,5313,Municipio,-75.184446,6.142892,
3855,GRANADA,"2,011",6,25,CUNDINAMARCA,25312,Municipio,-74.350766,4.519763,
3856,GRANADA,"2,011",6,50,META,50313,Municipio,-73.705815,3.547147,
3857,GRANADA,"2,012",1,5,ANTIOQUIA,5313,Municipio,-75.184446,6.142892,
3858,GRANADA,"2,012",1,25,CUNDINAMARCA,25312,Municipio,-74.350766,4.519763,
3859,GRANADA,"2,012",1,50,META,50313,Municipio,-73.705815,3.547147,
3860,GRANADA,"2,013",4,5,ANTIOQUIA,5313,Municipio,-75.184446,6.142892,
3861,GRANADA,"2,013",4,25,CUNDINAMARCA,25312,Municipio,-74.350766,4.519763,
3862,GRANADA,"2,013",4,50,META,50313,Municipio,-73.705815,3.547147,
3863,GRANADA,"2,014",5,5,ANTIOQUIA,5313,Municipio,-75.184446,6.142892,
3864,GRANADA,"2,014",5,25,CUNDINAMARCA,25312,Municipio,-74.350766,4.519763,
3865,GRANADA,"2,014",5,50,META,50313,Municipio,-73.705815,3.547147,
3866,GRANADA,"2,015",2,5,ANTIOQUIA,5313,Municipio,-75.184446,6.142892,
3867,GRANADA,"2,015",2,25,CUNDINAMARCA,25312,Municipio,-74.350766,4.519763,
3868,GRANADA,"2,015",2,50,META,50313,Municipio,-73.705815,3.547147,
3869,GRANADA,"2,016",2,5,ANTIOQUIA,5313,Municipio,-75.184446,6.142892,
3870,GRANADA,"2,016",2,25,CUNDINAMARCA,25312,Municipio,-74.350766,4.519763,
3871,GRANADA,"2,016",2,50,META,50313,Municipio,-73.705815,3.547147,
3872,GRANADA,"2,017",7,5,ANTIOQUIA,5313,Municipio,-75.184446,6.142892,
3873,GRANADA,"2,017",7,25,CUNDINAMARCA,25312,Municipio,-74.350766,4.519763,
3874,GRANADA,"2,017",7,50,META,50313,Municipio,-73.705815,3.547147,
3875,GRANADA,"2,018",6,5,ANTIOQUIA,5313,Municipio,-75.184446,6.142892,
3876,GRANADA,"2,018",6,25,CUNDINAMARCA,25312,Municipio,-74.350766,4.519763,
3877,GRANADA,"2,018",6,50,META,50313,Municipio,-73.705815,3.547147,
3878,GRANADA,"2,019",5,5,ANTIOQUIA,5313,Municipio,-75.184446,6.142892,
3879,GRANADA,"2,019",5,25,CUNDINAMARCA,25312,Municipio,-74.350766,4.519763,
3880,GRANADA,"2,019",5,50,META,50313,Municipio,-73.705815,3.547147,
3881,GUACA,"1,992",1,68,SANTANDER,68318,Municipio,-72.856322,6.876563,
3882,GUACA,"2,001",1,68,SANTANDER,68318,Municipio,-72.856322,6.876563,
3883,GUACAMAYAS,"1,985",1,15,BOYACÁ,15317,Municipio,-72.500812,6.459667,
3884,GUACAMAYAS,"2,014",1,15,BOYACÁ,15317,Municipio,-72.500812,6.459667,
3885,GUACARÍ,"1,989",2,76,VALLE DEL CAUCA,76318,Municipio,-76.330911,3.761815,
3886,GUACARÍ,"1,993",1,76,VALLE DEL CAUCA,76318,Municipio,-76.330911,3.761815,
3887,GUACARÍ,"1,998",2,76,VALLE DEL CAUCA,76318,Municipio,-76.330911,3.761815,
3888,GUACARÍ,"1,999",1,76,VALLE DEL CAUCA,76318,Municipio,-76.330911,3.761815,
3889,GUACARÍ,"2,002",1,76,VALLE DEL CAUCA,76318,Municipio,-76.330911,3.761815,
3890,GUACARÍ,"2,003",2,76,VALLE DEL CAUCA,76318,Municipio,-76.330911,3.761815,
3891,GUACARÍ,"2,004",1,76,VALLE DEL CAUCA,76318,Municipio,-76.330911,3.761815,
3892,GUACARÍ,"2,007",1,76,VALLE DEL CAUCA,76318,Municipio,-76.330911,3.761815,
3893,GUACARÍ,"2,008",1,76,VALLE DEL CAUCA,76318,Municipio,-76.330911,3.761815,
3894,GUACARÍ,"2,009",2,76,VALLE DEL CAUCA,76318,Municipio,-76.330911,3.761815,
3895,GUACARÍ,"2,010",1,76,VALLE DEL CAUCA,76318,Municipio,-76.330911,3.761815,
3896,GUACARÍ,"2,011",1,76,VALLE DEL CAUCA,76318,Municipio,-76.330911,3.761815,
3897,GUACARÍ,"2,012",2,76,VALLE DEL CAUCA,76318,Municipio,-76.330911,3.761815,
3898,GUACARÍ,"2,014",4,76,VALLE DEL CAUCA,76318,Municipio,-76.330911,3.761815,
3899,GUACARÍ,"2,015",1,76,VALLE DEL CAUCA,76318,Municipio,-76.330911,3.761815,
3900,GUACARÍ,"2,016",4,76,VALLE DEL CAUCA,76318,Municipio,-76.330911,3.761815,
3901,GUACARÍ,"2,017",2,76,VALLE DEL CAUCA,76318,Municipio,-76.330911,3.761815,
3902,GUACARÍ,"2,019",2,76,VALLE DEL CAUCA,76318,Municipio,-76.330911,3.761815,
3903,GUACHENÉ,"2,009",1,19,CAUCA,19300,Municipio,-76.392189,3.134153,
3904,GUACHETÁ,"1,988",1,25,CUNDINAMARCA,25317,Municipio,-73.686972,5.383378,
3905,GUACHETÁ,"1,995",1,25,CUNDINAMARCA,25317,Municipio,-73.686972,5.383378,
3906,GUACHETÁ,"2,003",1,25,CUNDINAMARCA,25317,Municipio,-73.686972,5.383378,
3907,GUACHUCAL,"2,000",2,52,NARIÑO,52317,Municipio,-77.731589,0.959744,
3908,GUACHUCAL,"2,005",1,52,NARIÑO,52317,Municipio,-77.731589,0.959744,
3909,GUACHUCAL,"2,013",1,52,NARIÑO,52317,Municipio,-77.731589,0.959744,
3910,GUACHUCAL,"2,016",1,52,NARIÑO,52317,Municipio,-77.731589,0.959744,
3911,GUACHUCAL,"2,017",1,52,NARIÑO,52317,Municipio,-77.731589,0.959744,
3912,GUACHUCAL,"2,018",1,52,NARIÑO,52317,Municipio,-77.731589,0.959744,
3913,GUADALAJARA DE BUGA,"1,985",3,76,VALLE DEL CAUCA,76111,Municipio,-76.298979,3.900736,
3914,GUADALAJARA DE BUGA,"1,986",5,76,VALLE DEL CAUCA,76111,Municipio,-76.298979,3.900736,
3915,GUADALAJARA DE BUGA,"1,987",7,76,VALLE DEL CAUCA,76111,Municipio,-76.298979,3.900736,
3916,GUADALAJARA DE BUGA,"1,988",7,76,VALLE DEL CAUCA,76111,Municipio,-76.298979,3.900736,
3917,GUADALAJARA DE BUGA,"1,989",3,76,VALLE DEL CAUCA,76111,Municipio,-76.298979,3.900736,
3918,GUADALAJARA DE BUGA,"1,990",8,76,VALLE DEL CAUCA,76111,Municipio,-76.298979,3.900736,
3919,GUADALAJARA DE BUGA,"1,991",6,76,VALLE DEL CAUCA,76111,Municipio,-76.298979,3.900736,
3920,GUADALAJARA DE BUGA,"1,992",6,76,VALLE DEL CAUCA,76111,Municipio,-76.298979,3.900736,
3921,GUADALAJARA DE BUGA,"1,993",8,76,VALLE DEL CAUCA,76111,Municipio,-76.298979,3.900736,
3922,GUADALAJARA DE BUGA,"1,994",5,76,VALLE DEL CAUCA,76111,Municipio,-76.298979,3.900736,
3923,GUADALAJARA DE BUGA,"1,995",7,76,VALLE DEL CAUCA,76111,Municipio,-76.298979,3.900736,
3924,GUADALAJARA DE BUGA,"1,996",5,76,VALLE DEL CAUCA,76111,Municipio,-76.298979,3.900736,
3925,GUADALAJARA DE BUGA,"1,997",5,76,VALLE DEL CAUCA,76111,Municipio,-76.298979,3.900736,
3926,GUADALAJARA DE BUGA,"1,999",5,76,VALLE DEL CAUCA,76111,Municipio,-76.298979,3.900736,
3927,GUADALAJARA DE BUGA,"2,000",3,76,VALLE DEL CAUCA,76111,Municipio,-76.298979,3.900736,
3928,GUADALAJARA DE BUGA,"2,001",4,76,VALLE DEL CAUCA,76111,Municipio,-76.298979,3.900736,
3929,GUADALAJARA DE BUGA,"2,002",11,76,VALLE DEL CAUCA,76111,Municipio,-76.298979,3.900736,
3930,GUADALAJARA DE BUGA,"2,003",6,76,VALLE DEL CAUCA,76111,Municipio,-76.298979,3.900736,
3931,GUADALAJARA DE BUGA,"2,004",5,76,VALLE DEL CAUCA,76111,Municipio,-76.298979,3.900736,
3932,GUADALAJARA DE BUGA,"2,005",9,76,VALLE DEL CAUCA,76111,Municipio,-76.298979,3.900736,
3933,GUADALAJARA DE BUGA,"2,006",13,76,VALLE DEL CAUCA,76111,Municipio,-76.298979,3.900736,
3934,GUADALAJARA DE BUGA,"2,007",10,76,VALLE DEL CAUCA,76111,Municipio,-76.298979,3.900736,
3935,GUADALAJARA DE BUGA,"2,008",10,76,VALLE DEL CAUCA,76111,Municipio,-76.298979,3.900736,
3936,GUADALAJARA DE BUGA,"2,009",11,76,VALLE DEL CAUCA,76111,Municipio,-76.298979,3.900736,
3937,GUADALAJARA DE BUGA,"2,010",12,76,VALLE DEL CAUCA,76111,Municipio,-76.298979,3.900736,
3938,GUADALAJARA DE BUGA,"2,011",13,76,VALLE DEL CAUCA,76111,Municipio,-76.298979,3.900736,
3939,GUADALAJARA DE BUGA,"2,012",12,76,VALLE DEL CAUCA,76111,Municipio,-76.298979,3.900736,
3940,GUADALAJARA DE BUGA,"2,013",13,76,VALLE DEL CAUCA,76111,Municipio,-76.298979,3.900736,
3941,GUADALAJARA DE BUGA,"2,014",16,76,VALLE DEL CAUCA,76111,Municipio,-76.298979,3.900736,
3942,GUADALAJARA DE BUGA,"2,015",21,76,VALLE DEL CAUCA,76111,Municipio,-76.298979,3.900736,
3943,GUADALAJARA DE BUGA,"2,016",13,76,VALLE DEL CAUCA,76111,Municipio,-76.298979,3.900736,
3944,GUADALAJARA DE BUGA,"2,017",12,76,VALLE DEL CAUCA,76111,Municipio,-76.298979,3.900736,
3945,GUADALAJARA DE BUGA,"2,018",17,76,VALLE DEL CAUCA,76111,Municipio,-76.298979,3.900736,
3946,GUADALAJARA DE BUGA,"2,019",16,76,VALLE DEL CAUCA,76111,Municipio,-76.298979,3.900736,
3947,GUADALUPE,"1,986",2,5,ANTIOQUIA,5315,Municipio,-75.239862,6.815069,
3948,GUADALUPE,"1,986",2,41,HUILA,41319,Municipio,-75.757185,2.02426,
3949,GUADALUPE,"1,986",2,68,SANTANDER,68320,Municipio,-73.419292,6.245847,
3950,GUADALUPE,"1,988",1,5,ANTIOQUIA,5315,Municipio,-75.239862,6.815069,
3951,GUADALUPE,"1,988",1,41,HUILA,41319,Municipio,-75.757185,2.02426,
3952,GUADALUPE,"1,988",1,68,SANTANDER,68320,Municipio,-73.419292,6.245847,
3953,GUADALUPE,"1,992",1,5,ANTIOQUIA,5315,Municipio,-75.239862,6.815069,
3954,GUADALUPE,"1,992",1,41,HUILA,41319,Municipio,-75.757185,2.02426,
3955,GUADALUPE,"1,992",1,68,SANTANDER,68320,Municipio,-73.419292,6.245847,
3956,GUADALUPE,"1,994",1,5,ANTIOQUIA,5315,Municipio,-75.239862,6.815069,
3957,GUADALUPE,"1,994",1,41,HUILA,41319,Municipio,-75.757185,2.02426,
3958,GUADALUPE,"1,994",1,68,SANTANDER,68320,Municipio,-73.419292,6.245847,
3959,GUADALUPE,"1,995",1,5,ANTIOQUIA,5315,Municipio,-75.239862,6.815069,
3960,GUADALUPE,"1,995",1,41,HUILA,41319,Municipio,-75.757185,2.02426,
3961,GUADALUPE,"1,995",1,68,SANTANDER,68320,Municipio,-73.419292,6.245847,
3962,GUADALUPE,"1,998",1,5,ANTIOQUIA,5315,Municipio,-75.239862,6.815069,
3963,GUADALUPE,"1,998",1,41,HUILA,41319,Municipio,-75.757185,2.02426,
3964,GUADALUPE,"1,998",1,68,SANTANDER,68320,Municipio,-73.419292,6.245847,
3965,GUADALUPE,"1,999",2,5,ANTIOQUIA,5315,Municipio,-75.239862,6.815069,
3966,GUADALUPE,"1,999",2,41,HUILA,41319,Municipio,-75.757185,2.02426,
3967,GUADALUPE,"1,999",2,68,SANTANDER,68320,Municipio,-73.419292,6.245847,
3968,GUADALUPE,"2,000",1,5,ANTIOQUIA,5315,Municipio,-75.239862,6.815069,
3969,GUADALUPE,"2,000",1,41,HUILA,41319,Municipio,-75.757185,2.02426,
3970,GUADALUPE,"2,000",1,68,SANTANDER,68320,Municipio,-73.419292,6.245847,
3971,GUADALUPE,"2,001",1,5,ANTIOQUIA,5315,Municipio,-75.239862,6.815069,
3972,GUADALUPE,"2,001",1,41,HUILA,41319,Municipio,-75.757185,2.02426,
3973,GUADALUPE,"2,001",1,68,SANTANDER,68320,Municipio,-73.419292,6.245847,
3974,GUADALUPE,"2,003",2,5,ANTIOQUIA,5315,Municipio,-75.239862,6.815069,
3975,GUADALUPE,"2,003",2,41,HUILA,41319,Municipio,-75.757185,2.02426,
3976,GUADALUPE,"2,003",2,68,SANTANDER,68320,Municipio,-73.419292,6.245847,
3977,GUADALUPE,"2,004",1,5,ANTIOQUIA,5315,Municipio,-75.239862,6.815069,
3978,GUADALUPE,"2,004",1,41,HUILA,41319,Municipio,-75.757185,2.02426,
3979,GUADALUPE,"2,004",1,68,SANTANDER,68320,Municipio,-73.419292,6.245847,
3980,GUADALUPE,"2,010",2,5,ANTIOQUIA,5315,Municipio,-75.239862,6.815069,
3981,GUADALUPE,"2,010",2,41,HUILA,41319,Municipio,-75.757185,2.02426,
3982,GUADALUPE,"2,010",2,68,SANTANDER,68320,Municipio,-73.419292,6.245847,
3983,GUADALUPE,"2,011",1,5,ANTIOQUIA,5315,Municipio,-75.239862,6.815069,
3984,GUADALUPE,"2,011",1,41,HUILA,41319,Municipio,-75.757185,2.02426,
3985,GUADALUPE,"2,011",1,68,SANTANDER,68320,Municipio,-73.419292,6.245847,
3986,GUADALUPE,"2,014",1,5,ANTIOQUIA,5315,Municipio,-75.239862,6.815069,
3987,GUADALUPE,"2,014",1,41,HUILA,41319,Municipio,-75.757185,2.02426,
3988,GUADALUPE,"2,014",1,68,SANTANDER,68320,Municipio,-73.419292,6.245847,
3989,GUADALUPE,"2,015",2,5,ANTIOQUIA,5315,Municipio,-75.239862,6.815069,
3990,GUADALUPE,"2,015",2,41,HUILA,41319,Municipio,-75.757185,2.02426,
3991,GUADALUPE,"2,015",2,68,SANTANDER,68320,Municipio,-73.419292,6.245847,
3992,GUADALUPE,"2,016",1,5,ANTIOQUIA,5315,Municipio,-75.239862,6.815069,
3993,GUADALUPE,"2,016",1,41,HUILA,41319,Municipio,-75.757185,2.02426,
3994,GUADALUPE,"2,016",1,68,SANTANDER,68320,Municipio,-73.419292,6.245847,
3995,GUADALUPE,"2,019",2,5,ANTIOQUIA,5315,Municipio,-75.239862,6.815069,
3996,GUADALUPE,"2,019",2,41,HUILA,41319,Municipio,-75.757185,2.02426,
3997,GUADALUPE,"2,019",2,68,SANTANDER,68320,Municipio,-73.419292,6.245847,
3998,GUADUAS,"1,985",1,25,CUNDINAMARCA,25320,Municipio,-74.603402,5.072076,
3999,GUADUAS,"1,986",2,25,CUNDINAMARCA,25320,Municipio,-74.603402,5.072076,
4000,GUADUAS,"1,989",1,25,CUNDINAMARCA,25320,Municipio,-74.603402,5.072076,
4001,GUADUAS,"1,991",1,25,CUNDINAMARCA,25320,Municipio,-74.603402,5.072076,
4002,GUADUAS,"1,993",1,25,CUNDINAMARCA,25320,Municipio,-74.603402,5.072076,
4003,GUADUAS,"1,997",3,25,CUNDINAMARCA,25320,Municipio,-74.603402,5.072076,
4004,GUADUAS,"1,998",1,25,CUNDINAMARCA,25320,Municipio,-74.603402,5.072076,
4005,GUADUAS,"1,999",2,25,CUNDINAMARCA,25320,Municipio,-74.603402,5.072076,
4006,GUADUAS,"2,001",1,25,CUNDINAMARCA,25320,Municipio,-74.603402,5.072076,
4007,GUADUAS,"2,003",1,25,CUNDINAMARCA,25320,Municipio,-74.603402,5.072076,
4008,GUADUAS,"2,004",2,25,CUNDINAMARCA,25320,Municipio,-74.603402,5.072076,
4009,GUADUAS,"2,005",3,25,CUNDINAMARCA,25320,Municipio,-74.603402,5.072076,
4010,GUADUAS,"2,006",1,25,CUNDINAMARCA,25320,Municipio,-74.603402,5.072076,
4011,GUADUAS,"2,007",3,25,CUNDINAMARCA,25320,Municipio,-74.603402,5.072076,
4012,GUADUAS,"2,009",1,25,CUNDINAMARCA,25320,Municipio,-74.603402,5.072076,
4013,GUADUAS,"2,011",2,25,CUNDINAMARCA,25320,Municipio,-74.603402,5.072076,
4014,GUADUAS,"2,015",3,25,CUNDINAMARCA,25320,Municipio,-74.603402,5.072076,
4015,GUADUAS,"2,018",1,25,CUNDINAMARCA,25320,Municipio,-74.603402,5.072076,
4016,GUADUAS,"2,019",3,25,CUNDINAMARCA,25320,Municipio,-74.603402,5.072076,
4017,GUAITARILLA,"2,003",1,52,NARIÑO,52320,Municipio,-77.549824,1.129574,
4018,GUAITARILLA,"2,010",2,52,NARIÑO,52320,Municipio,-77.549824,1.129574,
4019,GUAITARILLA,"2,015",2,52,NARIÑO,52320,Municipio,-77.549824,1.129574,
4020,GUALMATÁN,"2,017",2,52,NARIÑO,52323,Municipio,-77.568701,0.919652,
4021,GUAMAL,"1,988",2,47,MAGDALENA,47318,Municipio,-74.223689,9.144354,
4022,GUAMAL,"1,988",2,50,META,50318,Municipio,-73.768815,3.879657,
4023,GUAMAL,"1,990",1,47,MAGDALENA,47318,Municipio,-74.223689,9.144354,
4024,GUAMAL,"1,990",1,50,META,50318,Municipio,-73.768815,3.879657,
4025,GUAMAL,"1,999",1,47,MAGDALENA,47318,Municipio,-74.223689,9.144354,
4026,GUAMAL,"1,999",1,50,META,50318,Municipio,-73.768815,3.879657,
4027,GUAMAL,"2,001",1,47,MAGDALENA,47318,Municipio,-74.223689,9.144354,
4028,GUAMAL,"2,001",1,50,META,50318,Municipio,-73.768815,3.879657,
4029,GUAMAL,"2,002",1,47,MAGDALENA,47318,Municipio,-74.223689,9.144354,
4030,GUAMAL,"2,002",1,50,META,50318,Municipio,-73.768815,3.879657,
4031,GUAMAL,"2,003",1,47,MAGDALENA,47318,Municipio,-74.223689,9.144354,
4032,GUAMAL,"2,003",1,50,META,50318,Municipio,-73.768815,3.879657,
4033,GUAMAL,"2,005",2,47,MAGDALENA,47318,Municipio,-74.223689,9.144354,
4034,GUAMAL,"2,005",2,50,META,50318,Municipio,-73.768815,3.879657,
4035,GUAMAL,"2,006",2,47,MAGDALENA,47318,Municipio,-74.223689,9.144354,
4036,GUAMAL,"2,006",2,50,META,50318,Municipio,-73.768815,3.879657,
4037,GUAMAL,"2,007",1,47,MAGDALENA,47318,Municipio,-74.223689,9.144354,
4038,GUAMAL,"2,007",1,50,META,50318,Municipio,-73.768815,3.879657,
4039,GUAMAL,"2,008",1,47,MAGDALENA,47318,Municipio,-74.223689,9.144354,
4040,GUAMAL,"2,008",1,50,META,50318,Municipio,-73.768815,3.879657,
4041,GUAMAL,"2,009",3,47,MAGDALENA,47318,Municipio,-74.223689,9.144354,
4042,GUAMAL,"2,009",3,50,META,50318,Municipio,-73.768815,3.879657,
4043,GUAMAL,"2,010",1,47,MAGDALENA,47318,Municipio,-74.223689,9.144354,
4044,GUAMAL,"2,010",1,50,META,50318,Municipio,-73.768815,3.879657,
4045,GUAMAL,"2,017",1,47,MAGDALENA,47318,Municipio,-74.223689,9.144354,
4046,GUAMAL,"2,017",1,50,META,50318,Municipio,-73.768815,3.879657,
4047,GUAMAL,"2,018",1,47,MAGDALENA,47318,Municipio,-74.223689,9.144354,
4048,GUAMAL,"2,018",1,50,META,50318,Municipio,-73.768815,3.879657,
4049,GUAMO,"1,987",1,73,TOLIMA,73319,Municipio,-74.968135,4.030992,
4050,GUAMO,"1,988",1,73,TOLIMA,73319,Municipio,-74.968135,4.030992,
4051,GUAMO,"1,989",1,73,TOLIMA,73319,Municipio,-74.968135,4.030992,
4052,GUAMO,"1,990",3,73,TOLIMA,73319,Municipio,-74.968135,4.030992,
4053,GUAMO,"1,991",4,73,TOLIMA,73319,Municipio,-74.968135,4.030992,
4054,GUAMO,"1,992",2,73,TOLIMA,73319,Municipio,-74.968135,4.030992,
4055,GUAMO,"1,994",1,73,TOLIMA,73319,Municipio,-74.968135,4.030992,
4056,GUAMO,"1,996",3,73,TOLIMA,73319,Municipio,-74.968135,4.030992,
4057,GUAMO,"1,997",1,73,TOLIMA,73319,Municipio,-74.968135,4.030992,
4058,GUAMO,"1,999",2,73,TOLIMA,73319,Municipio,-74.968135,4.030992,
4059,GUAMO,"2,000",1,73,TOLIMA,73319,Municipio,-74.968135,4.030992,
4060,GUAMO,"2,001",1,73,TOLIMA,73319,Municipio,-74.968135,4.030992,
4061,GUAMO,"2,003",1,73,TOLIMA,73319,Municipio,-74.968135,4.030992,
4062,GUAMO,"2,004",2,73,TOLIMA,73319,Municipio,-74.968135,4.030992,
4063,GUAMO,"2,005",1,73,TOLIMA,73319,Municipio,-74.968135,4.030992,
4064,GUAMO,"2,008",1,73,TOLIMA,73319,Municipio,-74.968135,4.030992,
4065,GUAMO,"2,009",2,73,TOLIMA,73319,Municipio,-74.968135,4.030992,
4066,GUAMO,"2,010",3,73,TOLIMA,73319,Municipio,-74.968135,4.030992,
4067,GUAMO,"2,012",1,73,TOLIMA,73319,Municipio,-74.968135,4.030992,
4068,GUAMO,"2,013",1,73,TOLIMA,73319,Municipio,-74.968135,4.030992,
4069,GUAMO,"2,014",1,73,TOLIMA,73319,Municipio,-74.968135,4.030992,
4070,GUAMO,"2,015",3,73,TOLIMA,73319,Municipio,-74.968135,4.030992,
4071,GUAMO,"2,016",1,73,TOLIMA,73319,Municipio,-74.968135,4.030992,
4072,GUAMO,"2,017",1,73,TOLIMA,73319,Municipio,-74.968135,4.030992,
4073,GUAMO,"2,018",1,73,TOLIMA,73319,Municipio,-74.968135,4.030992,
4074,GUAMO,"2,019",1,73,TOLIMA,73319,Municipio,-74.968135,4.030992,
4075,GUAPI,"2,004",1,19,CAUCA,19318,Municipio,-77.88797,2.571337,
4076,GUAPOTÁ,"2,004",1,68,SANTANDER,68322,Municipio,-73.320732,6.308635,
4077,GUARANDA,"2,009",1,70,SUCRE,70265,Municipio,-74.537749,8.468556,
4078,GUARANDA,"2,015",1,70,SUCRE,70265,Municipio,-74.537749,8.468556,
4079,GUARANDA,"2,019",1,70,SUCRE,70265,Municipio,-74.537749,8.468556,
4080,GUARNE,"1,989",1,5,ANTIOQUIA,5318,Municipio,-75.441612,6.27787,
4081,GUARNE,"1,991",3,5,ANTIOQUIA,5318,Municipio,-75.441612,6.27787,
4082,GUARNE,"1,992",1,5,ANTIOQUIA,5318,Municipio,-75.441612,6.27787,
4083,GUARNE,"1,993",1,5,ANTIOQUIA,5318,Municipio,-75.441612,6.27787,
4084,GUARNE,"1,994",1,5,ANTIOQUIA,5318,Municipio,-75.441612,6.27787,
4085,GUARNE,"1,996",1,5,ANTIOQUIA,5318,Municipio,-75.441612,6.27787,
4086,GUARNE,"1,997",1,5,ANTIOQUIA,5318,Municipio,-75.441612,6.27787,
4087,GUARNE,"1,998",1,5,ANTIOQUIA,5318,Municipio,-75.441612,6.27787,
4088,GUARNE,"1,999",2,5,ANTIOQUIA,5318,Municipio,-75.441612,6.27787,
4089,GUARNE,"2,000",1,5,ANTIOQUIA,5318,Municipio,-75.441612,6.27787,
4090,GUARNE,"2,001",1,5,ANTIOQUIA,5318,Municipio,-75.441612,6.27787,
4091,GUARNE,"2,002",1,5,ANTIOQUIA,5318,Municipio,-75.441612,6.27787,
4092,GUARNE,"2,003",1,5,ANTIOQUIA,5318,Municipio,-75.441612,6.27787,
4093,GUARNE,"2,005",1,5,ANTIOQUIA,5318,Municipio,-75.441612,6.27787,
4094,GUARNE,"2,006",1,5,ANTIOQUIA,5318,Municipio,-75.441612,6.27787,
4095,GUARNE,"2,008",1,5,ANTIOQUIA,5318,Municipio,-75.441612,6.27787,
4096,GUARNE,"2,009",2,5,ANTIOQUIA,5318,Municipio,-75.441612,6.27787,
4097,GUARNE,"2,010",1,5,ANTIOQUIA,5318,Municipio,-75.441612,6.27787,
4098,GUARNE,"2,012",1,5,ANTIOQUIA,5318,Municipio,-75.441612,6.27787,
4099,GUARNE,"2,014",2,5,ANTIOQUIA,5318,Municipio,-75.441612,6.27787,
4100,GUARNE,"2,015",2,5,ANTIOQUIA,5318,Municipio,-75.441612,6.27787,
4101,GUARNE,"2,016",2,5,ANTIOQUIA,5318,Municipio,-75.441612,6.27787,
4102,GUARNE,"2,017",1,5,ANTIOQUIA,5318,Municipio,-75.441612,6.27787,
4103,GUARNE,"2,018",2,5,ANTIOQUIA,5318,Municipio,-75.441612,6.27787,
4104,GUARNE,"2,019",4,5,ANTIOQUIA,5318,Municipio,-75.441612,6.27787,
4105,GUASCA,"1,988",2,25,CUNDINAMARCA,25322,Municipio,-73.877143,4.866719,
4106,GUASCA,"1,992",1,25,CUNDINAMARCA,25322,Municipio,-73.877143,4.866719,
4107,GUASCA,"1,996",1,25,CUNDINAMARCA,25322,Municipio,-73.877143,4.866719,
4108,GUASCA,"2,002",1,25,CUNDINAMARCA,25322,Municipio,-73.877143,4.866719,
4109,GUASCA,"2,005",1,25,CUNDINAMARCA,25322,Municipio,-73.877143,4.866719,
4110,GUASCA,"2,008",1,25,CUNDINAMARCA,25322,Municipio,-73.877143,4.866719,
4111,GUASCA,"2,013",1,25,CUNDINAMARCA,25322,Municipio,-73.877143,4.866719,
4112,GUASCA,"2,014",2,25,CUNDINAMARCA,25322,Municipio,-73.877143,4.866719,
4113,GUASCA,"2,017",1,25,CUNDINAMARCA,25322,Municipio,-73.877143,4.866719,
4114,GUASCA,"2,018",1,25,CUNDINAMARCA,25322,Municipio,-73.877143,4.866719,
4115,GUATAPÉ,"1,987",1,5,ANTIOQUIA,5321,Municipio,-75.160041,6.232461,
4116,GUATAPÉ,"2,009",2,5,ANTIOQUIA,5321,Municipio,-75.160041,6.232461,
4117,GUATAPÉ,"2,012",1,5,ANTIOQUIA,5321,Municipio,-75.160041,6.232461,
4118,GUATAPÉ,"2,014",1,5,ANTIOQUIA,5321,Municipio,-75.160041,6.232461,
4119,GUATAPÉ,"2,015",1,5,ANTIOQUIA,5321,Municipio,-75.160041,6.232461,
4120,GUATAQUÍ,"2,007",1,25,CUNDINAMARCA,25324,Municipio,-74.790058,4.517517,
4121,GUATAVITA,"1,988",1,25,CUNDINAMARCA,25326,Municipio,-73.83293,4.935211,
4122,GUATAVITA,"1,991",1,25,CUNDINAMARCA,25326,Municipio,-73.83293,4.935211,
4123,GUATAVITA,"2,000",1,25,CUNDINAMARCA,25326,Municipio,-73.83293,4.935211,
4124,GUATAVITA,"2,003",1,25,CUNDINAMARCA,25326,Municipio,-73.83293,4.935211,
4125,GUATAVITA,"2,017",1,25,CUNDINAMARCA,25326,Municipio,-73.83293,4.935211,
4126,GUATEQUE,"1,985",3,15,BOYACÁ,15322,Municipio,-73.471207,5.007321,
4127,GUATEQUE,"1,986",1,15,BOYACÁ,15322,Municipio,-73.471207,5.007321,
4128,GUATEQUE,"1,987",1,15,BOYACÁ,15322,Municipio,-73.471207,5.007321,
4129,GUATEQUE,"1,988",1,15,BOYACÁ,15322,Municipio,-73.471207,5.007321,
4130,GUATEQUE,"1,989",1,15,BOYACÁ,15322,Municipio,-73.471207,5.007321,
4131,GUATEQUE,"1,991",1,15,BOYACÁ,15322,Municipio,-73.471207,5.007321,
4132,GUATEQUE,"1,992",2,15,BOYACÁ,15322,Municipio,-73.471207,5.007321,
4133,GUATEQUE,"1,993",1,15,BOYACÁ,15322,Municipio,-73.471207,5.007321,
4134,GUATEQUE,"2,003",2,15,BOYACÁ,15322,Municipio,-73.471207,5.007321,
4135,GUATEQUE,"2,005",1,15,BOYACÁ,15322,Municipio,-73.471207,5.007321,
4136,GUATEQUE,"2,006",1,15,BOYACÁ,15322,Municipio,-73.471207,5.007321,
4137,GUATEQUE,"2,008",1,15,BOYACÁ,15322,Municipio,-73.471207,5.007321,
4138,GUATEQUE,"2,012",1,15,BOYACÁ,15322,Municipio,-73.471207,5.007321,
4139,GUATEQUE,"2,014",2,15,BOYACÁ,15322,Municipio,-73.471207,5.007321,
4140,GUATEQUE,"2,016",1,15,BOYACÁ,15322,Municipio,-73.471207,5.007321,
4141,GUATEQUE,"2,017",1,15,BOYACÁ,15322,Municipio,-73.471207,5.007321,
4142,GUATEQUE,"2,018",1,15,BOYACÁ,15322,Municipio,-73.471207,5.007321,
4143,GUATEQUE,"2,019",1,15,BOYACÁ,15322,Municipio,-73.471207,5.007321,
4144,GUAYABAL DE SÍQUIMA,"1,995",1,25,CUNDINAMARCA,25328,Municipio,-74.467437,4.877968,
4145,GUAYABAL DE SÍQUIMA,"1,998",1,25,CUNDINAMARCA,25328,Municipio,-74.467437,4.877968,
4146,GUAYABAL DE SÍQUIMA,"2,019",2,25,CUNDINAMARCA,25328,Municipio,-74.467437,4.877968,
4147,GUAYABETAL,"2,000",1,25,CUNDINAMARCA,25335,Municipio,-73.815107,4.215306,
4148,GUAYABETAL,"2,001",1,25,CUNDINAMARCA,25335,Municipio,-73.815107,4.215306,
4149,GUAYABETAL,"2,002",1,25,CUNDINAMARCA,25335,Municipio,-73.815107,4.215306,
4150,GUAYABETAL,"2,004",1,25,CUNDINAMARCA,25335,Municipio,-73.815107,4.215306,
4151,GUAYABETAL,"2,007",1,25,CUNDINAMARCA,25335,Municipio,-73.815107,4.215306,
4152,GUAYABETAL,"2,008",1,25,CUNDINAMARCA,25335,Municipio,-73.815107,4.215306,
4153,GUAYABETAL,"2,009",1,25,CUNDINAMARCA,25335,Municipio,-73.815107,4.215306,
4154,GUAYATÁ,"1,988",1,15,BOYACÁ,15325,Municipio,-73.489698,4.967122,
4155,GUAYATÁ,"1,995",1,15,BOYACÁ,15325,Municipio,-73.489698,4.967122,
4156,GUAYATÁ,"1,999",1,15,BOYACÁ,15325,Municipio,-73.489698,4.967122,
4157,GUAYATÁ,"2,017",1,15,BOYACÁ,15325,Municipio,-73.489698,4.967122,
4158,GUAYATÁ,"2,018",1,15,BOYACÁ,15325,Municipio,-73.489698,4.967122,
4159,GUTIÉRREZ,"1,987",1,25,CUNDINAMARCA,25339,Municipio,-74.003042,4.254679,
4160,GUTIÉRREZ,"1,996",1,25,CUNDINAMARCA,25339,Municipio,-74.003042,4.254679,
4161,GUTIÉRREZ,"2,006",1,25,CUNDINAMARCA,25339,Municipio,-74.003042,4.254679,
4162,GUÁTICA,"1,985",1,66,RISARALDA,66318,Municipio,-75.799005,5.315367,
4163,GUÁTICA,"1,995",1,66,RISARALDA,66318,Municipio,-75.799005,5.315367,
4164,GUÁTICA,"1,999",1,66,RISARALDA,66318,Municipio,-75.799005,5.315367,
4165,GUÁTICA,"2,000",1,66,RISARALDA,66318,Municipio,-75.799005,5.315367,
4166,GUÁTICA,"2,007",1,66,RISARALDA,66318,Municipio,-75.799005,5.315367,
4167,GUÁTICA,"2,008",1,66,RISARALDA,66318,Municipio,-75.799005,5.315367,
4168,GUÁTICA,"2,014",1,66,RISARALDA,66318,Municipio,-75.799005,5.315367,
4169,GUÁTICA,"2,016",1,66,RISARALDA,66318,Municipio,-75.799005,5.315367,
4170,GUÁTICA,"2,017",2,66,RISARALDA,66318,Municipio,-75.799005,5.315367,
4171,GUÁTICA,"2,019",1,66,RISARALDA,66318,Municipio,-75.799005,5.315367,
4172,GÁMBITA,"1,992",1,68,SANTANDER,68298,Municipio,-73.344185,5.945998,
4173,GÁMBITA,"1,996",1,68,SANTANDER,68298,Municipio,-73.344185,5.945998,
4174,GÁMEZA,"1,998",1,15,BOYACÁ,15296,Municipio,-72.80553,5.802333,
4175,GÁMEZA,"2,000",1,15,BOYACÁ,15296,Municipio,-72.80553,5.802333,
4176,GÁMEZA,"2,006",1,15,BOYACÁ,15296,Municipio,-72.80553,5.802333,
4177,GÁMEZA,"2,009",1,15,BOYACÁ,15296,Municipio,-72.80553,5.802333,
4178,GÁMEZA,"2,010",1,15,BOYACÁ,15296,Municipio,-72.80553,5.802333,
4179,GÉNOVA,"1,985",1,63,QUINDÍO,63302,Municipio,-75.790402,4.206641,
4180,GÉNOVA,"1,990",1,63,QUINDÍO,63302,Municipio,-75.790402,4.206641,
4181,GÉNOVA,"1,995",1,63,QUINDÍO,63302,Municipio,-75.790402,4.206641,
4182,GÉNOVA,"2,001",1,63,QUINDÍO,63302,Municipio,-75.790402,4.206641,
4183,GÉNOVA,"2,005",1,63,QUINDÍO,63302,Municipio,-75.790402,4.206641,
4184,GÉNOVA,"2,008",2,63,QUINDÍO,63302,Municipio,-75.790402,4.206641,
4185,GÉNOVA,"2,012",1,63,QUINDÍO,63302,Municipio,-75.790402,4.206641,
4186,GÉNOVA,"2,014",1,63,QUINDÍO,63302,Municipio,-75.790402,4.206641,
4187,GÉNOVA,"2,015",1,63,QUINDÍO,63302,Municipio,-75.790402,4.206641,
4188,GÉNOVA,"2,016",1,63,QUINDÍO,63302,Municipio,-75.790402,4.206641,
4189,GÉNOVA,"2,017",2,63,QUINDÍO,63302,Municipio,-75.790402,4.206641,
4190,GÉNOVA,"2,019",1,63,QUINDÍO,63302,Municipio,-75.790402,4.206641,
4191,GÓMEZ PLATA,"1,992",1,5,ANTIOQUIA,5310,Municipio,-75.220018,6.683269,
4192,GÓMEZ PLATA,"1,994",2,5,ANTIOQUIA,5310,Municipio,-75.220018,6.683269,
4193,GÓMEZ PLATA,"1,995",3,5,ANTIOQUIA,5310,Municipio,-75.220018,6.683269,
4194,GÓMEZ PLATA,"1,996",1,5,ANTIOQUIA,5310,Municipio,-75.220018,6.683269,
4195,GÓMEZ PLATA,"1,998",1,5,ANTIOQUIA,5310,Municipio,-75.220018,6.683269,
4196,GÓMEZ PLATA,"1,999",1,5,ANTIOQUIA,5310,Municipio,-75.220018,6.683269,
4197,GÓMEZ PLATA,"2,004",3,5,ANTIOQUIA,5310,Municipio,-75.220018,6.683269,
4198,GÓMEZ PLATA,"2,005",1,5,ANTIOQUIA,5310,Municipio,-75.220018,6.683269,
4199,GÓMEZ PLATA,"2,008",1,5,ANTIOQUIA,5310,Municipio,-75.220018,6.683269,
4200,GÓMEZ PLATA,"2,013",1,5,ANTIOQUIA,5310,Municipio,-75.220018,6.683269,
4201,GÓMEZ PLATA,"2,015",1,5,ANTIOQUIA,5310,Municipio,-75.220018,6.683269,
4202,GÓMEZ PLATA,"2,016",1,5,ANTIOQUIA,5310,Municipio,-75.220018,6.683269,
4203,GÜEPSA,"2,004",1,68,SANTANDER,68327,Municipio,-73.575146,6.025013,
4204,GÜEPSA,"2,011",1,68,SANTANDER,68327,Municipio,-73.575146,6.025013,
4205,GÜEPSA,"2,013",1,68,SANTANDER,68327,Municipio,-73.575146,6.025013,
4206,GÜICÁN DE LA SIERRA,"2,008",1,15,BOYACÁ,15332,Municipio,-72.411763,6.462864,
4207,GÜICÁN DE LA SIERRA,"2,015",1,15,BOYACÁ,15332,Municipio,-72.411763,6.462864,
4208,HATILLO DE LOBA,"2,008",1,13,BOLÍVAR,13300,Municipio,-74.077912,8.956014,
4209,HATO COROZAL,"2,012",1,85,CASANARE,85125,Municipio,-71.764213,6.154099,
4210,HATO COROZAL,"2,017",1,85,CASANARE,85125,Municipio,-71.764213,6.154099,
4211,HATO COROZAL,"2,019",1,85,CASANARE,85125,Municipio,-71.764213,6.154099,
4212,HATONUEVO,"2,016",1,44,LA GUAJIRA,44378,Municipio,-72.75904,11.068864,
4213,HATONUEVO,"2,019",2,44,LA GUAJIRA,44378,Municipio,-72.75904,11.068864,
4214,HELICONIA,"1,987",1,5,ANTIOQUIA,5347,Municipio,-75.734322,6.206757,
4215,HELICONIA,"1,992",1,5,ANTIOQUIA,5347,Municipio,-75.734322,6.206757,
4216,HELICONIA,"1,995",1,5,ANTIOQUIA,5347,Municipio,-75.734322,6.206757,
4217,HELICONIA,"1,996",1,5,ANTIOQUIA,5347,Municipio,-75.734322,6.206757,
4218,HELICONIA,"2,006",1,5,ANTIOQUIA,5347,Municipio,-75.734322,6.206757,
4219,HELICONIA,"2,008",1,5,ANTIOQUIA,5347,Municipio,-75.734322,6.206757,
4220,HELICONIA,"2,009",1,5,ANTIOQUIA,5347,Municipio,-75.734322,6.206757,
4221,HELICONIA,"2,010",1,5,ANTIOQUIA,5347,Municipio,-75.734322,6.206757,
4222,HELICONIA,"2,016",1,5,ANTIOQUIA,5347,Municipio,-75.734322,6.206757,
4223,HELICONIA,"2,018",1,5,ANTIOQUIA,5347,Municipio,-75.734322,6.206757,
4224,HELICONIA,"2,019",1,5,ANTIOQUIA,5347,Municipio,-75.734322,6.206757,
4225,HERRÁN,"2,008",1,54,NORTE DE SANTANDER,54347,Municipio,-72.483519,7.506541,
4226,HERVEO,"2,016",2,73,TOLIMA,73347,Municipio,-75.177151,5.080228,
4227,HISPANIA,"1,990",1,5,ANTIOQUIA,5353,Municipio,-75.906587,5.799461,
4228,HISPANIA,"2,001",1,5,ANTIOQUIA,5353,Municipio,-75.906587,5.799461,
4229,HISPANIA,"2,016",1,5,ANTIOQUIA,5353,Municipio,-75.906587,5.799461,
4230,HOBO,"1,985",1,41,HUILA,41349,Municipio,-75.447697,2.580812,
4231,HOBO,"1,987",1,41,HUILA,41349,Municipio,-75.447697,2.580812,
4232,HOBO,"1,988",1,41,HUILA,41349,Municipio,-75.447697,2.580812,
4233,HOBO,"2,010",1,41,HUILA,41349,Municipio,-75.447697,2.580812,
4234,HONDA,"1,985",5,73,TOLIMA,73349,Municipio,-74.75699,5.211816,
4235,HONDA,"1,986",3,73,TOLIMA,73349,Municipio,-74.75699,5.211816,
4236,HONDA,"1,987",3,73,TOLIMA,73349,Municipio,-74.75699,5.211816,
4237,HONDA,"1,988",3,73,TOLIMA,73349,Municipio,-74.75699,5.211816,
4238,HONDA,"1,992",2,73,TOLIMA,73349,Municipio,-74.75699,5.211816,
4239,HONDA,"1,993",3,73,TOLIMA,73349,Municipio,-74.75699,5.211816,
4240,HONDA,"1,994",3,73,TOLIMA,73349,Municipio,-74.75699,5.211816,
4241,HONDA,"1,995",1,73,TOLIMA,73349,Municipio,-74.75699,5.211816,
4242,HONDA,"1,996",1,73,TOLIMA,73349,Municipio,-74.75699,5.211816,
4243,HONDA,"1,997",1,73,TOLIMA,73349,Municipio,-74.75699,5.211816,
4244,HONDA,"1,999",3,73,TOLIMA,73349,Municipio,-74.75699,5.211816,
4245,HONDA,"2,000",2,73,TOLIMA,73349,Municipio,-74.75699,5.211816,
4246,HONDA,"2,001",1,73,TOLIMA,73349,Municipio,-74.75699,5.211816,
4247,HONDA,"2,002",1,73,TOLIMA,73349,Municipio,-74.75699,5.211816,
4248,HONDA,"2,003",3,73,TOLIMA,73349,Municipio,-74.75699,5.211816,
4249,HONDA,"2,005",4,73,TOLIMA,73349,Municipio,-74.75699,5.211816,
4250,HONDA,"2,006",1,73,TOLIMA,73349,Municipio,-74.75699,5.211816,
4251,HONDA,"2,007",1,73,TOLIMA,73349,Municipio,-74.75699,5.211816,
4252,HONDA,"2,008",5,73,TOLIMA,73349,Municipio,-74.75699,5.211816,
4253,HONDA,"2,009",3,73,TOLIMA,73349,Municipio,-74.75699,5.211816,
4254,HONDA,"2,010",1,73,TOLIMA,73349,Municipio,-74.75699,5.211816,
4255,HONDA,"2,012",2,73,TOLIMA,73349,Municipio,-74.75699,5.211816,
4256,HONDA,"2,013",2,73,TOLIMA,73349,Municipio,-74.75699,5.211816,
4257,HONDA,"2,014",3,73,TOLIMA,73349,Municipio,-74.75699,5.211816,
4258,HONDA,"2,015",2,73,TOLIMA,73349,Municipio,-74.75699,5.211816,
4259,HONDA,"2,017",2,73,TOLIMA,73349,Municipio,-74.75699,5.211816,
4260,HONDA,"2,018",3,73,TOLIMA,73349,Municipio,-74.75699,5.211816,
4261,HONDA,"2,019",1,73,TOLIMA,73349,Municipio,-74.75699,5.211816,
4262,IBAGUÉ,"1,985",17,73,TOLIMA,73001,Municipio,-75.19425,4.432248,
4263,IBAGUÉ,"1,986",9,73,TOLIMA,73001,Municipio,-75.19425,4.432248,
4264,IBAGUÉ,"1,987",11,73,TOLIMA,73001,Municipio,-75.19425,4.432248,
4265,IBAGUÉ,"1,988",13,73,TOLIMA,73001,Municipio,-75.19425,4.432248,
4266,IBAGUÉ,"1,989",14,73,TOLIMA,73001,Municipio,-75.19425,4.432248,
4267,IBAGUÉ,"1,990",12,73,TOLIMA,73001,Municipio,-75.19425,4.432248,
4268,IBAGUÉ,"1,991",17,73,TOLIMA,73001,Municipio,-75.19425,4.432248,
4269,IBAGUÉ,"1,992",17,73,TOLIMA,73001,Municipio,-75.19425,4.432248,
4270,IBAGUÉ,"1,993",11,73,TOLIMA,73001,Municipio,-75.19425,4.432248,
4271,IBAGUÉ,"1,994",23,73,TOLIMA,73001,Municipio,-75.19425,4.432248,
4272,IBAGUÉ,"1,995",20,73,TOLIMA,73001,Municipio,-75.19425,4.432248,
4273,IBAGUÉ,"1,996",24,73,TOLIMA,73001,Municipio,-75.19425,4.432248,
4274,IBAGUÉ,"1,997",24,73,TOLIMA,73001,Municipio,-75.19425,4.432248,
4275,IBAGUÉ,"1,998",16,73,TOLIMA,73001,Municipio,-75.19425,4.432248,
4276,IBAGUÉ,"1,999",24,73,TOLIMA,73001,Municipio,-75.19425,4.432248,
4277,IBAGUÉ,"2,000",25,73,TOLIMA,73001,Municipio,-75.19425,4.432248,
4278,IBAGUÉ,"2,001",20,73,TOLIMA,73001,Municipio,-75.19425,4.432248,
4279,IBAGUÉ,"2,002",24,73,TOLIMA,73001,Municipio,-75.19425,4.432248,
4280,IBAGUÉ,"2,003",29,73,TOLIMA,73001,Municipio,-75.19425,4.432248,
4281,IBAGUÉ,"2,004",20,73,TOLIMA,73001,Municipio,-75.19425,4.432248,
4282,IBAGUÉ,"2,005",32,73,TOLIMA,73001,Municipio,-75.19425,4.432248,
4283,IBAGUÉ,"2,006",19,73,TOLIMA,73001,Municipio,-75.19425,4.432248,
4284,IBAGUÉ,"2,007",39,73,TOLIMA,73001,Municipio,-75.19425,4.432248,
4285,IBAGUÉ,"2,008",52,73,TOLIMA,73001,Municipio,-75.19425,4.432248,
4286,IBAGUÉ,"2,009",46,73,TOLIMA,73001,Municipio,-75.19425,4.432248,
4287,IBAGUÉ,"2,010",50,73,TOLIMA,73001,Municipio,-75.19425,4.432248,
4288,IBAGUÉ,"2,011",52,73,TOLIMA,73001,Municipio,-75.19425,4.432248,
4289,IBAGUÉ,"2,012",55,73,TOLIMA,73001,Municipio,-75.19425,4.432248,
4290,IBAGUÉ,"2,013",49,73,TOLIMA,73001,Municipio,-75.19425,4.432248,
4291,IBAGUÉ,"2,014",61,73,TOLIMA,73001,Municipio,-75.19425,4.432248,
4292,IBAGUÉ,"2,015",65,73,TOLIMA,73001,Municipio,-75.19425,4.432248,
4293,IBAGUÉ,"2,016",77,73,TOLIMA,73001,Municipio,-75.19425,4.432248,
4294,IBAGUÉ,"2,017",79,73,TOLIMA,73001,Municipio,-75.19425,4.432248,
4295,IBAGUÉ,"2,018",66,73,TOLIMA,73001,Municipio,-75.19425,4.432248,
4296,IBAGUÉ,"2,019",71,73,TOLIMA,73001,Municipio,-75.19425,4.432248,
4297,ICONONZO,"1,986",1,73,TOLIMA,73352,Municipio,-74.531969,4.176487,
4298,ICONONZO,"1,990",1,73,TOLIMA,73352,Municipio,-74.531969,4.176487,
4299,ICONONZO,"1,991",1,73,TOLIMA,73352,Municipio,-74.531969,4.176487,
4300,ICONONZO,"1,992",1,73,TOLIMA,73352,Municipio,-74.531969,4.176487,
4301,ICONONZO,"1,994",1,73,TOLIMA,73352,Municipio,-74.531969,4.176487,
4302,ICONONZO,"1,996",1,73,TOLIMA,73352,Municipio,-74.531969,4.176487,
4303,ICONONZO,"2,007",1,73,TOLIMA,73352,Municipio,-74.531969,4.176487,
4304,ILES,"2,004",1,52,NARIÑO,52352,Municipio,-77.521227,0.96952,
4305,ILES,"2,010",1,52,NARIÑO,52352,Municipio,-77.521227,0.96952,
4306,ILES,"2,011",1,52,NARIÑO,52352,Municipio,-77.521227,0.96952,
4307,ILES,"2,019",1,52,NARIÑO,52352,Municipio,-77.521227,0.96952,
4308,IMUÉS,"2,002",1,52,NARIÑO,52354,Municipio,-77.496339,1.05506,
4309,IMUÉS,"2,005",1,52,NARIÑO,52354,Municipio,-77.496339,1.05506,
4310,IMUÉS,"2,010",1,52,NARIÑO,52354,Municipio,-77.496339,1.05506,
4311,IMUÉS,"2,016",1,52,NARIÑO,52354,Municipio,-77.496339,1.05506,
4312,IMUÉS,"2,017",1,52,NARIÑO,52354,Municipio,-77.496339,1.05506,
4313,INZÁ,"1,997",1,19,CAUCA,19355,Municipio,-76.063503,2.549183,
4314,INZÁ,"2,002",1,19,CAUCA,19355,Municipio,-76.063503,2.549183,
4315,INZÁ,"2,004",1,19,CAUCA,19355,Municipio,-76.063503,2.549183,
4316,INZÁ,"2,008",1,19,CAUCA,19355,Municipio,-76.063503,2.549183,
4317,INZÁ,"2,016",1,19,CAUCA,19355,Municipio,-76.063503,2.549183,
4318,INÍRIDA,"1,997",1,94,GUAINÍA,94001,Municipio,-67.918613,3.866764,
4319,INÍRIDA,"2,000",1,94,GUAINÍA,94001,Municipio,-67.918613,3.866764,
4320,INÍRIDA,"2,009",1,94,GUAINÍA,94001,Municipio,-67.918613,3.866764,
4321,INÍRIDA,"2,012",1,94,GUAINÍA,94001,Municipio,-67.918613,3.866764,
4322,INÍRIDA,"2,014",2,94,GUAINÍA,94001,Municipio,-67.918613,3.866764,
4323,INÍRIDA,"2,015",2,94,GUAINÍA,94001,Municipio,-67.918613,3.866764,
4324,INÍRIDA,"2,019",1,94,GUAINÍA,94001,Municipio,-67.918613,3.866764,
4325,IPIALES,"1,986",1,52,NARIÑO,52356,Municipio,-77.646367,0.827732,
4326,IPIALES,"1,987",2,52,NARIÑO,52356,Municipio,-77.646367,0.827732,
4327,IPIALES,"1,988",1,52,NARIÑO,52356,Municipio,-77.646367,0.827732,
4328,IPIALES,"1,989",1,52,NARIÑO,52356,Municipio,-77.646367,0.827732,
4329,IPIALES,"1,991",1,52,NARIÑO,52356,Municipio,-77.646367,0.827732,
4330,IPIALES,"1,992",1,52,NARIÑO,52356,Municipio,-77.646367,0.827732,
4331,IPIALES,"1,994",1,52,NARIÑO,52356,Municipio,-77.646367,0.827732,
4332,IPIALES,"1,996",1,52,NARIÑO,52356,Municipio,-77.646367,0.827732,
4333,IPIALES,"1,997",4,52,NARIÑO,52356,Municipio,-77.646367,0.827732,
4334,IPIALES,"2,000",2,52,NARIÑO,52356,Municipio,-77.646367,0.827732,
4335,IPIALES,"2,001",4,52,NARIÑO,52356,Municipio,-77.646367,0.827732,
4336,IPIALES,"2,002",2,52,NARIÑO,52356,Municipio,-77.646367,0.827732,
4337,IPIALES,"2,003",1,52,NARIÑO,52356,Municipio,-77.646367,0.827732,
4338,IPIALES,"2,004",2,52,NARIÑO,52356,Municipio,-77.646367,0.827732,
4339,IPIALES,"2,005",6,52,NARIÑO,52356,Municipio,-77.646367,0.827732,
4340,IPIALES,"2,006",2,52,NARIÑO,52356,Municipio,-77.646367,0.827732,
4341,IPIALES,"2,007",2,52,NARIÑO,52356,Municipio,-77.646367,0.827732,
4342,IPIALES,"2,008",5,52,NARIÑO,52356,Municipio,-77.646367,0.827732,
4343,IPIALES,"2,009",2,52,NARIÑO,52356,Municipio,-77.646367,0.827732,
4344,IPIALES,"2,010",1,52,NARIÑO,52356,Municipio,-77.646367,0.827732,
4345,IPIALES,"2,011",3,52,NARIÑO,52356,Municipio,-77.646367,0.827732,
4346,IPIALES,"2,012",3,52,NARIÑO,52356,Municipio,-77.646367,0.827732,
4347,IPIALES,"2,013",2,52,NARIÑO,52356,Municipio,-77.646367,0.827732,
4348,IPIALES,"2,014",3,52,NARIÑO,52356,Municipio,-77.646367,0.827732,
4349,IPIALES,"2,015",1,52,NARIÑO,52356,Municipio,-77.646367,0.827732,
4350,IPIALES,"2,016",5,52,NARIÑO,52356,Municipio,-77.646367,0.827732,
4351,IPIALES,"2,017",8,52,NARIÑO,52356,Municipio,-77.646367,0.827732,
4352,IPIALES,"2,018",7,52,NARIÑO,52356,Municipio,-77.646367,0.827732,
4353,IPIALES,"2,019",8,52,NARIÑO,52356,Municipio,-77.646367,0.827732,
4354,ISNOS,"1,985",1,41,HUILA,41359,Municipio,-76.217637,1.929467,
4355,ISNOS,"1,989",2,41,HUILA,41359,Municipio,-76.217637,1.929467,
4356,ISNOS,"1,990",1,41,HUILA,41359,Municipio,-76.217637,1.929467,
4357,ISNOS,"1,991",1,41,HUILA,41359,Municipio,-76.217637,1.929467,
4358,ISNOS,"1,993",1,41,HUILA,41359,Municipio,-76.217637,1.929467,
4359,ISNOS,"1,995",1,41,HUILA,41359,Municipio,-76.217637,1.929467,
4360,ISNOS,"1,996",1,41,HUILA,41359,Municipio,-76.217637,1.929467,
4361,ISNOS,"1,999",1,41,HUILA,41359,Municipio,-76.217637,1.929467,
4362,ISNOS,"2,008",1,41,HUILA,41359,Municipio,-76.217637,1.929467,
4363,ISNOS,"2,009",1,41,HUILA,41359,Municipio,-76.217637,1.929467,
4364,ISNOS,"2,010",1,41,HUILA,41359,Municipio,-76.217637,1.929467,
4365,ISNOS,"2,011",1,41,HUILA,41359,Municipio,-76.217637,1.929467,
4366,ISNOS,"2,012",1,41,HUILA,41359,Municipio,-76.217637,1.929467,
4367,ISNOS,"2,013",1,41,HUILA,41359,Municipio,-76.217637,1.929467,
4368,ISNOS,"2,014",3,41,HUILA,41359,Municipio,-76.217637,1.929467,
4369,ISNOS,"2,015",1,41,HUILA,41359,Municipio,-76.217637,1.929467,
4370,ISNOS,"2,016",1,41,HUILA,41359,Municipio,-76.217637,1.929467,
4371,ISTMINA,"1,988",1,27,CHOCÓ,27361,Municipio,-76.68518,5.153946,
4372,ISTMINA,"1,990",1,27,CHOCÓ,27361,Municipio,-76.68518,5.153946,
4373,ISTMINA,"1,992",1,27,CHOCÓ,27361,Municipio,-76.68518,5.153946,
4374,ISTMINA,"2,006",1,27,CHOCÓ,27361,Municipio,-76.68518,5.153946,
4375,ISTMINA,"2,007",1,27,CHOCÓ,27361,Municipio,-76.68518,5.153946,
4376,ISTMINA,"2,016",1,27,CHOCÓ,27361,Municipio,-76.68518,5.153946,
4377,ISTMINA,"2,019",1,27,CHOCÓ,27361,Municipio,-76.68518,5.153946,
4378,ITAGÜÍ,"1,985",4,5,ANTIOQUIA,5360,Municipio,-75.612056,6.175079,
4379,ITAGÜÍ,"1,986",6,5,ANTIOQUIA,5360,Municipio,-75.612056,6.175079,
4380,ITAGÜÍ,"1,987",1,5,ANTIOQUIA,5360,Municipio,-75.612056,6.175079,
4381,ITAGÜÍ,"1,988",5,5,ANTIOQUIA,5360,Municipio,-75.612056,6.175079,
4382,ITAGÜÍ,"1,989",8,5,ANTIOQUIA,5360,Municipio,-75.612056,6.175079,
4383,ITAGÜÍ,"1,990",5,5,ANTIOQUIA,5360,Municipio,-75.612056,6.175079,
4384,ITAGÜÍ,"1,991",7,5,ANTIOQUIA,5360,Municipio,-75.612056,6.175079,
4385,ITAGÜÍ,"1,992",4,5,ANTIOQUIA,5360,Municipio,-75.612056,6.175079,
4386,ITAGÜÍ,"1,993",7,5,ANTIOQUIA,5360,Municipio,-75.612056,6.175079,
4387,ITAGÜÍ,"1,994",3,5,ANTIOQUIA,5360,Municipio,-75.612056,6.175079,
4388,ITAGÜÍ,"1,995",4,5,ANTIOQUIA,5360,Municipio,-75.612056,6.175079,
4389,ITAGÜÍ,"1,996",6,5,ANTIOQUIA,5360,Municipio,-75.612056,6.175079,
4390,ITAGÜÍ,"1,997",9,5,ANTIOQUIA,5360,Municipio,-75.612056,6.175079,
4391,ITAGÜÍ,"1,998",3,5,ANTIOQUIA,5360,Municipio,-75.612056,6.175079,
4392,ITAGÜÍ,"1,999",4,5,ANTIOQUIA,5360,Municipio,-75.612056,6.175079,
4393,ITAGÜÍ,"2,000",11,5,ANTIOQUIA,5360,Municipio,-75.612056,6.175079,
4394,ITAGÜÍ,"2,001",9,5,ANTIOQUIA,5360,Municipio,-75.612056,6.175079,
4395,ITAGÜÍ,"2,002",11,5,ANTIOQUIA,5360,Municipio,-75.612056,6.175079,
4396,ITAGÜÍ,"2,003",11,5,ANTIOQUIA,5360,Municipio,-75.612056,6.175079,
4397,ITAGÜÍ,"2,004",4,5,ANTIOQUIA,5360,Municipio,-75.612056,6.175079,
4398,ITAGÜÍ,"2,005",9,5,ANTIOQUIA,5360,Municipio,-75.612056,6.175079,
4399,ITAGÜÍ,"2,006",10,5,ANTIOQUIA,5360,Municipio,-75.612056,6.175079,
4400,ITAGÜÍ,"2,007",12,5,ANTIOQUIA,5360,Municipio,-75.612056,6.175079,
4401,ITAGÜÍ,"2,008",22,5,ANTIOQUIA,5360,Municipio,-75.612056,6.175079,
4402,ITAGÜÍ,"2,009",25,5,ANTIOQUIA,5360,Municipio,-75.612056,6.175079,
4403,ITAGÜÍ,"2,010",19,5,ANTIOQUIA,5360,Municipio,-75.612056,6.175079,
4404,ITAGÜÍ,"2,011",7,5,ANTIOQUIA,5360,Municipio,-75.612056,6.175079,
4405,ITAGÜÍ,"2,012",13,5,ANTIOQUIA,5360,Municipio,-75.612056,6.175079,
4406,ITAGÜÍ,"2,013",16,5,ANTIOQUIA,5360,Municipio,-75.612056,6.175079,
4407,ITAGÜÍ,"2,014",9,5,ANTIOQUIA,5360,Municipio,-75.612056,6.175079,
4408,ITAGÜÍ,"2,015",23,5,ANTIOQUIA,5360,Municipio,-75.612056,6.175079,
4409,ITAGÜÍ,"2,016",23,5,ANTIOQUIA,5360,Municipio,-75.612056,6.175079,
4410,ITAGÜÍ,"2,017",22,5,ANTIOQUIA,5360,Municipio,-75.612056,6.175079,
4411,ITAGÜÍ,"2,018",20,5,ANTIOQUIA,5360,Municipio,-75.612056,6.175079,
4412,ITAGÜÍ,"2,019",21,5,ANTIOQUIA,5360,Municipio,-75.612056,6.175079,
4413,ITUANGO,"1,986",2,5,ANTIOQUIA,5361,Municipio,-75.764673,7.171629,
4414,ITUANGO,"1,987",1,5,ANTIOQUIA,5361,Municipio,-75.764673,7.171629,
4415,ITUANGO,"1,988",1,5,ANTIOQUIA,5361,Municipio,-75.764673,7.171629,
4416,ITUANGO,"1,989",1,5,ANTIOQUIA,5361,Municipio,-75.764673,7.171629,
4417,ITUANGO,"1,991",2,5,ANTIOQUIA,5361,Municipio,-75.764673,7.171629,
4418,ITUANGO,"1,994",3,5,ANTIOQUIA,5361,Municipio,-75.764673,7.171629,
4419,ITUANGO,"2,001",1,5,ANTIOQUIA,5361,Municipio,-75.764673,7.171629,
4420,ITUANGO,"2,005",1,5,ANTIOQUIA,5361,Municipio,-75.764673,7.171629,
4421,ITUANGO,"2,006",1,5,ANTIOQUIA,5361,Municipio,-75.764673,7.171629,
4422,ITUANGO,"2,010",1,5,ANTIOQUIA,5361,Municipio,-75.764673,7.171629,
4423,ITUANGO,"2,011",1,5,ANTIOQUIA,5361,Municipio,-75.764673,7.171629,
4424,ITUANGO,"2,014",2,5,ANTIOQUIA,5361,Municipio,-75.764673,7.171629,
4425,IZA,"2,004",1,15,BOYACÁ,15362,Municipio,-72.979559,5.611577,
4426,JAMBALÓ,"1,998",1,19,CAUCA,19364,Municipio,-76.323877,2.777834,
4427,JAMUNDÍ,"1,985",2,76,VALLE DEL CAUCA,76364,Municipio,-76.538472,3.258751,
4428,JAMUNDÍ,"1,988",1,76,VALLE DEL CAUCA,76364,Municipio,-76.538472,3.258751,
4429,JAMUNDÍ,"1,989",1,76,VALLE DEL CAUCA,76364,Municipio,-76.538472,3.258751,
4430,JAMUNDÍ,"1,990",1,76,VALLE DEL CAUCA,76364,Municipio,-76.538472,3.258751,
4431,JAMUNDÍ,"1,991",1,76,VALLE DEL CAUCA,76364,Municipio,-76.538472,3.258751,
4432,JAMUNDÍ,"1,994",2,76,VALLE DEL CAUCA,76364,Municipio,-76.538472,3.258751,
4433,JAMUNDÍ,"1,995",2,76,VALLE DEL CAUCA,76364,Municipio,-76.538472,3.258751,
4434,JAMUNDÍ,"1,996",2,76,VALLE DEL CAUCA,76364,Municipio,-76.538472,3.258751,
4435,JAMUNDÍ,"1,998",1,76,VALLE DEL CAUCA,76364,Municipio,-76.538472,3.258751,
4436,JAMUNDÍ,"2,000",1,76,VALLE DEL CAUCA,76364,Municipio,-76.538472,3.258751,
4437,JAMUNDÍ,"2,001",1,76,VALLE DEL CAUCA,76364,Municipio,-76.538472,3.258751,
4438,JAMUNDÍ,"2,002",1,76,VALLE DEL CAUCA,76364,Municipio,-76.538472,3.258751,
4439,JAMUNDÍ,"2,003",3,76,VALLE DEL CAUCA,76364,Municipio,-76.538472,3.258751,
4440,JAMUNDÍ,"2,006",6,76,VALLE DEL CAUCA,76364,Municipio,-76.538472,3.258751,
4441,JAMUNDÍ,"2,007",3,76,VALLE DEL CAUCA,76364,Municipio,-76.538472,3.258751,
4442,JAMUNDÍ,"2,008",2,76,VALLE DEL CAUCA,76364,Municipio,-76.538472,3.258751,
4443,JAMUNDÍ,"2,009",8,76,VALLE DEL CAUCA,76364,Municipio,-76.538472,3.258751,
4444,JAMUNDÍ,"2,010",2,76,VALLE DEL CAUCA,76364,Municipio,-76.538472,3.258751,
4445,JAMUNDÍ,"2,011",1,76,VALLE DEL CAUCA,76364,Municipio,-76.538472,3.258751,
4446,JAMUNDÍ,"2,012",1,76,VALLE DEL CAUCA,76364,Municipio,-76.538472,3.258751,
4447,JAMUNDÍ,"2,013",2,76,VALLE DEL CAUCA,76364,Municipio,-76.538472,3.258751,
4448,JAMUNDÍ,"2,014",4,76,VALLE DEL CAUCA,76364,Municipio,-76.538472,3.258751,
4449,JAMUNDÍ,"2,015",1,76,VALLE DEL CAUCA,76364,Municipio,-76.538472,3.258751,
4450,JAMUNDÍ,"2,016",1,76,VALLE DEL CAUCA,76364,Municipio,-76.538472,3.258751,
4451,JAMUNDÍ,"2,017",3,76,VALLE DEL CAUCA,76364,Municipio,-76.538472,3.258751,
4452,JAMUNDÍ,"2,018",4,76,VALLE DEL CAUCA,76364,Municipio,-76.538472,3.258751,
4453,JAMUNDÍ,"2,019",3,76,VALLE DEL CAUCA,76364,Municipio,-76.538472,3.258751,
4454,JARDÍN,"1,986",1,5,ANTIOQUIA,5364,Municipio,-75.818982,5.597542,
4455,JARDÍN,"1,992",1,5,ANTIOQUIA,5364,Municipio,-75.818982,5.597542,
4456,JARDÍN,"1,994",2,5,ANTIOQUIA,5364,Municipio,-75.818982,5.597542,
4457,JARDÍN,"1,996",1,5,ANTIOQUIA,5364,Municipio,-75.818982,5.597542,
4458,JARDÍN,"2,001",1,5,ANTIOQUIA,5364,Municipio,-75.818982,5.597542,
4459,JARDÍN,"2,004",2,5,ANTIOQUIA,5364,Municipio,-75.818982,5.597542,
4460,JARDÍN,"2,005",1,5,ANTIOQUIA,5364,Municipio,-75.818982,5.597542,
4461,JARDÍN,"2,008",1,5,ANTIOQUIA,5364,Municipio,-75.818982,5.597542,
4462,JARDÍN,"2,009",1,5,ANTIOQUIA,5364,Municipio,-75.818982,5.597542,
4463,JARDÍN,"2,014",1,5,ANTIOQUIA,5364,Municipio,-75.818982,5.597542,
4464,JARDÍN,"2,015",2,5,ANTIOQUIA,5364,Municipio,-75.818982,5.597542,
4465,JARDÍN,"2,019",2,5,ANTIOQUIA,5364,Municipio,-75.818982,5.597542,
4466,JENESANO,"2,003",1,15,BOYACÁ,15367,Municipio,-73.363738,5.385813,
4467,JENESANO,"2,005",1,15,BOYACÁ,15367,Municipio,-73.363738,5.385813,
4468,JENESANO,"2,008",1,15,BOYACÁ,15367,Municipio,-73.363738,5.385813,
4469,JENESANO,"2,009",1,15,BOYACÁ,15367,Municipio,-73.363738,5.385813,
4470,JENESANO,"2,013",1,15,BOYACÁ,15367,Municipio,-73.363738,5.385813,
4471,JERICÓ,"1,986",1,5,ANTIOQUIA,5368,Municipio,-75.785499,5.789748,
4472,JERICÓ,"1,986",1,15,BOYACÁ,15368,Municipio,-72.571122,6.145735,
4473,JERICÓ,"1,987",2,5,ANTIOQUIA,5368,Municipio,-75.785499,5.789748,
4474,JERICÓ,"1,987",2,15,BOYACÁ,15368,Municipio,-72.571122,6.145735,
4475,JERICÓ,"1,991",1,5,ANTIOQUIA,5368,Municipio,-75.785499,5.789748,
4476,JERICÓ,"1,991",1,15,BOYACÁ,15368,Municipio,-72.571122,6.145735,
4477,JERICÓ,"1,993",1,5,ANTIOQUIA,5368,Municipio,-75.785499,5.789748,
4478,JERICÓ,"1,993",1,15,BOYACÁ,15368,Municipio,-72.571122,6.145735,
4479,JERICÓ,"1,994",1,5,ANTIOQUIA,5368,Municipio,-75.785499,5.789748,
4480,JERICÓ,"1,994",1,15,BOYACÁ,15368,Municipio,-72.571122,6.145735,
4481,JERICÓ,"1,996",1,5,ANTIOQUIA,5368,Municipio,-75.785499,5.789748,
4482,JERICÓ,"1,996",1,15,BOYACÁ,15368,Municipio,-72.571122,6.145735,
4483,JERICÓ,"1,997",3,5,ANTIOQUIA,5368,Municipio,-75.785499,5.789748,
4484,JERICÓ,"1,997",3,15,BOYACÁ,15368,Municipio,-72.571122,6.145735,
4485,JERICÓ,"2,001",2,5,ANTIOQUIA,5368,Municipio,-75.785499,5.789748,
4486,JERICÓ,"2,001",2,15,BOYACÁ,15368,Municipio,-72.571122,6.145735,
4487,JERICÓ,"2,002",1,5,ANTIOQUIA,5368,Municipio,-75.785499,5.789748,
4488,JERICÓ,"2,002",1,15,BOYACÁ,15368,Municipio,-72.571122,6.145735,
4489,JERICÓ,"2,004",1,5,ANTIOQUIA,5368,Municipio,-75.785499,5.789748,
4490,JERICÓ,"2,004",1,15,BOYACÁ,15368,Municipio,-72.571122,6.145735,
4491,JERICÓ,"2,006",1,5,ANTIOQUIA,5368,Municipio,-75.785499,5.789748,
4492,JERICÓ,"2,006",1,15,BOYACÁ,15368,Municipio,-72.571122,6.145735,
4493,JERICÓ,"2,014",1,5,ANTIOQUIA,5368,Municipio,-75.785499,5.789748,
4494,JERICÓ,"2,014",1,15,BOYACÁ,15368,Municipio,-72.571122,6.145735,
4495,JERICÓ,"2,017",1,5,ANTIOQUIA,5368,Municipio,-75.785499,5.789748,
4496,JERICÓ,"2,017",1,15,BOYACÁ,15368,Municipio,-72.571122,6.145735,
4497,JERICÓ,"2,018",1,5,ANTIOQUIA,5368,Municipio,-75.785499,5.789748,
4498,JERICÓ,"2,018",1,15,BOYACÁ,15368,Municipio,-72.571122,6.145735,
4499,JERICÓ,"2,019",1,5,ANTIOQUIA,5368,Municipio,-75.785499,5.789748,
4500,JERICÓ,"2,019",1,15,BOYACÁ,15368,Municipio,-72.571122,6.145735,
4501,JERUSALÉN,"2,004",2,25,CUNDINAMARCA,25368,Municipio,-74.695474,4.562273,
4502,JERUSALÉN,"2,008",1,25,CUNDINAMARCA,25368,Municipio,-74.695474,4.562273,
4503,JESÚS MARÍA,"2,000",1,68,SANTANDER,68368,Municipio,-73.783396,5.876497,
4504,JESÚS MARÍA,"2,014",1,68,SANTANDER,68368,Municipio,-73.783396,5.876497,
4505,JUAN DE ACOSTA,"1,990",2,8,ATLÁNTICO,8372,Municipio,-75.041032,10.83254,
4506,JUAN DE ACOSTA,"1,993",1,8,ATLÁNTICO,8372,Municipio,-75.041032,10.83254,
4507,JUAN DE ACOSTA,"1,997",2,8,ATLÁNTICO,8372,Municipio,-75.041032,10.83254,
4508,JUAN DE ACOSTA,"2,001",1,8,ATLÁNTICO,8372,Municipio,-75.041032,10.83254,
4509,JUAN DE ACOSTA,"2,007",1,8,ATLÁNTICO,8372,Municipio,-75.041032,10.83254,
4510,JUAN DE ACOSTA,"2,009",2,8,ATLÁNTICO,8372,Municipio,-75.041032,10.83254,
4511,JUAN DE ACOSTA,"2,014",1,8,ATLÁNTICO,8372,Municipio,-75.041032,10.83254,
4512,JUAN DE ACOSTA,"2,017",2,8,ATLÁNTICO,8372,Municipio,-75.041032,10.83254,
4513,JUAN DE ACOSTA,"2,018",2,8,ATLÁNTICO,8372,Municipio,-75.041032,10.83254,
4514,JUNÍN,"1,988",1,25,CUNDINAMARCA,25372,Municipio,-73.662961,4.79057,
4515,JUNÍN,"1,991",1,25,CUNDINAMARCA,25372,Municipio,-73.662961,4.79057,
4516,JUNÍN,"1,994",1,25,CUNDINAMARCA,25372,Municipio,-73.662961,4.79057,
4517,JUNÍN,"2,004",1,25,CUNDINAMARCA,25372,Municipio,-73.662961,4.79057,
4518,JUNÍN,"2,005",1,25,CUNDINAMARCA,25372,Municipio,-73.662961,4.79057,
4519,JUNÍN,"2,012",1,25,CUNDINAMARCA,25372,Municipio,-73.662961,4.79057,
4520,LA APARTADA,"2,005",1,23,CÓRDOBA,23350,Municipio,-75.336031,8.050125,
4521,LA APARTADA,"2,008",1,23,CÓRDOBA,23350,Municipio,-75.336031,8.050125,
4522,LA APARTADA,"2,010",2,23,CÓRDOBA,23350,Municipio,-75.336031,8.050125,
4523,LA APARTADA,"2,014",1,23,CÓRDOBA,23350,Municipio,-75.336031,8.050125,
4524,LA APARTADA,"2,019",1,23,CÓRDOBA,23350,Municipio,-75.336031,8.050125,
4525,LA ARGENTINA,"2,005",1,41,HUILA,41378,Municipio,-75.979763,2.198496,
4526,LA ARGENTINA,"2,011",1,41,HUILA,41378,Municipio,-75.979763,2.198496,
4527,LA ARGENTINA,"2,018",1,41,HUILA,41378,Municipio,-75.979763,2.198496,
4528,LA ARGENTINA,"2,019",1,41,HUILA,41378,Municipio,-75.979763,2.198496,
4529,LA BELLEZA,"2,016",1,68,SANTANDER,68377,Municipio,-73.965494,5.85925,
4530,LA BELLEZA,"2,018",2,68,SANTANDER,68377,Municipio,-73.965494,5.85925,
4531,LA BELLEZA,"2,019",1,68,SANTANDER,68377,Municipio,-73.965494,5.85925,
4532,LA CALERA,"1,987",2,25,CUNDINAMARCA,25377,Municipio,-73.968161,4.721104,
4533,LA CALERA,"1,988",1,25,CUNDINAMARCA,25377,Municipio,-73.968161,4.721104,
4534,LA CALERA,"1,989",2,25,CUNDINAMARCA,25377,Municipio,-73.968161,4.721104,
4535,LA CALERA,"1,994",1,25,CUNDINAMARCA,25377,Municipio,-73.968161,4.721104,
4536,LA CALERA,"1,995",1,25,CUNDINAMARCA,25377,Municipio,-73.968161,4.721104,
4537,LA CALERA,"1,996",1,25,CUNDINAMARCA,25377,Municipio,-73.968161,4.721104,
4538,LA CALERA,"1,997",1,25,CUNDINAMARCA,25377,Municipio,-73.968161,4.721104,
4539,LA CALERA,"1,999",1,25,CUNDINAMARCA,25377,Municipio,-73.968161,4.721104,
4540,LA CALERA,"2,000",1,25,CUNDINAMARCA,25377,Municipio,-73.968161,4.721104,
4541,LA CALERA,"2,004",1,25,CUNDINAMARCA,25377,Municipio,-73.968161,4.721104,
4542,LA CALERA,"2,006",2,25,CUNDINAMARCA,25377,Municipio,-73.968161,4.721104,
4543,LA CALERA,"2,009",2,25,CUNDINAMARCA,25377,Municipio,-73.968161,4.721104,
4544,LA CALERA,"2,010",1,25,CUNDINAMARCA,25377,Municipio,-73.968161,4.721104,
4545,LA CALERA,"2,012",2,25,CUNDINAMARCA,25377,Municipio,-73.968161,4.721104,
4546,LA CALERA,"2,013",1,25,CUNDINAMARCA,25377,Municipio,-73.968161,4.721104,
4547,LA CALERA,"2,014",3,25,CUNDINAMARCA,25377,Municipio,-73.968161,4.721104,
4548,LA CALERA,"2,015",1,25,CUNDINAMARCA,25377,Municipio,-73.968161,4.721104,
4549,LA CALERA,"2,016",2,25,CUNDINAMARCA,25377,Municipio,-73.968161,4.721104,
4550,LA CALERA,"2,018",2,25,CUNDINAMARCA,25377,Municipio,-73.968161,4.721104,
4551,LA CAPILLA,"2,004",1,15,BOYACÁ,15380,Municipio,-73.444347,5.095687,
4552,LA CAPILLA,"2,005",1,15,BOYACÁ,15380,Municipio,-73.444347,5.095687,
4553,LA CAPILLA,"2,008",1,15,BOYACÁ,15380,Municipio,-73.444347,5.095687,
4554,LA CEJA,"1,987",1,5,ANTIOQUIA,5376,Municipio,-75.429433,6.028062,
4555,LA CEJA,"1,988",1,5,ANTIOQUIA,5376,Municipio,-75.429433,6.028062,
4556,LA CEJA,"1,991",1,5,ANTIOQUIA,5376,Municipio,-75.429433,6.028062,
4557,LA CEJA,"1,993",3,5,ANTIOQUIA,5376,Municipio,-75.429433,6.028062,
4558,LA CEJA,"1,996",3,5,ANTIOQUIA,5376,Municipio,-75.429433,6.028062,
4559,LA CEJA,"1,997",1,5,ANTIOQUIA,5376,Municipio,-75.429433,6.028062,
4560,LA CEJA,"1,998",1,5,ANTIOQUIA,5376,Municipio,-75.429433,6.028062,
4561,LA CEJA,"1,999",1,5,ANTIOQUIA,5376,Municipio,-75.429433,6.028062,
4562,LA CEJA,"2,001",2,5,ANTIOQUIA,5376,Municipio,-75.429433,6.028062,
4563,LA CEJA,"2,003",1,5,ANTIOQUIA,5376,Municipio,-75.429433,6.028062,
4564,LA CEJA,"2,004",3,5,ANTIOQUIA,5376,Municipio,-75.429433,6.028062,
4565,LA CEJA,"2,005",1,5,ANTIOQUIA,5376,Municipio,-75.429433,6.028062,
4566,LA CEJA,"2,006",1,5,ANTIOQUIA,5376,Municipio,-75.429433,6.028062,
4567,LA CEJA,"2,007",2,5,ANTIOQUIA,5376,Municipio,-75.429433,6.028062,
4568,LA CEJA,"2,008",2,5,ANTIOQUIA,5376,Municipio,-75.429433,6.028062,
4569,LA CEJA,"2,009",3,5,ANTIOQUIA,5376,Municipio,-75.429433,6.028062,
4570,LA CEJA,"2,010",2,5,ANTIOQUIA,5376,Municipio,-75.429433,6.028062,
4571,LA CEJA,"2,011",6,5,ANTIOQUIA,5376,Municipio,-75.429433,6.028062,
4572,LA CEJA,"2,012",4,5,ANTIOQUIA,5376,Municipio,-75.429433,6.028062,
4573,LA CEJA,"2,013",3,5,ANTIOQUIA,5376,Municipio,-75.429433,6.028062,
4574,LA CEJA,"2,014",4,5,ANTIOQUIA,5376,Municipio,-75.429433,6.028062,
4575,LA CEJA,"2,015",4,5,ANTIOQUIA,5376,Municipio,-75.429433,6.028062,
4576,LA CEJA,"2,016",7,5,ANTIOQUIA,5376,Municipio,-75.429433,6.028062,
4577,LA CEJA,"2,017",1,5,ANTIOQUIA,5376,Municipio,-75.429433,6.028062,
4578,LA CEJA,"2,019",4,5,ANTIOQUIA,5376,Municipio,-75.429433,6.028062,
4579,LA CELIA,"1,990",1,66,RISARALDA,66383,Municipio,-76.0032,5.002787,
4580,LA CELIA,"2,006",1,66,RISARALDA,66383,Municipio,-76.0032,5.002787,
4581,LA CELIA,"2,015",1,66,RISARALDA,66383,Municipio,-76.0032,5.002787,
4582,LA CELIA,"2,017",1,66,RISARALDA,66383,Municipio,-76.0032,5.002787,
4583,LA CRUZ,"1,990",1,52,NARIÑO,52378,Municipio,-76.970504,1.601318,
4584,LA CRUZ,"1,991",1,52,NARIÑO,52378,Municipio,-76.970504,1.601318,
4585,LA CRUZ,"1,994",1,52,NARIÑO,52378,Municipio,-76.970504,1.601318,
4586,LA CRUZ,"2,000",1,52,NARIÑO,52378,Municipio,-76.970504,1.601318,
4587,LA CRUZ,"2,002",1,52,NARIÑO,52378,Municipio,-76.970504,1.601318,
4588,LA CRUZ,"2,004",1,52,NARIÑO,52378,Municipio,-76.970504,1.601318,
4589,LA CRUZ,"2,005",1,52,NARIÑO,52378,Municipio,-76.970504,1.601318,
4590,LA CRUZ,"2,006",1,52,NARIÑO,52378,Municipio,-76.970504,1.601318,
4591,LA CRUZ,"2,009",1,52,NARIÑO,52378,Municipio,-76.970504,1.601318,
4592,LA CRUZ,"2,012",2,52,NARIÑO,52378,Municipio,-76.970504,1.601318,
4593,LA CRUZ,"2,014",2,52,NARIÑO,52378,Municipio,-76.970504,1.601318,
4594,LA CUMBRE,"1,991",1,76,VALLE DEL CAUCA,76377,Municipio,-76.56805,3.649268,
4595,LA CUMBRE,"1,999",1,76,VALLE DEL CAUCA,76377,Municipio,-76.56805,3.649268,
4596,LA CUMBRE,"2,003",1,76,VALLE DEL CAUCA,76377,Municipio,-76.56805,3.649268,
4597,LA CUMBRE,"2,005",1,76,VALLE DEL CAUCA,76377,Municipio,-76.56805,3.649268,
4598,LA CUMBRE,"2,009",1,76,VALLE DEL CAUCA,76377,Municipio,-76.56805,3.649268,
4599,LA CUMBRE,"2,011",1,76,VALLE DEL CAUCA,76377,Municipio,-76.56805,3.649268,
4600,LA CUMBRE,"2,013",1,76,VALLE DEL CAUCA,76377,Municipio,-76.56805,3.649268,
4601,LA CUMBRE,"2,015",1,76,VALLE DEL CAUCA,76377,Municipio,-76.56805,3.649268,
4602,LA CUMBRE,"2,017",1,76,VALLE DEL CAUCA,76377,Municipio,-76.56805,3.649268,
4603,LA CUMBRE,"2,019",1,76,VALLE DEL CAUCA,76377,Municipio,-76.56805,3.649268,
4604,LA DORADA,"1,985",3,17,CALDAS,17380,Municipio,-74.668819,5.460834,
4605,LA DORADA,"1,987",5,17,CALDAS,17380,Municipio,-74.668819,5.460834,
4606,LA DORADA,"1,988",1,17,CALDAS,17380,Municipio,-74.668819,5.460834,
4607,LA DORADA,"1,989",1,17,CALDAS,17380,Municipio,-74.668819,5.460834,
4608,LA DORADA,"1,991",3,17,CALDAS,17380,Municipio,-74.668819,5.460834,
4609,LA DORADA,"1,992",3,17,CALDAS,17380,Municipio,-74.668819,5.460834,
4610,LA DORADA,"1,993",2,17,CALDAS,17380,Municipio,-74.668819,5.460834,
4611,LA DORADA,"1,994",5,17,CALDAS,17380,Municipio,-74.668819,5.460834,
4612,LA DORADA,"1,995",1,17,CALDAS,17380,Municipio,-74.668819,5.460834,
4613,LA DORADA,"1,996",5,17,CALDAS,17380,Municipio,-74.668819,5.460834,
4614,LA DORADA,"1,997",4,17,CALDAS,17380,Municipio,-74.668819,5.460834,
4615,LA DORADA,"1,998",1,17,CALDAS,17380,Municipio,-74.668819,5.460834,
4616,LA DORADA,"1,999",3,17,CALDAS,17380,Municipio,-74.668819,5.460834,
4617,LA DORADA,"2,000",3,17,CALDAS,17380,Municipio,-74.668819,5.460834,
4618,LA DORADA,"2,001",6,17,CALDAS,17380,Municipio,-74.668819,5.460834,
4619,LA DORADA,"2,002",2,17,CALDAS,17380,Municipio,-74.668819,5.460834,
4620,LA DORADA,"2,003",4,17,CALDAS,17380,Municipio,-74.668819,5.460834,
4621,LA DORADA,"2,004",5,17,CALDAS,17380,Municipio,-74.668819,5.460834,
4622,LA DORADA,"2,005",5,17,CALDAS,17380,Municipio,-74.668819,5.460834,
4623,LA DORADA,"2,006",2,17,CALDAS,17380,Municipio,-74.668819,5.460834,
4624,LA DORADA,"2,007",5,17,CALDAS,17380,Municipio,-74.668819,5.460834,
4625,LA DORADA,"2,008",5,17,CALDAS,17380,Municipio,-74.668819,5.460834,
4626,LA DORADA,"2,009",7,17,CALDAS,17380,Municipio,-74.668819,5.460834,
4627,LA DORADA,"2,010",7,17,CALDAS,17380,Municipio,-74.668819,5.460834,
4628,LA DORADA,"2,011",6,17,CALDAS,17380,Municipio,-74.668819,5.460834,
4629,LA DORADA,"2,012",7,17,CALDAS,17380,Municipio,-74.668819,5.460834,
4630,LA DORADA,"2,013",4,17,CALDAS,17380,Municipio,-74.668819,5.460834,
4631,LA DORADA,"2,014",6,17,CALDAS,17380,Municipio,-74.668819,5.460834,
4632,LA DORADA,"2,015",2,17,CALDAS,17380,Municipio,-74.668819,5.460834,
4633,LA DORADA,"2,016",8,17,CALDAS,17380,Municipio,-74.668819,5.460834,
4634,LA DORADA,"2,017",4,17,CALDAS,17380,Municipio,-74.668819,5.460834,
4635,LA DORADA,"2,018",1,17,CALDAS,17380,Municipio,-74.668819,5.460834,
4636,LA DORADA,"2,019",1,17,CALDAS,17380,Municipio,-74.668819,5.460834,
4637,LA ESTRELLA,"1,986",2,5,ANTIOQUIA,5380,Municipio,-75.637708,6.145238,
4638,LA ESTRELLA,"1,987",1,5,ANTIOQUIA,5380,Municipio,-75.637708,6.145238,
4639,LA ESTRELLA,"1,988",1,5,ANTIOQUIA,5380,Municipio,-75.637708,6.145238,
4640,LA ESTRELLA,"1,990",1,5,ANTIOQUIA,5380,Municipio,-75.637708,6.145238,
4641,LA ESTRELLA,"1,992",2,5,ANTIOQUIA,5380,Municipio,-75.637708,6.145238,
4642,LA ESTRELLA,"1,993",1,5,ANTIOQUIA,5380,Municipio,-75.637708,6.145238,
4643,LA ESTRELLA,"1,994",1,5,ANTIOQUIA,5380,Municipio,-75.637708,6.145238,
4644,LA ESTRELLA,"1,995",1,5,ANTIOQUIA,5380,Municipio,-75.637708,6.145238,
4645,LA ESTRELLA,"1,996",2,5,ANTIOQUIA,5380,Municipio,-75.637708,6.145238,
4646,LA ESTRELLA,"1,998",1,5,ANTIOQUIA,5380,Municipio,-75.637708,6.145238,
4647,LA ESTRELLA,"1,999",1,5,ANTIOQUIA,5380,Municipio,-75.637708,6.145238,
4648,LA ESTRELLA,"2,000",4,5,ANTIOQUIA,5380,Municipio,-75.637708,6.145238,
4649,LA ESTRELLA,"2,001",3,5,ANTIOQUIA,5380,Municipio,-75.637708,6.145238,
4650,LA ESTRELLA,"2,002",1,5,ANTIOQUIA,5380,Municipio,-75.637708,6.145238,
4651,LA ESTRELLA,"2,003",1,5,ANTIOQUIA,5380,Municipio,-75.637708,6.145238,
4652,LA ESTRELLA,"2,004",3,5,ANTIOQUIA,5380,Municipio,-75.637708,6.145238,
4653,LA ESTRELLA,"2,005",1,5,ANTIOQUIA,5380,Municipio,-75.637708,6.145238,
4654,LA ESTRELLA,"2,007",2,5,ANTIOQUIA,5380,Municipio,-75.637708,6.145238,
4655,LA ESTRELLA,"2,008",3,5,ANTIOQUIA,5380,Municipio,-75.637708,6.145238,
4656,LA ESTRELLA,"2,010",5,5,ANTIOQUIA,5380,Municipio,-75.637708,6.145238,
4657,LA ESTRELLA,"2,011",4,5,ANTIOQUIA,5380,Municipio,-75.637708,6.145238,
4658,LA ESTRELLA,"2,012",1,5,ANTIOQUIA,5380,Municipio,-75.637708,6.145238,
4659,LA ESTRELLA,"2,015",2,5,ANTIOQUIA,5380,Municipio,-75.637708,6.145238,
4660,LA ESTRELLA,"2,016",1,5,ANTIOQUIA,5380,Municipio,-75.637708,6.145238,
4661,LA ESTRELLA,"2,018",1,5,ANTIOQUIA,5380,Municipio,-75.637708,6.145238,
4662,LA ESTRELLA,"2,019",2,5,ANTIOQUIA,5380,Municipio,-75.637708,6.145238,
4663,LA FLORIDA,"1,998",1,52,NARIÑO,52381,Municipio,-77.402882,1.29753,
4664,LA FLORIDA,"2,010",1,52,NARIÑO,52381,Municipio,-77.402882,1.29753,
4665,LA FLORIDA,"2,013",1,52,NARIÑO,52381,Municipio,-77.402882,1.29753,
4666,LA GLORIA,"1,985",1,20,CESAR,20383,Municipio,-73.80321,8.619298,
4667,LA GLORIA,"1,998",1,20,CESAR,20383,Municipio,-73.80321,8.619298,
4668,LA GLORIA,"2,001",1,20,CESAR,20383,Municipio,-73.80321,8.619298,
4669,LA GLORIA,"2,004",1,20,CESAR,20383,Municipio,-73.80321,8.619298,
4670,LA GLORIA,"2,008",1,20,CESAR,20383,Municipio,-73.80321,8.619298,
4671,LA GLORIA,"2,015",1,20,CESAR,20383,Municipio,-73.80321,8.619298,
4672,LA JAGUA DE IBIRICO,"2,004",2,20,CESAR,20400,Municipio,-73.334143,9.563752,
4673,LA JAGUA DE IBIRICO,"2,005",1,20,CESAR,20400,Municipio,-73.334143,9.563752,
4674,LA JAGUA DE IBIRICO,"2,011",1,20,CESAR,20400,Municipio,-73.334143,9.563752,
4675,LA JAGUA DE IBIRICO,"2,012",1,20,CESAR,20400,Municipio,-73.334143,9.563752,
4676,LA JAGUA DE IBIRICO,"2,017",1,20,CESAR,20400,Municipio,-73.334143,9.563752,
4677,LA JAGUA DE IBIRICO,"2,019",1,20,CESAR,20400,Municipio,-73.334143,9.563752,
4678,LA JAGUA DEL PILAR,"2,012",1,44,LA GUAJIRA,44420,Municipio,-73.072638,10.511862,
4679,LA JAGUA DEL PILAR,"2,014",1,44,LA GUAJIRA,44420,Municipio,-73.072638,10.511862,
4680,LA LLANADA,"2,016",1,52,NARIÑO,52385,Municipio,-77.58091,1.472892,
4681,LA MACARENA,"1,989",1,50,META,50350,Municipio,-73.78661,2.177143,
4682,LA MACARENA,"1,990",1,50,META,50350,Municipio,-73.78661,2.177143,
4683,LA MACARENA,"2,013",1,50,META,50350,Municipio,-73.78661,2.177143,
4684,LA MERCED,"1,993",2,17,CALDAS,17388,Municipio,-75.546486,5.39647,
4685,LA MERCED,"1,995",1,17,CALDAS,17388,Municipio,-75.546486,5.39647,
4686,LA MERCED,"1,997",2,17,CALDAS,17388,Municipio,-75.546486,5.39647,
4687,LA MERCED,"2,007",1,17,CALDAS,17388,Municipio,-75.546486,5.39647,
4688,LA MERCED,"2,008",1,17,CALDAS,17388,Municipio,-75.546486,5.39647,
4689,LA MERCED,"2,009",2,17,CALDAS,17388,Municipio,-75.546486,5.39647,
4690,LA MERCED,"2,012",1,17,CALDAS,17388,Municipio,-75.546486,5.39647,
4691,LA MERCED,"2,019",1,17,CALDAS,17388,Municipio,-75.546486,5.39647,
4692,LA MESA,"1,986",3,25,CUNDINAMARCA,25386,Municipio,-74.461588,4.631028,
4693,LA MESA,"1,987",3,25,CUNDINAMARCA,25386,Municipio,-74.461588,4.631028,
4694,LA MESA,"1,989",1,25,CUNDINAMARCA,25386,Municipio,-74.461588,4.631028,
4695,LA MESA,"1,990",2,25,CUNDINAMARCA,25386,Municipio,-74.461588,4.631028,
4696,LA MESA,"1,991",3,25,CUNDINAMARCA,25386,Municipio,-74.461588,4.631028,
4697,LA MESA,"1,992",1,25,CUNDINAMARCA,25386,Municipio,-74.461588,4.631028,
4698,LA MESA,"1,993",3,25,CUNDINAMARCA,25386,Municipio,-74.461588,4.631028,
4699,LA MESA,"1,995",1,25,CUNDINAMARCA,25386,Municipio,-74.461588,4.631028,
4700,LA MESA,"1,996",5,25,CUNDINAMARCA,25386,Municipio,-74.461588,4.631028,
4701,LA MESA,"1,999",1,25,CUNDINAMARCA,25386,Municipio,-74.461588,4.631028,
4702,LA MESA,"2,000",1,25,CUNDINAMARCA,25386,Municipio,-74.461588,4.631028,
4703,LA MESA,"2,005",1,25,CUNDINAMARCA,25386,Municipio,-74.461588,4.631028,
4704,LA MESA,"2,006",3,25,CUNDINAMARCA,25386,Municipio,-74.461588,4.631028,
4705,LA MESA,"2,007",2,25,CUNDINAMARCA,25386,Municipio,-74.461588,4.631028,
4706,LA MESA,"2,008",1,25,CUNDINAMARCA,25386,Municipio,-74.461588,4.631028,
4707,LA MESA,"2,009",4,25,CUNDINAMARCA,25386,Municipio,-74.461588,4.631028,
4708,LA MESA,"2,010",4,25,CUNDINAMARCA,25386,Municipio,-74.461588,4.631028,
4709,LA MESA,"2,011",2,25,CUNDINAMARCA,25386,Municipio,-74.461588,4.631028,
4710,LA MESA,"2,012",6,25,CUNDINAMARCA,25386,Municipio,-74.461588,4.631028,
4711,LA MESA,"2,013",2,25,CUNDINAMARCA,25386,Municipio,-74.461588,4.631028,
4712,LA MESA,"2,014",2,25,CUNDINAMARCA,25386,Municipio,-74.461588,4.631028,
4713,LA MESA,"2,015",4,25,CUNDINAMARCA,25386,Municipio,-74.461588,4.631028,
4714,LA MESA,"2,017",2,25,CUNDINAMARCA,25386,Municipio,-74.461588,4.631028,
4715,LA MESA,"2,018",2,25,CUNDINAMARCA,25386,Municipio,-74.461588,4.631028,
4716,LA MESA,"2,019",2,25,CUNDINAMARCA,25386,Municipio,-74.461588,4.631028,
4717,LA MONTAÑITA,"2,000",1,18,CAQUETÁ,18410,Municipio,-75.436408,1.479173,
4718,LA MONTAÑITA,"2,003",1,18,CAQUETÁ,18410,Municipio,-75.436408,1.479173,
4719,LA MONTAÑITA,"2,007",1,18,CAQUETÁ,18410,Municipio,-75.436408,1.479173,
4720,LA MONTAÑITA,"2,010",1,18,CAQUETÁ,18410,Municipio,-75.436408,1.479173,
4721,LA PALMA,"1,985",2,25,CUNDINAMARCA,25394,Municipio,-74.391022,5.358816,
4722,LA PALMA,"1,986",2,25,CUNDINAMARCA,25394,Municipio,-74.391022,5.358816,
4723,LA PALMA,"1,990",1,25,CUNDINAMARCA,25394,Municipio,-74.391022,5.358816,
4724,LA PALMA,"1,991",1,25,CUNDINAMARCA,25394,Municipio,-74.391022,5.358816,
4725,LA PALMA,"1,992",2,25,CUNDINAMARCA,25394,Municipio,-74.391022,5.358816,
4726,LA PALMA,"1,995",1,25,CUNDINAMARCA,25394,Municipio,-74.391022,5.358816,
4727,LA PALMA,"2,000",1,25,CUNDINAMARCA,25394,Municipio,-74.391022,5.358816,
4728,LA PALMA,"2,003",1,25,CUNDINAMARCA,25394,Municipio,-74.391022,5.358816,
4729,LA PALMA,"2,005",1,25,CUNDINAMARCA,25394,Municipio,-74.391022,5.358816,
4730,LA PALMA,"2,006",1,25,CUNDINAMARCA,25394,Municipio,-74.391022,5.358816,
4731,LA PALMA,"2,012",2,25,CUNDINAMARCA,25394,Municipio,-74.391022,5.358816,
4732,LA PAZ,"1,986",1,20,CESAR,20621,Municipio,-73.171365,10.387552,
4733,LA PAZ,"1,986",1,68,SANTANDER,68397,Municipio,-73.58959,6.178509,
4734,LA PAZ,"1,993",2,20,CESAR,20621,Municipio,-73.171365,10.387552,
4735,LA PAZ,"1,993",2,68,SANTANDER,68397,Municipio,-73.58959,6.178509,
4736,LA PAZ,"2,000",1,20,CESAR,20621,Municipio,-73.171365,10.387552,
4737,LA PAZ,"2,000",1,68,SANTANDER,68397,Municipio,-73.58959,6.178509,
4738,LA PAZ,"2,009",1,20,CESAR,20621,Municipio,-73.171365,10.387552,
4739,LA PAZ,"2,009",1,68,SANTANDER,68397,Municipio,-73.58959,6.178509,
4740,LA PAZ,"2,011",1,20,CESAR,20621,Municipio,-73.171365,10.387552,
4741,LA PAZ,"2,011",1,68,SANTANDER,68397,Municipio,-73.58959,6.178509,
4742,LA PAZ,"2,017",1,20,CESAR,20621,Municipio,-73.171365,10.387552,
4743,LA PAZ,"2,017",1,68,SANTANDER,68397,Municipio,-73.58959,6.178509,
4744,LA PEÑA,"1,993",1,25,CUNDINAMARCA,25398,Municipio,-74.394105,5.198945,
4745,LA PEÑA,"1,994",1,25,CUNDINAMARCA,25398,Municipio,-74.394105,5.198945,
4746,LA PEÑA,"1,997",1,25,CUNDINAMARCA,25398,Municipio,-74.394105,5.198945,
4747,LA PEÑA,"2,001",1,25,CUNDINAMARCA,25398,Municipio,-74.394105,5.198945,
4748,LA PEÑA,"2,010",1,25,CUNDINAMARCA,25398,Municipio,-74.394105,5.198945,
4749,LA PEÑA,"2,015",4,25,CUNDINAMARCA,25398,Municipio,-74.394105,5.198945,
4750,LA PEÑA,"2,019",1,25,CUNDINAMARCA,25398,Municipio,-74.394105,5.198945,
4751,LA PINTADA,"2,005",1,5,ANTIOQUIA,5390,Municipio,-75.60781,5.743808,
4752,LA PLATA,"1,985",1,41,HUILA,41396,Municipio,-75.891254,2.389263,
4753,LA PLATA,"1,986",1,41,HUILA,41396,Municipio,-75.891254,2.389263,
4754,LA PLATA,"1,989",1,41,HUILA,41396,Municipio,-75.891254,2.389263,
4755,LA PLATA,"1,991",1,41,HUILA,41396,Municipio,-75.891254,2.389263,
4756,LA PLATA,"1,993",1,41,HUILA,41396,Municipio,-75.891254,2.389263,
4757,LA PLATA,"1,994",1,41,HUILA,41396,Municipio,-75.891254,2.389263,
4758,LA PLATA,"1,995",1,41,HUILA,41396,Municipio,-75.891254,2.389263,
4759,LA PLATA,"1,997",2,41,HUILA,41396,Municipio,-75.891254,2.389263,
4760,LA PLATA,"1,999",1,41,HUILA,41396,Municipio,-75.891254,2.389263,
4761,LA PLATA,"2,004",1,41,HUILA,41396,Municipio,-75.891254,2.389263,
4762,LA PLATA,"2,005",1,41,HUILA,41396,Municipio,-75.891254,2.389263,
4763,LA PLATA,"2,007",1,41,HUILA,41396,Municipio,-75.891254,2.389263,
4764,LA PLATA,"2,009",1,41,HUILA,41396,Municipio,-75.891254,2.389263,
4765,LA PLATA,"2,011",1,41,HUILA,41396,Municipio,-75.891254,2.389263,
4766,LA PLATA,"2,012",2,41,HUILA,41396,Municipio,-75.891254,2.389263,
4767,LA PLATA,"2,014",2,41,HUILA,41396,Municipio,-75.891254,2.389263,
4768,LA PLATA,"2,015",4,41,HUILA,41396,Municipio,-75.891254,2.389263,
4769,LA PLATA,"2,016",3,41,HUILA,41396,Municipio,-75.891254,2.389263,
4770,LA PLATA,"2,017",1,41,HUILA,41396,Municipio,-75.891254,2.389263,
4771,LA PLATA,"2,018",2,41,HUILA,41396,Municipio,-75.891254,2.389263,
4772,LA PLATA,"2,019",3,41,HUILA,41396,Municipio,-75.891254,2.389263,
4773,LA PLAYA,"2,015",1,54,NORTE DE SANTANDER,54398,Municipio,-73.239986,8.21124,
4774,LA PRIMAVERA,"2,006",1,99,VICHADA,99524,Municipio,-70.410515,5.486309,
4775,LA PRIMAVERA,"2,007",1,99,VICHADA,99524,Municipio,-70.410515,5.486309,
4776,LA PRIMAVERA,"2,017",1,99,VICHADA,99524,Municipio,-70.410515,5.486309,
4777,LA SIERRA,"1,986",1,19,CAUCA,19392,Municipio,-76.763278,2.179383,
4778,LA TEBAIDA,"1,988",2,63,QUINDÍO,63401,Municipio,-75.786887,4.453755,
4779,LA TEBAIDA,"1,989",2,63,QUINDÍO,63401,Municipio,-75.786887,4.453755,
4780,LA TEBAIDA,"1,992",3,63,QUINDÍO,63401,Municipio,-75.786887,4.453755,
4781,LA TEBAIDA,"1,994",1,63,QUINDÍO,63401,Municipio,-75.786887,4.453755,
4782,LA TEBAIDA,"1,996",1,63,QUINDÍO,63401,Municipio,-75.786887,4.453755,
4783,LA TEBAIDA,"1,998",1,63,QUINDÍO,63401,Municipio,-75.786887,4.453755,
4784,LA TEBAIDA,"1,999",1,63,QUINDÍO,63401,Municipio,-75.786887,4.453755,
4785,LA TEBAIDA,"2,000",1,63,QUINDÍO,63401,Municipio,-75.786887,4.453755,
4786,LA TEBAIDA,"2,003",2,63,QUINDÍO,63401,Municipio,-75.786887,4.453755,
4787,LA TEBAIDA,"2,006",1,63,QUINDÍO,63401,Municipio,-75.786887,4.453755,
4788,LA TEBAIDA,"2,007",3,63,QUINDÍO,63401,Municipio,-75.786887,4.453755,
4789,LA TEBAIDA,"2,008",3,63,QUINDÍO,63401,Municipio,-75.786887,4.453755,
4790,LA TEBAIDA,"2,010",1,63,QUINDÍO,63401,Municipio,-75.786887,4.453755,
4791,LA TEBAIDA,"2,011",1,63,QUINDÍO,63401,Municipio,-75.786887,4.453755,
4792,LA TEBAIDA,"2,012",1,63,QUINDÍO,63401,Municipio,-75.786887,4.453755,
4793,LA TEBAIDA,"2,013",1,63,QUINDÍO,63401,Municipio,-75.786887,4.453755,
4794,LA TEBAIDA,"2,014",3,63,QUINDÍO,63401,Municipio,-75.786887,4.453755,
4795,LA TEBAIDA,"2,015",2,63,QUINDÍO,63401,Municipio,-75.786887,4.453755,
4796,LA TEBAIDA,"2,016",3,63,QUINDÍO,63401,Municipio,-75.786887,4.453755,
4797,LA TEBAIDA,"2,017",2,63,QUINDÍO,63401,Municipio,-75.786887,4.453755,
4798,LA UNIÓN,"1,985",1,5,ANTIOQUIA,5400,Municipio,-75.360874,5.973845,
4799,LA UNIÓN,"1,985",1,52,NARIÑO,52399,Municipio,-77.131316,1.600219,
4800,LA UNIÓN,"1,985",1,70,SUCRE,70400,Municipio,-75.276056,8.853975,
4801,LA UNIÓN,"1,985",1,76,VALLE DEL CAUCA,76400,Municipio,-76.099661,4.533869,
4802,LA UNIÓN,"1,986",1,5,ANTIOQUIA,5400,Municipio,-75.360874,5.973845,
4803,LA UNIÓN,"1,986",1,52,NARIÑO,52399,Municipio,-77.131316,1.600219,
4804,LA UNIÓN,"1,986",1,70,SUCRE,70400,Municipio,-75.276056,8.853975,
4805,LA UNIÓN,"1,986",1,76,VALLE DEL CAUCA,76400,Municipio,-76.099661,4.533869,
4806,LA UNIÓN,"1,987",2,5,ANTIOQUIA,5400,Municipio,-75.360874,5.973845,
4807,LA UNIÓN,"1,987",2,52,NARIÑO,52399,Municipio,-77.131316,1.600219,
4808,LA UNIÓN,"1,987",2,70,SUCRE,70400,Municipio,-75.276056,8.853975,
4809,LA UNIÓN,"1,987",2,76,VALLE DEL CAUCA,76400,Municipio,-76.099661,4.533869,
4810,LA UNIÓN,"1,988",1,5,ANTIOQUIA,5400,Municipio,-75.360874,5.973845,
4811,LA UNIÓN,"1,988",1,52,NARIÑO,52399,Municipio,-77.131316,1.600219,
4812,LA UNIÓN,"1,988",1,70,SUCRE,70400,Municipio,-75.276056,8.853975,
4813,LA UNIÓN,"1,988",1,76,VALLE DEL CAUCA,76400,Municipio,-76.099661,4.533869,
4814,LA UNIÓN,"1,989",2,5,ANTIOQUIA,5400,Municipio,-75.360874,5.973845,
4815,LA UNIÓN,"1,989",2,52,NARIÑO,52399,Municipio,-77.131316,1.600219,
4816,LA UNIÓN,"1,989",2,70,SUCRE,70400,Municipio,-75.276056,8.853975,
4817,LA UNIÓN,"1,989",2,76,VALLE DEL CAUCA,76400,Municipio,-76.099661,4.533869,
4818,LA UNIÓN,"1,990",2,5,ANTIOQUIA,5400,Municipio,-75.360874,5.973845,
4819,LA UNIÓN,"1,990",2,52,NARIÑO,52399,Municipio,-77.131316,1.600219,
4820,LA UNIÓN,"1,990",2,70,SUCRE,70400,Municipio,-75.276056,8.853975,
4821,LA UNIÓN,"1,990",2,76,VALLE DEL CAUCA,76400,Municipio,-76.099661,4.533869,
4822,LA UNIÓN,"1,991",3,5,ANTIOQUIA,5400,Municipio,-75.360874,5.973845,
4823,LA UNIÓN,"1,991",3,52,NARIÑO,52399,Municipio,-77.131316,1.600219,
4824,LA UNIÓN,"1,991",3,70,SUCRE,70400,Municipio,-75.276056,8.853975,
4825,LA UNIÓN,"1,991",3,76,VALLE DEL CAUCA,76400,Municipio,-76.099661,4.533869,
4826,LA UNIÓN,"1,992",1,5,ANTIOQUIA,5400,Municipio,-75.360874,5.973845,
4827,LA UNIÓN,"1,992",1,52,NARIÑO,52399,Municipio,-77.131316,1.600219,
4828,LA UNIÓN,"1,992",1,70,SUCRE,70400,Municipio,-75.276056,8.853975,
4829,LA UNIÓN,"1,992",1,76,VALLE DEL CAUCA,76400,Municipio,-76.099661,4.533869,
4830,LA UNIÓN,"1,993",2,5,ANTIOQUIA,5400,Municipio,-75.360874,5.973845,
4831,LA UNIÓN,"1,993",2,52,NARIÑO,52399,Municipio,-77.131316,1.600219,
4832,LA UNIÓN,"1,993",2,70,SUCRE,70400,Municipio,-75.276056,8.853975,
4833,LA UNIÓN,"1,993",2,76,VALLE DEL CAUCA,76400,Municipio,-76.099661,4.533869,
4834,LA UNIÓN,"1,994",1,5,ANTIOQUIA,5400,Municipio,-75.360874,5.973845,
4835,LA UNIÓN,"1,994",1,52,NARIÑO,52399,Municipio,-77.131316,1.600219,
4836,LA UNIÓN,"1,994",1,70,SUCRE,70400,Municipio,-75.276056,8.853975,
4837,LA UNIÓN,"1,994",1,76,VALLE DEL CAUCA,76400,Municipio,-76.099661,4.533869,
4838,LA UNIÓN,"1,995",5,5,ANTIOQUIA,5400,Municipio,-75.360874,5.973845,
4839,LA UNIÓN,"1,995",5,52,NARIÑO,52399,Municipio,-77.131316,1.600219,
4840,LA UNIÓN,"1,995",5,70,SUCRE,70400,Municipio,-75.276056,8.853975,
4841,LA UNIÓN,"1,995",5,76,VALLE DEL CAUCA,76400,Municipio,-76.099661,4.533869,
4842,LA UNIÓN,"1,996",4,5,ANTIOQUIA,5400,Municipio,-75.360874,5.973845,
4843,LA UNIÓN,"1,996",4,52,NARIÑO,52399,Municipio,-77.131316,1.600219,
4844,LA UNIÓN,"1,996",4,70,SUCRE,70400,Municipio,-75.276056,8.853975,
4845,LA UNIÓN,"1,996",4,76,VALLE DEL CAUCA,76400,Municipio,-76.099661,4.533869,
4846,LA UNIÓN,"1,997",3,5,ANTIOQUIA,5400,Municipio,-75.360874,5.973845,
4847,LA UNIÓN,"1,997",3,52,NARIÑO,52399,Municipio,-77.131316,1.600219,
4848,LA UNIÓN,"1,997",3,70,SUCRE,70400,Municipio,-75.276056,8.853975,
4849,LA UNIÓN,"1,997",3,76,VALLE DEL CAUCA,76400,Municipio,-76.099661,4.533869,
4850,LA UNIÓN,"1,998",5,5,ANTIOQUIA,5400,Municipio,-75.360874,5.973845,
4851,LA UNIÓN,"1,998",5,52,NARIÑO,52399,Municipio,-77.131316,1.600219,
4852,LA UNIÓN,"1,998",5,70,SUCRE,70400,Municipio,-75.276056,8.853975,
4853,LA UNIÓN,"1,998",5,76,VALLE DEL CAUCA,76400,Municipio,-76.099661,4.533869,
4854,LA UNIÓN,"1,999",1,5,ANTIOQUIA,5400,Municipio,-75.360874,5.973845,
4855,LA UNIÓN,"1,999",1,52,NARIÑO,52399,Municipio,-77.131316,1.600219,
4856,LA UNIÓN,"1,999",1,70,SUCRE,70400,Municipio,-75.276056,8.853975,
4857,LA UNIÓN,"1,999",1,76,VALLE DEL CAUCA,76400,Municipio,-76.099661,4.533869,
4858,LA UNIÓN,"2,000",1,5,ANTIOQUIA,5400,Municipio,-75.360874,5.973845,
4859,LA UNIÓN,"2,000",1,52,NARIÑO,52399,Municipio,-77.131316,1.600219,
4860,LA UNIÓN,"2,000",1,70,SUCRE,70400,Municipio,-75.276056,8.853975,
4861,LA UNIÓN,"2,000",1,76,VALLE DEL CAUCA,76400,Municipio,-76.099661,4.533869,
4862,LA UNIÓN,"2,001",4,5,ANTIOQUIA,5400,Municipio,-75.360874,5.973845,
4863,LA UNIÓN,"2,001",4,52,NARIÑO,52399,Municipio,-77.131316,1.600219,
4864,LA UNIÓN,"2,001",4,70,SUCRE,70400,Municipio,-75.276056,8.853975,
4865,LA UNIÓN,"2,001",4,76,VALLE DEL CAUCA,76400,Municipio,-76.099661,4.533869,
4866,LA UNIÓN,"2,002",2,5,ANTIOQUIA,5400,Municipio,-75.360874,5.973845,
4867,LA UNIÓN,"2,002",2,52,NARIÑO,52399,Municipio,-77.131316,1.600219,
4868,LA UNIÓN,"2,002",2,70,SUCRE,70400,Municipio,-75.276056,8.853975,
4869,LA UNIÓN,"2,002",2,76,VALLE DEL CAUCA,76400,Municipio,-76.099661,4.533869,
4870,LA UNIÓN,"2,003",5,5,ANTIOQUIA,5400,Municipio,-75.360874,5.973845,
4871,LA UNIÓN,"2,003",5,52,NARIÑO,52399,Municipio,-77.131316,1.600219,
4872,LA UNIÓN,"2,003",5,70,SUCRE,70400,Municipio,-75.276056,8.853975,
4873,LA UNIÓN,"2,003",5,76,VALLE DEL CAUCA,76400,Municipio,-76.099661,4.533869,
4874,LA UNIÓN,"2,004",3,5,ANTIOQUIA,5400,Municipio,-75.360874,5.973845,
4875,LA UNIÓN,"2,004",3,52,NARIÑO,52399,Municipio,-77.131316,1.600219,
4876,LA UNIÓN,"2,004",3,70,SUCRE,70400,Municipio,-75.276056,8.853975,
4877,LA UNIÓN,"2,004",3,76,VALLE DEL CAUCA,76400,Municipio,-76.099661,4.533869,
4878,LA UNIÓN,"2,005",4,5,ANTIOQUIA,5400,Municipio,-75.360874,5.973845,
4879,LA UNIÓN,"2,005",4,52,NARIÑO,52399,Municipio,-77.131316,1.600219,
4880,LA UNIÓN,"2,005",4,70,SUCRE,70400,Municipio,-75.276056,8.853975,
4881,LA UNIÓN,"2,005",4,76,VALLE DEL CAUCA,76400,Municipio,-76.099661,4.533869,
4882,LA UNIÓN,"2,006",4,5,ANTIOQUIA,5400,Municipio,-75.360874,5.973845,
4883,LA UNIÓN,"2,006",4,52,NARIÑO,52399,Municipio,-77.131316,1.600219,
4884,LA UNIÓN,"2,006",4,70,SUCRE,70400,Municipio,-75.276056,8.853975,
4885,LA UNIÓN,"2,006",4,76,VALLE DEL CAUCA,76400,Municipio,-76.099661,4.533869,
4886,LA UNIÓN,"2,008",3,5,ANTIOQUIA,5400,Municipio,-75.360874,5.973845,
4887,LA UNIÓN,"2,008",3,52,NARIÑO,52399,Municipio,-77.131316,1.600219,
4888,LA UNIÓN,"2,008",3,70,SUCRE,70400,Municipio,-75.276056,8.853975,
4889,LA UNIÓN,"2,008",3,76,VALLE DEL CAUCA,76400,Municipio,-76.099661,4.533869,
4890,LA UNIÓN,"2,009",4,5,ANTIOQUIA,5400,Municipio,-75.360874,5.973845,
4891,LA UNIÓN,"2,009",4,52,NARIÑO,52399,Municipio,-77.131316,1.600219,
4892,LA UNIÓN,"2,009",4,70,SUCRE,70400,Municipio,-75.276056,8.853975,
4893,LA UNIÓN,"2,009",4,76,VALLE DEL CAUCA,76400,Municipio,-76.099661,4.533869,
4894,LA UNIÓN,"2,010",3,5,ANTIOQUIA,5400,Municipio,-75.360874,5.973845,
4895,LA UNIÓN,"2,010",3,52,NARIÑO,52399,Municipio,-77.131316,1.600219,
4896,LA UNIÓN,"2,010",3,70,SUCRE,70400,Municipio,-75.276056,8.853975,
4897,LA UNIÓN,"2,010",3,76,VALLE DEL CAUCA,76400,Municipio,-76.099661,4.533869,
4898,LA UNIÓN,"2,011",8,5,ANTIOQUIA,5400,Municipio,-75.360874,5.973845,
4899,LA UNIÓN,"2,011",8,52,NARIÑO,52399,Municipio,-77.131316,1.600219,
4900,LA UNIÓN,"2,011",8,70,SUCRE,70400,Municipio,-75.276056,8.853975,
4901,LA UNIÓN,"2,011",8,76,VALLE DEL CAUCA,76400,Municipio,-76.099661,4.533869,
4902,LA UNIÓN,"2,012",4,5,ANTIOQUIA,5400,Municipio,-75.360874,5.973845,
4903,LA UNIÓN,"2,012",4,52,NARIÑO,52399,Municipio,-77.131316,1.600219,
4904,LA UNIÓN,"2,012",4,70,SUCRE,70400,Municipio,-75.276056,8.853975,
4905,LA UNIÓN,"2,012",4,76,VALLE DEL CAUCA,76400,Municipio,-76.099661,4.533869,
4906,LA UNIÓN,"2,013",4,5,ANTIOQUIA,5400,Municipio,-75.360874,5.973845,
4907,LA UNIÓN,"2,013",4,52,NARIÑO,52399,Municipio,-77.131316,1.600219,
4908,LA UNIÓN,"2,013",4,70,SUCRE,70400,Municipio,-75.276056,8.853975,
4909,LA UNIÓN,"2,013",4,76,VALLE DEL CAUCA,76400,Municipio,-76.099661,4.533869,
4910,LA UNIÓN,"2,014",3,5,ANTIOQUIA,5400,Municipio,-75.360874,5.973845,
4911,LA UNIÓN,"2,014",3,52,NARIÑO,52399,Municipio,-77.131316,1.600219,
4912,LA UNIÓN,"2,014",3,70,SUCRE,70400,Municipio,-75.276056,8.853975,
4913,LA UNIÓN,"2,014",3,76,VALLE DEL CAUCA,76400,Municipio,-76.099661,4.533869,
4914,LA UNIÓN,"2,015",5,5,ANTIOQUIA,5400,Municipio,-75.360874,5.973845,
4915,LA UNIÓN,"2,015",5,52,NARIÑO,52399,Municipio,-77.131316,1.600219,
4916,LA UNIÓN,"2,015",5,70,SUCRE,70400,Municipio,-75.276056,8.853975,
4917,LA UNIÓN,"2,015",5,76,VALLE DEL CAUCA,76400,Municipio,-76.099661,4.533869,
4918,LA UNIÓN,"2,016",5,5,ANTIOQUIA,5400,Municipio,-75.360874,5.973845,
4919,LA UNIÓN,"2,016",5,52,NARIÑO,52399,Municipio,-77.131316,1.600219,
4920,LA UNIÓN,"2,016",5,70,SUCRE,70400,Municipio,-75.276056,8.853975,
4921,LA UNIÓN,"2,016",5,76,VALLE DEL CAUCA,76400,Municipio,-76.099661,4.533869,
4922,LA UNIÓN,"2,017",6,5,ANTIOQUIA,5400,Municipio,-75.360874,5.973845,
4923,LA UNIÓN,"2,017",6,52,NARIÑO,52399,Municipio,-77.131316,1.600219,
4924,LA UNIÓN,"2,017",6,70,SUCRE,70400,Municipio,-75.276056,8.853975,
4925,LA UNIÓN,"2,017",6,76,VALLE DEL CAUCA,76400,Municipio,-76.099661,4.533869,
4926,LA UNIÓN,"2,018",5,5,ANTIOQUIA,5400,Municipio,-75.360874,5.973845,
4927,LA UNIÓN,"2,018",5,52,NARIÑO,52399,Municipio,-77.131316,1.600219,
4928,LA UNIÓN,"2,018",5,70,SUCRE,70400,Municipio,-75.276056,8.853975,
4929,LA UNIÓN,"2,018",5,76,VALLE DEL CAUCA,76400,Municipio,-76.099661,4.533869,
4930,LA UNIÓN,"2,019",5,5,ANTIOQUIA,5400,Municipio,-75.360874,5.973845,
4931,LA UNIÓN,"2,019",5,52,NARIÑO,52399,Municipio,-77.131316,1.600219,
4932,LA UNIÓN,"2,019",5,70,SUCRE,70400,Municipio,-75.276056,8.853975,
4933,LA UNIÓN,"2,019",5,76,VALLE DEL CAUCA,76400,Municipio,-76.099661,4.533869,
4934,LA UVITA,"2,007",1,15,BOYACÁ,15403,Municipio,-72.559982,6.31616,
4935,LA VEGA,"1,986",1,19,CAUCA,19397,Municipio,-76.778771,2.001803,
4936,LA VEGA,"1,986",1,25,CUNDINAMARCA,25402,Municipio,-74.336885,4.997768,
4937,LA VEGA,"1,992",1,19,CAUCA,19397,Municipio,-76.778771,2.001803,
4938,LA VEGA,"1,992",1,25,CUNDINAMARCA,25402,Municipio,-74.336885,4.997768,
4939,LA VEGA,"1,993",1,19,CAUCA,19397,Municipio,-76.778771,2.001803,
4940,LA VEGA,"1,993",1,25,CUNDINAMARCA,25402,Municipio,-74.336885,4.997768,
4941,LA VEGA,"1,996",1,19,CAUCA,19397,Municipio,-76.778771,2.001803,
4942,LA VEGA,"1,996",1,25,CUNDINAMARCA,25402,Municipio,-74.336885,4.997768,
4943,LA VEGA,"1,997",1,19,CAUCA,19397,Municipio,-76.778771,2.001803,
4944,LA VEGA,"1,997",1,25,CUNDINAMARCA,25402,Municipio,-74.336885,4.997768,
4945,LA VEGA,"1,998",1,19,CAUCA,19397,Municipio,-76.778771,2.001803,
4946,LA VEGA,"1,998",1,25,CUNDINAMARCA,25402,Municipio,-74.336885,4.997768,
4947,LA VEGA,"2,000",2,19,CAUCA,19397,Municipio,-76.778771,2.001803,
4948,LA VEGA,"2,000",2,25,CUNDINAMARCA,25402,Municipio,-74.336885,4.997768,
4949,LA VEGA,"2,004",2,19,CAUCA,19397,Municipio,-76.778771,2.001803,
4950,LA VEGA,"2,004",2,25,CUNDINAMARCA,25402,Municipio,-74.336885,4.997768,
4951,LA VEGA,"2,008",1,19,CAUCA,19397,Municipio,-76.778771,2.001803,
4952,LA VEGA,"2,008",1,25,CUNDINAMARCA,25402,Municipio,-74.336885,4.997768,
4953,LA VEGA,"2,009",1,19,CAUCA,19397,Municipio,-76.778771,2.001803,
4954,LA VEGA,"2,009",1,25,CUNDINAMARCA,25402,Municipio,-74.336885,4.997768,
4955,LA VEGA,"2,010",1,19,CAUCA,19397,Municipio,-76.778771,2.001803,
4956,LA VEGA,"2,010",1,25,CUNDINAMARCA,25402,Municipio,-74.336885,4.997768,
4957,LA VEGA,"2,011",1,19,CAUCA,19397,Municipio,-76.778771,2.001803,
4958,LA VEGA,"2,011",1,25,CUNDINAMARCA,25402,Municipio,-74.336885,4.997768,
4959,LA VEGA,"2,012",1,19,CAUCA,19397,Municipio,-76.778771,2.001803,
4960,LA VEGA,"2,012",1,25,CUNDINAMARCA,25402,Municipio,-74.336885,4.997768,
4961,LA VEGA,"2,013",3,19,CAUCA,19397,Municipio,-76.778771,2.001803,
4962,LA VEGA,"2,013",3,25,CUNDINAMARCA,25402,Municipio,-74.336885,4.997768,
4963,LA VEGA,"2,014",1,19,CAUCA,19397,Municipio,-76.778771,2.001803,
4964,LA VEGA,"2,014",1,25,CUNDINAMARCA,25402,Municipio,-74.336885,4.997768,
4965,LA VEGA,"2,016",1,19,CAUCA,19397,Municipio,-76.778771,2.001803,
4966,LA VEGA,"2,016",1,25,CUNDINAMARCA,25402,Municipio,-74.336885,4.997768,
4967,LA VEGA,"2,018",1,19,CAUCA,19397,Municipio,-76.778771,2.001803,
4968,LA VEGA,"2,018",1,25,CUNDINAMARCA,25402,Municipio,-74.336885,4.997768,
4969,LA VEGA,"2,019",1,19,CAUCA,19397,Municipio,-76.778771,2.001803,
4970,LA VEGA,"2,019",1,25,CUNDINAMARCA,25402,Municipio,-74.336885,4.997768,
4971,LA VICTORIA,"1,985",1,15,BOYACÁ,15401,Municipio,-74.234393,5.523792,
4972,LA VICTORIA,"1,985",1,76,VALLE DEL CAUCA,76403,Municipio,-76.036529,4.523603,
4973,LA VICTORIA,"1,985",1,91,AMAZONAS,91430,Área no municipalizada,-71.223208,0.054936,
4974,LA VICTORIA,"1,988",1,15,BOYACÁ,15401,Municipio,-74.234393,5.523792,
4975,LA VICTORIA,"1,988",1,76,VALLE DEL CAUCA,76403,Municipio,-76.036529,4.523603,
4976,LA VICTORIA,"1,988",1,91,AMAZONAS,91430,Área no municipalizada,-71.223208,0.054936,
4977,LA VICTORIA,"1,990",1,15,BOYACÁ,15401,Municipio,-74.234393,5.523792,
4978,LA VICTORIA,"1,990",1,76,VALLE DEL CAUCA,76403,Municipio,-76.036529,4.523603,
4979,LA VICTORIA,"1,990",1,91,AMAZONAS,91430,Área no municipalizada,-71.223208,0.054936,
4980,LA VICTORIA,"1,991",1,15,BOYACÁ,15401,Municipio,-74.234393,5.523792,
4981,LA VICTORIA,"1,991",1,76,VALLE DEL CAUCA,76403,Municipio,-76.036529,4.523603,
4982,LA VICTORIA,"1,991",1,91,AMAZONAS,91430,Área no municipalizada,-71.223208,0.054936,
4983,LA VICTORIA,"1,995",1,15,BOYACÁ,15401,Municipio,-74.234393,5.523792,
4984,LA VICTORIA,"1,995",1,76,VALLE DEL CAUCA,76403,Municipio,-76.036529,4.523603,
4985,LA VICTORIA,"1,995",1,91,AMAZONAS,91430,Área no municipalizada,-71.223208,0.054936,
4986,LA VICTORIA,"1,996",1,15,BOYACÁ,15401,Municipio,-74.234393,5.523792,
4987,LA VICTORIA,"1,996",1,76,VALLE DEL CAUCA,76403,Municipio,-76.036529,4.523603,
4988,LA VICTORIA,"1,996",1,91,AMAZONAS,91430,Área no municipalizada,-71.223208,0.054936,
4989,LA VICTORIA,"2,000",1,15,BOYACÁ,15401,Municipio,-74.234393,5.523792,
4990,LA VICTORIA,"2,000",1,76,VALLE DEL CAUCA,76403,Municipio,-76.036529,4.523603,
4991,LA VICTORIA,"2,000",1,91,AMAZONAS,91430,Área no municipalizada,-71.223208,0.054936,
4992,LA VICTORIA,"2,003",1,15,BOYACÁ,15401,Municipio,-74.234393,5.523792,
4993,LA VICTORIA,"2,003",1,76,VALLE DEL CAUCA,76403,Municipio,-76.036529,4.523603,
4994,LA VICTORIA,"2,003",1,91,AMAZONAS,91430,Área no municipalizada,-71.223208,0.054936,
4995,LA VICTORIA,"2,008",2,15,BOYACÁ,15401,Municipio,-74.234393,5.523792,
4996,LA VICTORIA,"2,008",2,76,VALLE DEL CAUCA,76403,Municipio,-76.036529,4.523603,
4997,LA VICTORIA,"2,008",2,91,AMAZONAS,91430,Área no municipalizada,-71.223208,0.054936,
4998,LA VICTORIA,"2,009",2,15,BOYACÁ,15401,Municipio,-74.234393,5.523792,
4999,LA VICTORIA,"2,009",2,76,VALLE DEL CAUCA,76403,Municipio,-76.036529,4.523603,
5000,LA VICTORIA,"2,009",2,91,AMAZONAS,91430,Área no municipalizada,-71.223208,0.054936,
5001,LA VICTORIA,"2,013",1,15,BOYACÁ,15401,Municipio,-74.234393,5.523792,
5002,LA VICTORIA,"2,013",1,76,VALLE DEL CAUCA,76403,Municipio,-76.036529,4.523603,
5003,LA VICTORIA,"2,013",1,91,AMAZONAS,91430,Área no municipalizada,-71.223208,0.054936,
5004,LA VICTORIA,"2,015",1,15,BOYACÁ,15401,Municipio,-74.234393,5.523792,
5005,LA VICTORIA,"2,015",1,76,VALLE DEL CAUCA,76403,Municipio,-76.036529,4.523603,
5006,LA VICTORIA,"2,015",1,91,AMAZONAS,91430,Área no municipalizada,-71.223208,0.054936,
5007,LA VICTORIA,"2,016",1,15,BOYACÁ,15401,Municipio,-74.234393,5.523792,
5008,LA VICTORIA,"2,016",1,76,VALLE DEL CAUCA,76403,Municipio,-76.036529,4.523603,
5009,LA VICTORIA,"2,016",1,91,AMAZONAS,91430,Área no municipalizada,-71.223208,0.054936,
5010,LA VICTORIA,"2,017",1,15,BOYACÁ,15401,Municipio,-74.234393,5.523792,
5011,LA VICTORIA,"2,017",1,76,VALLE DEL CAUCA,76403,Municipio,-76.036529,4.523603,
5012,LA VICTORIA,"2,017",1,91,AMAZONAS,91430,Área no municipalizada,-71.223208,0.054936,
5013,LA VICTORIA,"2,018",3,15,BOYACÁ,15401,Municipio,-74.234393,5.523792,
5014,LA VICTORIA,"2,018",3,76,VALLE DEL CAUCA,76403,Municipio,-76.036529,4.523603,
5015,LA VICTORIA,"2,018",3,91,AMAZONAS,91430,Área no municipalizada,-71.223208,0.054936,
5016,LA VIRGINIA,"1,985",2,66,RISARALDA,66400,Municipio,-75.880394,4.896624,
5017,LA VIRGINIA,"1,986",2,66,RISARALDA,66400,Municipio,-75.880394,4.896624,
5018,LA VIRGINIA,"1,988",1,66,RISARALDA,66400,Municipio,-75.880394,4.896624,
5019,LA VIRGINIA,"1,989",1,66,RISARALDA,66400,Municipio,-75.880394,4.896624,
5020,LA VIRGINIA,"1,990",2,66,RISARALDA,66400,Municipio,-75.880394,4.896624,
5021,LA VIRGINIA,"1,991",1,66,RISARALDA,66400,Municipio,-75.880394,4.896624,
5022,LA VIRGINIA,"1,992",1,66,RISARALDA,66400,Municipio,-75.880394,4.896624,
5023,LA VIRGINIA,"1,993",3,66,RISARALDA,66400,Municipio,-75.880394,4.896624,
5024,LA VIRGINIA,"1,996",3,66,RISARALDA,66400,Municipio,-75.880394,4.896624,
5025,LA VIRGINIA,"1,997",1,66,RISARALDA,66400,Municipio,-75.880394,4.896624,
5026,LA VIRGINIA,"1,998",2,66,RISARALDA,66400,Municipio,-75.880394,4.896624,
5027,LA VIRGINIA,"1,999",1,66,RISARALDA,66400,Municipio,-75.880394,4.896624,
5028,LA VIRGINIA,"2,000",2,66,RISARALDA,66400,Municipio,-75.880394,4.896624,
5029,LA VIRGINIA,"2,001",1,66,RISARALDA,66400,Municipio,-75.880394,4.896624,
5030,LA VIRGINIA,"2,002",2,66,RISARALDA,66400,Municipio,-75.880394,4.896624,
5031,LA VIRGINIA,"2,003",1,66,RISARALDA,66400,Municipio,-75.880394,4.896624,
5032,LA VIRGINIA,"2,004",1,66,RISARALDA,66400,Municipio,-75.880394,4.896624,
5033,LA VIRGINIA,"2,005",1,66,RISARALDA,66400,Municipio,-75.880394,4.896624,
5034,LA VIRGINIA,"2,006",3,66,RISARALDA,66400,Municipio,-75.880394,4.896624,
5035,LA VIRGINIA,"2,007",3,66,RISARALDA,66400,Municipio,-75.880394,4.896624,
5036,LA VIRGINIA,"2,008",2,66,RISARALDA,66400,Municipio,-75.880394,4.896624,
5037,LA VIRGINIA,"2,010",3,66,RISARALDA,66400,Municipio,-75.880394,4.896624,
5038,LA VIRGINIA,"2,011",2,66,RISARALDA,66400,Municipio,-75.880394,4.896624,
5039,LA VIRGINIA,"2,012",1,66,RISARALDA,66400,Municipio,-75.880394,4.896624,
5040,LA VIRGINIA,"2,013",2,66,RISARALDA,66400,Municipio,-75.880394,4.896624,
5041,LA VIRGINIA,"2,014",3,66,RISARALDA,66400,Municipio,-75.880394,4.896624,
5042,LA VIRGINIA,"2,015",5,66,RISARALDA,66400,Municipio,-75.880394,4.896624,
5043,LA VIRGINIA,"2,016",4,66,RISARALDA,66400,Municipio,-75.880394,4.896624,
5044,LA VIRGINIA,"2,017",2,66,RISARALDA,66400,Municipio,-75.880394,4.896624,
5045,LA VIRGINIA,"2,018",1,66,RISARALDA,66400,Municipio,-75.880394,4.896624,
5046,LA VIRGINIA,"2,019",1,66,RISARALDA,66400,Municipio,-75.880394,4.896624,
5047,LABATECA,"1,998",1,54,NORTE DE SANTANDER,54377,Municipio,-72.495983,7.298414,
5048,LABATECA,"2,003",1,54,NORTE DE SANTANDER,54377,Municipio,-72.495983,7.298414,
5049,LABATECA,"2,004",1,54,NORTE DE SANTANDER,54377,Municipio,-72.495983,7.298414,
5050,LABATECA,"2,010",1,54,NORTE DE SANTANDER,54377,Municipio,-72.495983,7.298414,
5051,LABATECA,"2,011",1,54,NORTE DE SANTANDER,54377,Municipio,-72.495983,7.298414,
5052,LABRANZAGRANDE,"2,013",1,15,BOYACÁ,15377,Municipio,-72.57777,5.562687,
5053,LABRANZAGRANDE,"2,018",1,15,BOYACÁ,15377,Municipio,-72.57777,5.562687,
5054,LABRANZAGRANDE,"2,019",1,15,BOYACÁ,15377,Municipio,-72.57777,5.562687,
5055,LANDÁZURI,"1,994",1,68,SANTANDER,68385,Municipio,-73.811359,6.218812,
5056,LANDÁZURI,"1,997",1,68,SANTANDER,68385,Municipio,-73.811359,6.218812,
5057,LANDÁZURI,"2,014",1,68,SANTANDER,68385,Municipio,-73.811359,6.218812,
5058,LANDÁZURI,"2,016",1,68,SANTANDER,68385,Municipio,-73.811359,6.218812,
5059,LEBRIJA,"1,992",1,68,SANTANDER,68406,Municipio,-73.219524,7.113351,
5060,LEBRIJA,"1,993",1,68,SANTANDER,68406,Municipio,-73.219524,7.113351,
5061,LEBRIJA,"1,995",1,68,SANTANDER,68406,Municipio,-73.219524,7.113351,
5062,LEBRIJA,"2,001",1,68,SANTANDER,68406,Municipio,-73.219524,7.113351,
5063,LEBRIJA,"2,004",1,68,SANTANDER,68406,Municipio,-73.219524,7.113351,
5064,LEBRIJA,"2,005",2,68,SANTANDER,68406,Municipio,-73.219524,7.113351,
5065,LEBRIJA,"2,006",1,68,SANTANDER,68406,Municipio,-73.219524,7.113351,
5066,LEBRIJA,"2,010",2,68,SANTANDER,68406,Municipio,-73.219524,7.113351,
5067,LEBRIJA,"2,013",1,68,SANTANDER,68406,Municipio,-73.219524,7.113351,
5068,LEBRIJA,"2,014",2,68,SANTANDER,68406,Municipio,-73.219524,7.113351,
5069,LEBRIJA,"2,017",1,68,SANTANDER,68406,Municipio,-73.219524,7.113351,
5070,LEBRIJA,"2,018",1,68,SANTANDER,68406,Municipio,-73.219524,7.113351,
5071,LEBRIJA,"2,019",1,68,SANTANDER,68406,Municipio,-73.219524,7.113351,
5072,LEJANÍAS,"1,990",1,50,META,50400,Municipio,-74.023514,3.525115,
5073,LEJANÍAS,"2,006",1,50,META,50400,Municipio,-74.023514,3.525115,
5074,LEJANÍAS,"2,007",2,50,META,50400,Municipio,-74.023514,3.525115,
5075,LEJANÍAS,"2,009",1,50,META,50400,Municipio,-74.023514,3.525115,
5076,LEJANÍAS,"2,013",1,50,META,50400,Municipio,-74.023514,3.525115,
5077,LEJANÍAS,"2,017",1,50,META,50400,Municipio,-74.023514,3.525115,
5078,LENGUAZAQUE,"1,986",1,25,CUNDINAMARCA,25407,Municipio,-73.711512,5.306131,
5079,LENGUAZAQUE,"1,989",1,25,CUNDINAMARCA,25407,Municipio,-73.711512,5.306131,
5080,LENGUAZAQUE,"1,993",1,25,CUNDINAMARCA,25407,Municipio,-73.711512,5.306131,
5081,LENGUAZAQUE,"1,995",2,25,CUNDINAMARCA,25407,Municipio,-73.711512,5.306131,
5082,LENGUAZAQUE,"1,998",1,25,CUNDINAMARCA,25407,Municipio,-73.711512,5.306131,
5083,LENGUAZAQUE,"2,012",1,25,CUNDINAMARCA,25407,Municipio,-73.711512,5.306131,
5084,LENGUAZAQUE,"2,013",2,25,CUNDINAMARCA,25407,Municipio,-73.711512,5.306131,
5085,LENGUAZAQUE,"2,014",1,25,CUNDINAMARCA,25407,Municipio,-73.711512,5.306131,
5086,LETICIA,"1,985",1,91,AMAZONAS,91001,Municipio,-69.941721,-4.19895,
5087,LETICIA,"1,989",1,91,AMAZONAS,91001,Municipio,-69.941721,-4.19895,
5088,LETICIA,"1,993",1,91,AMAZONAS,91001,Municipio,-69.941721,-4.19895,
5089,LETICIA,"1,995",1,91,AMAZONAS,91001,Municipio,-69.941721,-4.19895,
5090,LETICIA,"2,002",1,91,AMAZONAS,91001,Municipio,-69.941721,-4.19895,
5091,LETICIA,"2,003",1,91,AMAZONAS,91001,Municipio,-69.941721,-4.19895,
5092,LETICIA,"2,004",2,91,AMAZONAS,91001,Municipio,-69.941721,-4.19895,
5093,LETICIA,"2,007",1,91,AMAZONAS,91001,Municipio,-69.941721,-4.19895,
5094,LETICIA,"2,009",2,91,AMAZONAS,91001,Municipio,-69.941721,-4.19895,
5095,LETICIA,"2,010",1,91,AMAZONAS,91001,Municipio,-69.941721,-4.19895,
5096,LETICIA,"2,011",1,91,AMAZONAS,91001,Municipio,-69.941721,-4.19895,
5097,LETICIA,"2,013",1,91,AMAZONAS,91001,Municipio,-69.941721,-4.19895,
5098,LETICIA,"2,014",1,91,AMAZONAS,91001,Municipio,-69.941721,-4.19895,
5099,LETICIA,"2,015",1,91,AMAZONAS,91001,Municipio,-69.941721,-4.19895,
5100,LETICIA,"2,016",1,91,AMAZONAS,91001,Municipio,-69.941721,-4.19895,
5101,LETICIA,"2,019",3,91,AMAZONAS,91001,Municipio,-69.941721,-4.19895,
5102,LIBORINA,"2,001",1,5,ANTIOQUIA,5411,Municipio,-75.812838,6.677316,
5103,LIBORINA,"2,010",1,5,ANTIOQUIA,5411,Municipio,-75.812838,6.677316,
5104,LIBORINA,"2,011",2,5,ANTIOQUIA,5411,Municipio,-75.812838,6.677316,
5105,LIBORINA,"2,012",1,5,ANTIOQUIA,5411,Municipio,-75.812838,6.677316,
5106,LIBORINA,"2,013",1,5,ANTIOQUIA,5411,Municipio,-75.812838,6.677316,
5107,LINARES,"2,012",2,52,NARIÑO,52411,Municipio,-77.523953,1.350814,
5108,LINARES,"2,015",2,52,NARIÑO,52411,Municipio,-77.523953,1.350814,
5109,LORICA,"1,986",2,23,CÓRDOBA,23417,Municipio,-75.816084,9.240789,
5110,LORICA,"1,987",1,23,CÓRDOBA,23417,Municipio,-75.816084,9.240789,
5111,LORICA,"1,988",1,23,CÓRDOBA,23417,Municipio,-75.816084,9.240789,
5112,LORICA,"1,989",1,23,CÓRDOBA,23417,Municipio,-75.816084,9.240789,
5113,LORICA,"1,991",1,23,CÓRDOBA,23417,Municipio,-75.816084,9.240789,
5114,LORICA,"1,993",2,23,CÓRDOBA,23417,Municipio,-75.816084,9.240789,
5115,LORICA,"1,994",1,23,CÓRDOBA,23417,Municipio,-75.816084,9.240789,
5116,LORICA,"1,998",1,23,CÓRDOBA,23417,Municipio,-75.816084,9.240789,
5117,LORICA,"1,999",1,23,CÓRDOBA,23417,Municipio,-75.816084,9.240789,
5118,LORICA,"2,002",2,23,CÓRDOBA,23417,Municipio,-75.816084,9.240789,
5119,LORICA,"2,004",2,23,CÓRDOBA,23417,Municipio,-75.816084,9.240789,
5120,LORICA,"2,005",1,23,CÓRDOBA,23417,Municipio,-75.816084,9.240789,
5121,LORICA,"2,008",1,23,CÓRDOBA,23417,Municipio,-75.816084,9.240789,
5122,LORICA,"2,009",6,23,CÓRDOBA,23417,Municipio,-75.816084,9.240789,
5123,LORICA,"2,010",2,23,CÓRDOBA,23417,Municipio,-75.816084,9.240789,
5124,LORICA,"2,011",2,23,CÓRDOBA,23417,Municipio,-75.816084,9.240789,
5125,LORICA,"2,012",3,23,CÓRDOBA,23417,Municipio,-75.816084,9.240789,
5126,LORICA,"2,013",1,23,CÓRDOBA,23417,Municipio,-75.816084,9.240789,
5127,LORICA,"2,014",2,23,CÓRDOBA,23417,Municipio,-75.816084,9.240789,
5128,LORICA,"2,015",1,23,CÓRDOBA,23417,Municipio,-75.816084,9.240789,
5129,LORICA,"2,016",3,23,CÓRDOBA,23417,Municipio,-75.816084,9.240789,
5130,LORICA,"2,017",6,23,CÓRDOBA,23417,Municipio,-75.816084,9.240789,
5131,LORICA,"2,018",3,23,CÓRDOBA,23417,Municipio,-75.816084,9.240789,
5132,LORICA,"2,019",6,23,CÓRDOBA,23417,Municipio,-75.816084,9.240789,
5133,LOS ANDES,"1,989",1,52,NARIÑO,52418,Municipio,-77.521303,1.494587,
5134,LOS ANDES,"2,008",1,52,NARIÑO,52418,Municipio,-77.521303,1.494587,
5135,LOS ANDES,"2,012",1,52,NARIÑO,52418,Municipio,-77.521303,1.494587,
5136,LOS CÓRDOBAS,"2,003",1,23,CÓRDOBA,23419,Municipio,-76.35518,8.892098,
5137,LOS CÓRDOBAS,"2,009",1,23,CÓRDOBA,23419,Municipio,-76.35518,8.892098,
5138,LOS CÓRDOBAS,"2,013",1,23,CÓRDOBA,23419,Municipio,-76.35518,8.892098,
5139,LOS CÓRDOBAS,"2,018",1,23,CÓRDOBA,23419,Municipio,-76.35518,8.892098,
5140,LOS PALMITOS,"2,003",1,70,SUCRE,70418,Municipio,-75.268716,9.380269,
5141,LOS PALMITOS,"2,005",1,70,SUCRE,70418,Municipio,-75.268716,9.380269,
5142,LOS PALMITOS,"2,010",2,70,SUCRE,70418,Municipio,-75.268716,9.380269,
5143,LOS PALMITOS,"2,018",1,70,SUCRE,70418,Municipio,-75.268716,9.380269,
5144,LOS PALMITOS,"2,019",1,70,SUCRE,70418,Municipio,-75.268716,9.380269,
5145,LOS PATIOS,"1,988",1,54,NORTE DE SANTANDER,54405,Municipio,-72.505612,7.833186,
5146,LOS PATIOS,"1,989",2,54,NORTE DE SANTANDER,54405,Municipio,-72.505612,7.833186,
5147,LOS PATIOS,"1,990",1,54,NORTE DE SANTANDER,54405,Municipio,-72.505612,7.833186,
5148,LOS PATIOS,"1,994",1,54,NORTE DE SANTANDER,54405,Municipio,-72.505612,7.833186,
5149,LOS PATIOS,"1,996",1,54,NORTE DE SANTANDER,54405,Municipio,-72.505612,7.833186,
5150,LOS PATIOS,"1,997",1,54,NORTE DE SANTANDER,54405,Municipio,-72.505612,7.833186,
5151,LOS PATIOS,"2,003",1,54,NORTE DE SANTANDER,54405,Municipio,-72.505612,7.833186,
5152,LOS PATIOS,"2,005",1,54,NORTE DE SANTANDER,54405,Municipio,-72.505612,7.833186,
5153,LOS PATIOS,"2,009",1,54,NORTE DE SANTANDER,54405,Municipio,-72.505612,7.833186,
5154,LOS PATIOS,"2,010",1,54,NORTE DE SANTANDER,54405,Municipio,-72.505612,7.833186,
5155,LOS PATIOS,"2,013",4,54,NORTE DE SANTANDER,54405,Municipio,-72.505612,7.833186,
5156,LOS PATIOS,"2,014",1,54,NORTE DE SANTANDER,54405,Municipio,-72.505612,7.833186,
5157,LOS PATIOS,"2,015",2,54,NORTE DE SANTANDER,54405,Municipio,-72.505612,7.833186,
5158,LOS PATIOS,"2,016",3,54,NORTE DE SANTANDER,54405,Municipio,-72.505612,7.833186,
5159,LOS PATIOS,"2,017",1,54,NORTE DE SANTANDER,54405,Municipio,-72.505612,7.833186,
5160,LOS PATIOS,"2,018",1,54,NORTE DE SANTANDER,54405,Municipio,-72.505612,7.833186,
5161,LOS PATIOS,"2,019",1,54,NORTE DE SANTANDER,54405,Municipio,-72.505612,7.833186,
5162,LOS SANTOS,"2,010",1,68,SANTANDER,68418,Municipio,-73.102739,6.755203,
5163,LOS SANTOS,"2,014",1,68,SANTANDER,68418,Municipio,-73.102739,6.755203,
5164,LOURDES,"2,002",1,54,NORTE DE SANTANDER,54418,Municipio,-72.832376,7.945631,
5165,LOURDES,"2,005",1,54,NORTE DE SANTANDER,54418,Municipio,-72.832376,7.945631,
5166,LURUACO,"2,006",1,8,ATLÁNTICO,8421,Municipio,-75.14199,10.610491,
5167,LURUACO,"2,011",1,8,ATLÁNTICO,8421,Municipio,-75.14199,10.610491,
5168,LURUACO,"2,014",2,8,ATLÁNTICO,8421,Municipio,-75.14199,10.610491,
5169,LURUACO,"2,015",1,8,ATLÁNTICO,8421,Municipio,-75.14199,10.610491,
5170,LURUACO,"2,017",1,8,ATLÁNTICO,8421,Municipio,-75.14199,10.610491,
5171,LURUACO,"2,018",1,8,ATLÁNTICO,8421,Municipio,-75.14199,10.610491,
5172,LÉRIDA,"1,994",2,73,TOLIMA,73408,Municipio,-74.910716,4.862046,
5173,LÉRIDA,"1,995",2,73,TOLIMA,73408,Municipio,-74.910716,4.862046,
5174,LÉRIDA,"2,000",3,73,TOLIMA,73408,Municipio,-74.910716,4.862046,
5175,LÉRIDA,"2,002",1,73,TOLIMA,73408,Municipio,-74.910716,4.862046,
5176,LÉRIDA,"2,008",1,73,TOLIMA,73408,Municipio,-74.910716,4.862046,
5177,LÉRIDA,"2,009",4,73,TOLIMA,73408,Municipio,-74.910716,4.862046,
5178,LÉRIDA,"2,010",1,73,TOLIMA,73408,Municipio,-74.910716,4.862046,
5179,LÉRIDA,"2,011",1,73,TOLIMA,73408,Municipio,-74.910716,4.862046,
5180,LÉRIDA,"2,012",1,73,TOLIMA,73408,Municipio,-74.910716,4.862046,
5181,LÉRIDA,"2,013",2,73,TOLIMA,73408,Municipio,-74.910716,4.862046,
5182,LÉRIDA,"2,016",1,73,TOLIMA,73408,Municipio,-74.910716,4.862046,
5183,LÉRIDA,"2,017",2,73,TOLIMA,73408,Municipio,-74.910716,4.862046,
5184,LÉRIDA,"2,019",1,73,TOLIMA,73408,Municipio,-74.910716,4.862046,
5185,LÍBANO,"1,988",4,73,TOLIMA,73411,Municipio,-75.061959,4.92042,
5186,LÍBANO,"1,989",2,73,TOLIMA,73411,Municipio,-75.061959,4.92042,
5187,LÍBANO,"1,990",1,73,TOLIMA,73411,Municipio,-75.061959,4.92042,
5188,LÍBANO,"1,991",1,73,TOLIMA,73411,Municipio,-75.061959,4.92042,
5189,LÍBANO,"1,992",2,73,TOLIMA,73411,Municipio,-75.061959,4.92042,
5190,LÍBANO,"1,993",1,73,TOLIMA,73411,Municipio,-75.061959,4.92042,
5191,LÍBANO,"1,994",1,73,TOLIMA,73411,Municipio,-75.061959,4.92042,
5192,LÍBANO,"1,996",2,73,TOLIMA,73411,Municipio,-75.061959,4.92042,
5193,LÍBANO,"1,997",1,73,TOLIMA,73411,Municipio,-75.061959,4.92042,
5194,LÍBANO,"1,998",1,73,TOLIMA,73411,Municipio,-75.061959,4.92042,
5195,LÍBANO,"1,999",1,73,TOLIMA,73411,Municipio,-75.061959,4.92042,
5196,LÍBANO,"2,000",2,73,TOLIMA,73411,Municipio,-75.061959,4.92042,
5197,LÍBANO,"2,001",1,73,TOLIMA,73411,Municipio,-75.061959,4.92042,
5198,LÍBANO,"2,002",3,73,TOLIMA,73411,Municipio,-75.061959,4.92042,
5199,LÍBANO,"2,004",3,73,TOLIMA,73411,Municipio,-75.061959,4.92042,
5200,LÍBANO,"2,005",2,73,TOLIMA,73411,Municipio,-75.061959,4.92042,
5201,LÍBANO,"2,007",4,73,TOLIMA,73411,Municipio,-75.061959,4.92042,
5202,LÍBANO,"2,008",5,73,TOLIMA,73411,Municipio,-75.061959,4.92042,
5203,LÍBANO,"2,009",5,73,TOLIMA,73411,Municipio,-75.061959,4.92042,
5204,LÍBANO,"2,010",2,73,TOLIMA,73411,Municipio,-75.061959,4.92042,
5205,LÍBANO,"2,011",6,73,TOLIMA,73411,Municipio,-75.061959,4.92042,
5206,LÍBANO,"2,012",2,73,TOLIMA,73411,Municipio,-75.061959,4.92042,
5207,LÍBANO,"2,013",3,73,TOLIMA,73411,Municipio,-75.061959,4.92042,
5208,LÍBANO,"2,014",5,73,TOLIMA,73411,Municipio,-75.061959,4.92042,
5209,LÍBANO,"2,015",3,73,TOLIMA,73411,Municipio,-75.061959,4.92042,
5210,LÍBANO,"2,016",1,73,TOLIMA,73411,Municipio,-75.061959,4.92042,
5211,LÍBANO,"2,017",1,73,TOLIMA,73411,Municipio,-75.061959,4.92042,
5212,LÍBANO,"2,018",1,73,TOLIMA,73411,Municipio,-75.061959,4.92042,
5213,LÍBANO,"2,019",3,73,TOLIMA,73411,Municipio,-75.061959,4.92042,
5214,MACARAVITA,"2,019",1,68,SANTANDER,68425,Municipio,-72.593105,6.50658,
5215,MACEO,"2,002",1,5,ANTIOQUIA,5425,Municipio,-74.78716,6.552116,
5216,MACEO,"2,008",1,5,ANTIOQUIA,5425,Municipio,-74.78716,6.552116,
5217,MACEO,"2,010",1,5,ANTIOQUIA,5425,Municipio,-74.78716,6.552116,
5218,MACEO,"2,015",1,5,ANTIOQUIA,5425,Municipio,-74.78716,6.552116,
5219,MACEO,"2,017",2,5,ANTIOQUIA,5425,Municipio,-74.78716,6.552116,
5220,MACEO,"2,018",1,5,ANTIOQUIA,5425,Municipio,-74.78716,6.552116,
5221,MACHETÁ,"1,985",1,25,CUNDINAMARCA,25426,Municipio,-73.608226,5.08007,
5222,MACHETÁ,"1,997",1,25,CUNDINAMARCA,25426,Municipio,-73.608226,5.08007,
5223,MACHETÁ,"2,007",1,25,CUNDINAMARCA,25426,Municipio,-73.608226,5.08007,
5224,MACHETÁ,"2,009",1,25,CUNDINAMARCA,25426,Municipio,-73.608226,5.08007,
5225,MACHETÁ,"2,014",1,25,CUNDINAMARCA,25426,Municipio,-73.608226,5.08007,
5226,MACHETÁ,"2,017",1,25,CUNDINAMARCA,25426,Municipio,-73.608226,5.08007,
5227,MACHETÁ,"2,019",1,25,CUNDINAMARCA,25426,Municipio,-73.608226,5.08007,
5228,MADRID,"1,985",1,25,CUNDINAMARCA,25430,Municipio,-74.265854,4.732791,
5229,MADRID,"1,987",4,25,CUNDINAMARCA,25430,Municipio,-74.265854,4.732791,
5230,MADRID,"1,988",1,25,CUNDINAMARCA,25430,Municipio,-74.265854,4.732791,
5231,MADRID,"1,991",2,25,CUNDINAMARCA,25430,Municipio,-74.265854,4.732791,
5232,MADRID,"1,994",1,25,CUNDINAMARCA,25430,Municipio,-74.265854,4.732791,
5233,MADRID,"1,997",3,25,CUNDINAMARCA,25430,Municipio,-74.265854,4.732791,
5234,MADRID,"1,999",2,25,CUNDINAMARCA,25430,Municipio,-74.265854,4.732791,
5235,MADRID,"2,000",1,25,CUNDINAMARCA,25430,Municipio,-74.265854,4.732791,
5236,MADRID,"2,003",1,25,CUNDINAMARCA,25430,Municipio,-74.265854,4.732791,
5237,MADRID,"2,006",2,25,CUNDINAMARCA,25430,Municipio,-74.265854,4.732791,
5238,MADRID,"2,007",2,25,CUNDINAMARCA,25430,Municipio,-74.265854,4.732791,
5239,MADRID,"2,008",2,25,CUNDINAMARCA,25430,Municipio,-74.265854,4.732791,
5240,MADRID,"2,009",1,25,CUNDINAMARCA,25430,Municipio,-74.265854,4.732791,
5241,MADRID,"2,010",2,25,CUNDINAMARCA,25430,Municipio,-74.265854,4.732791,
5242,MADRID,"2,011",4,25,CUNDINAMARCA,25430,Municipio,-74.265854,4.732791,
5243,MADRID,"2,012",2,25,CUNDINAMARCA,25430,Municipio,-74.265854,4.732791,
5244,MADRID,"2,013",2,25,CUNDINAMARCA,25430,Municipio,-74.265854,4.732791,
5245,MADRID,"2,014",4,25,CUNDINAMARCA,25430,Municipio,-74.265854,4.732791,
5246,MADRID,"2,015",3,25,CUNDINAMARCA,25430,Municipio,-74.265854,4.732791,
5247,MADRID,"2,016",1,25,CUNDINAMARCA,25430,Municipio,-74.265854,4.732791,
5248,MADRID,"2,017",3,25,CUNDINAMARCA,25430,Municipio,-74.265854,4.732791,
5249,MADRID,"2,019",2,25,CUNDINAMARCA,25430,Municipio,-74.265854,4.732791,
5250,MAGANGUÉ,"1,985",1,13,BOLÍVAR,13430,Municipio,-74.766742,9.263799,
5251,MAGANGUÉ,"1,988",2,13,BOLÍVAR,13430,Municipio,-74.766742,9.263799,
5252,MAGANGUÉ,"1,989",2,13,BOLÍVAR,13430,Municipio,-74.766742,9.263799,
5253,MAGANGUÉ,"1,990",3,13,BOLÍVAR,13430,Municipio,-74.766742,9.263799,
5254,MAGANGUÉ,"1,991",2,13,BOLÍVAR,13430,Municipio,-74.766742,9.263799,
5255,MAGANGUÉ,"1,993",1,13,BOLÍVAR,13430,Municipio,-74.766742,9.263799,
5256,MAGANGUÉ,"1,994",2,13,BOLÍVAR,13430,Municipio,-74.766742,9.263799,
5257,MAGANGUÉ,"1,995",3,13,BOLÍVAR,13430,Municipio,-74.766742,9.263799,
5258,MAGANGUÉ,"1,996",3,13,BOLÍVAR,13430,Municipio,-74.766742,9.263799,
5259,MAGANGUÉ,"1,997",1,13,BOLÍVAR,13430,Municipio,-74.766742,9.263799,
5260,MAGANGUÉ,"2,000",3,13,BOLÍVAR,13430,Municipio,-74.766742,9.263799,
5261,MAGANGUÉ,"2,001",1,13,BOLÍVAR,13430,Municipio,-74.766742,9.263799,
5262,MAGANGUÉ,"2,002",1,13,BOLÍVAR,13430,Municipio,-74.766742,9.263799,
5263,MAGANGUÉ,"2,006",2,13,BOLÍVAR,13430,Municipio,-74.766742,9.263799,
5264,MAGANGUÉ,"2,007",1,13,BOLÍVAR,13430,Municipio,-74.766742,9.263799,
5265,MAGANGUÉ,"2,008",5,13,BOLÍVAR,13430,Municipio,-74.766742,9.263799,
5266,MAGANGUÉ,"2,009",5,13,BOLÍVAR,13430,Municipio,-74.766742,9.263799,
5267,MAGANGUÉ,"2,010",1,13,BOLÍVAR,13430,Municipio,-74.766742,9.263799,
5268,MAGANGUÉ,"2,011",2,13,BOLÍVAR,13430,Municipio,-74.766742,9.263799,
5269,MAGANGUÉ,"2,012",6,13,BOLÍVAR,13430,Municipio,-74.766742,9.263799,
5270,MAGANGUÉ,"2,013",4,13,BOLÍVAR,13430,Municipio,-74.766742,9.263799,
5271,MAGANGUÉ,"2,014",5,13,BOLÍVAR,13430,Municipio,-74.766742,9.263799,
5272,MAGANGUÉ,"2,015",10,13,BOLÍVAR,13430,Municipio,-74.766742,9.263799,
5273,MAGANGUÉ,"2,016",5,13,BOLÍVAR,13430,Municipio,-74.766742,9.263799,
5274,MAGANGUÉ,"2,017",10,13,BOLÍVAR,13430,Municipio,-74.766742,9.263799,
5275,MAGANGUÉ,"2,018",5,13,BOLÍVAR,13430,Municipio,-74.766742,9.263799,
5276,MAGANGUÉ,"2,019",10,13,BOLÍVAR,13430,Municipio,-74.766742,9.263799,
5277,MAHATES,"1,985",1,13,BOLÍVAR,13433,Municipio,-75.191643,10.233285,
5278,MAHATES,"1,987",1,13,BOLÍVAR,13433,Municipio,-75.191643,10.233285,
5279,MAHATES,"1,988",2,13,BOLÍVAR,13433,Municipio,-75.191643,10.233285,
5280,MAHATES,"1,991",1,13,BOLÍVAR,13433,Municipio,-75.191643,10.233285,
5281,MAHATES,"1,992",1,13,BOLÍVAR,13433,Municipio,-75.191643,10.233285,
5282,MAHATES,"1,994",1,13,BOLÍVAR,13433,Municipio,-75.191643,10.233285,
5283,MAHATES,"1,995",1,13,BOLÍVAR,13433,Municipio,-75.191643,10.233285,
5284,MAHATES,"1,997",1,13,BOLÍVAR,13433,Municipio,-75.191643,10.233285,
5285,MAHATES,"1,999",1,13,BOLÍVAR,13433,Municipio,-75.191643,10.233285,
5286,MAHATES,"2,003",1,13,BOLÍVAR,13433,Municipio,-75.191643,10.233285,
5287,MAHATES,"2,006",1,13,BOLÍVAR,13433,Municipio,-75.191643,10.233285,
5288,MAHATES,"2,010",2,13,BOLÍVAR,13433,Municipio,-75.191643,10.233285,
5289,MAHATES,"2,014",1,13,BOLÍVAR,13433,Municipio,-75.191643,10.233285,
5290,MAHATES,"2,016",1,13,BOLÍVAR,13433,Municipio,-75.191643,10.233285,
5291,MAHATES,"2,018",1,13,BOLÍVAR,13433,Municipio,-75.191643,10.233285,
5292,MAHATES,"2,019",3,13,BOLÍVAR,13433,Municipio,-75.191643,10.233285,
5293,MAICAO,"1,989",1,44,LA GUAJIRA,44430,Municipio,-72.242738,11.378535,
5294,MAICAO,"1,994",2,44,LA GUAJIRA,44430,Municipio,-72.242738,11.378535,
5295,MAICAO,"2,000",1,44,LA GUAJIRA,44430,Municipio,-72.242738,11.378535,
5296,MAICAO,"2,001",2,44,LA GUAJIRA,44430,Municipio,-72.242738,11.378535,
5297,MAICAO,"2,003",1,44,LA GUAJIRA,44430,Municipio,-72.242738,11.378535,
5298,MAICAO,"2,005",2,44,LA GUAJIRA,44430,Municipio,-72.242738,11.378535,
5299,MAICAO,"2,007",2,44,LA GUAJIRA,44430,Municipio,-72.242738,11.378535,
5300,MAICAO,"2,008",3,44,LA GUAJIRA,44430,Municipio,-72.242738,11.378535,
5301,MAICAO,"2,009",1,44,LA GUAJIRA,44430,Municipio,-72.242738,11.378535,
5302,MAICAO,"2,010",1,44,LA GUAJIRA,44430,Municipio,-72.242738,11.378535,
5303,MAICAO,"2,011",1,44,LA GUAJIRA,44430,Municipio,-72.242738,11.378535,
5304,MAICAO,"2,013",1,44,LA GUAJIRA,44430,Municipio,-72.242738,11.378535,
5305,MAICAO,"2,017",1,44,LA GUAJIRA,44430,Municipio,-72.242738,11.378535,
5306,MAICAO,"2,018",3,44,LA GUAJIRA,44430,Municipio,-72.242738,11.378535,
5307,MAICAO,"2,019",4,44,LA GUAJIRA,44430,Municipio,-72.242738,11.378535,
5308,MAJAGUAL,"2,008",1,70,SUCRE,70429,Municipio,-74.628077,8.541163,
5309,MAJAGUAL,"2,012",1,70,SUCRE,70429,Municipio,-74.628077,8.541163,
5310,MAJAGUAL,"2,017",2,70,SUCRE,70429,Municipio,-74.628077,8.541163,
5311,MAJAGUAL,"2,018",1,70,SUCRE,70429,Municipio,-74.628077,8.541163,
5312,MALAMBO,"1,986",1,8,ATLÁNTICO,8433,Municipio,-74.776923,10.857086,
5313,MALAMBO,"1,992",1,8,ATLÁNTICO,8433,Municipio,-74.776923,10.857086,
5314,MALAMBO,"1,997",1,8,ATLÁNTICO,8433,Municipio,-74.776923,10.857086,
5315,MALAMBO,"1,999",1,8,ATLÁNTICO,8433,Municipio,-74.776923,10.857086,
5316,MALAMBO,"2,002",1,8,ATLÁNTICO,8433,Municipio,-74.776923,10.857086,
5317,MALAMBO,"2,003",2,8,ATLÁNTICO,8433,Municipio,-74.776923,10.857086,
5318,MALAMBO,"2,004",1,8,ATLÁNTICO,8433,Municipio,-74.776923,10.857086,
5319,MALAMBO,"2,005",1,8,ATLÁNTICO,8433,Municipio,-74.776923,10.857086,
5320,MALAMBO,"2,006",2,8,ATLÁNTICO,8433,Municipio,-74.776923,10.857086,
5321,MALAMBO,"2,008",1,8,ATLÁNTICO,8433,Municipio,-74.776923,10.857086,
5322,MALAMBO,"2,009",3,8,ATLÁNTICO,8433,Municipio,-74.776923,10.857086,
5323,MALAMBO,"2,013",1,8,ATLÁNTICO,8433,Municipio,-74.776923,10.857086,
5324,MALAMBO,"2,014",1,8,ATLÁNTICO,8433,Municipio,-74.776923,10.857086,
5325,MALAMBO,"2,015",5,8,ATLÁNTICO,8433,Municipio,-74.776923,10.857086,
5326,MALAMBO,"2,016",4,8,ATLÁNTICO,8433,Municipio,-74.776923,10.857086,
5327,MALAMBO,"2,017",1,8,ATLÁNTICO,8433,Municipio,-74.776923,10.857086,
5328,MALAMBO,"2,018",4,8,ATLÁNTICO,8433,Municipio,-74.776923,10.857086,
5329,MALAMBO,"2,019",2,8,ATLÁNTICO,8433,Municipio,-74.776923,10.857086,
5330,MALLAMA,"2,013",1,52,NARIÑO,52435,Municipio,-77.864549,1.141037,
5331,MALLAMA,"2,016",1,52,NARIÑO,52435,Municipio,-77.864549,1.141037,
5332,MANATÍ,"1,986",1,8,ATLÁNTICO,8436,Municipio,-74.956867,10.449089,
5333,MANATÍ,"1,988",2,8,ATLÁNTICO,8436,Municipio,-74.956867,10.449089,
5334,MANATÍ,"1,991",1,8,ATLÁNTICO,8436,Municipio,-74.956867,10.449089,
5335,MANATÍ,"1,994",1,8,ATLÁNTICO,8436,Municipio,-74.956867,10.449089,
5336,MANATÍ,"1,999",1,8,ATLÁNTICO,8436,Municipio,-74.956867,10.449089,
5337,MANATÍ,"2,004",1,8,ATLÁNTICO,8436,Municipio,-74.956867,10.449089,
5338,MANATÍ,"2,015",2,8,ATLÁNTICO,8436,Municipio,-74.956867,10.449089,
5339,MANATÍ,"2,019",1,8,ATLÁNTICO,8436,Municipio,-74.956867,10.449089,
5340,MANAURE,"1,988",1,44,LA GUAJIRA,44560,Municipio,-72.438739,11.773767,
5341,MANAURE,"2,005",2,44,LA GUAJIRA,44560,Municipio,-72.438739,11.773767,
5342,MANAURE,"2,015",1,44,LA GUAJIRA,44560,Municipio,-72.438739,11.773767,
5343,MANAURE,"2,019",1,44,LA GUAJIRA,44560,Municipio,-72.438739,11.773767,
5344,MANAURE BALCÓN DEL CESAR,"2,015",1,20,CESAR,20443,Municipio,-73.029472,10.390776,
5345,MANAURE BALCÓN DEL CESAR,"2,017",1,20,CESAR,20443,Municipio,-73.029472,10.390776,
5346,MANIZALES,"1,985",13,17,CALDAS,17001,Municipio,-75.491025,5.057657,
5347,MANIZALES,"1,986",19,17,CALDAS,17001,Municipio,-75.491025,5.057657,
5348,MANIZALES,"1,987",19,17,CALDAS,17001,Municipio,-75.491025,5.057657,
5349,MANIZALES,"1,988",24,17,CALDAS,17001,Municipio,-75.491025,5.057657,
5350,MANIZALES,"1,989",26,17,CALDAS,17001,Municipio,-75.491025,5.057657,
5351,MANIZALES,"1,990",27,17,CALDAS,17001,Municipio,-75.491025,5.057657,
5352,MANIZALES,"1,991",19,17,CALDAS,17001,Municipio,-75.491025,5.057657,
5353,MANIZALES,"1,992",21,17,CALDAS,17001,Municipio,-75.491025,5.057657,
5354,MANIZALES,"1,993",32,17,CALDAS,17001,Municipio,-75.491025,5.057657,
5355,MANIZALES,"1,994",21,17,CALDAS,17001,Municipio,-75.491025,5.057657,
5356,MANIZALES,"1,995",35,17,CALDAS,17001,Municipio,-75.491025,5.057657,
5357,MANIZALES,"1,996",27,17,CALDAS,17001,Municipio,-75.491025,5.057657,
5358,MANIZALES,"1,997",30,17,CALDAS,17001,Municipio,-75.491025,5.057657,
5359,MANIZALES,"1,998",18,17,CALDAS,17001,Municipio,-75.491025,5.057657,
5360,MANIZALES,"1,999",28,17,CALDAS,17001,Municipio,-75.491025,5.057657,
5361,MANIZALES,"2,000",23,17,CALDAS,17001,Municipio,-75.491025,5.057657,
5362,MANIZALES,"2,001",28,17,CALDAS,17001,Municipio,-75.491025,5.057657,
5363,MANIZALES,"2,002",32,17,CALDAS,17001,Municipio,-75.491025,5.057657,
5364,MANIZALES,"2,003",36,17,CALDAS,17001,Municipio,-75.491025,5.057657,
5365,MANIZALES,"2,004",47,17,CALDAS,17001,Municipio,-75.491025,5.057657,
5366,MANIZALES,"2,005",24,17,CALDAS,17001,Municipio,-75.491025,5.057657,
5367,MANIZALES,"2,006",27,17,CALDAS,17001,Municipio,-75.491025,5.057657,
5368,MANIZALES,"2,007",42,17,CALDAS,17001,Municipio,-75.491025,5.057657,
5369,MANIZALES,"2,008",55,17,CALDAS,17001,Municipio,-75.491025,5.057657,
5370,MANIZALES,"2,009",58,17,CALDAS,17001,Municipio,-75.491025,5.057657,
5371,MANIZALES,"2,010",55,17,CALDAS,17001,Municipio,-75.491025,5.057657,
5372,MANIZALES,"2,011",72,17,CALDAS,17001,Municipio,-75.491025,5.057657,
5373,MANIZALES,"2,012",61,17,CALDAS,17001,Municipio,-75.491025,5.057657,
5374,MANIZALES,"2,013",70,17,CALDAS,17001,Municipio,-75.491025,5.057657,
5375,MANIZALES,"2,014",69,17,CALDAS,17001,Municipio,-75.491025,5.057657,
5376,MANIZALES,"2,015",57,17,CALDAS,17001,Municipio,-75.491025,5.057657,
5377,MANIZALES,"2,016",71,17,CALDAS,17001,Municipio,-75.491025,5.057657,
5378,MANIZALES,"2,017",90,17,CALDAS,17001,Municipio,-75.491025,5.057657,
5379,MANIZALES,"2,018",73,17,CALDAS,17001,Municipio,-75.491025,5.057657,
5380,MANIZALES,"2,019",86,17,CALDAS,17001,Municipio,-75.491025,5.057657,
5381,MANTA,"1,985",1,25,CUNDINAMARCA,25436,Municipio,-73.540444,5.009008,
5382,MANTA,"1,996",1,25,CUNDINAMARCA,25436,Municipio,-73.540444,5.009008,
5383,MANTA,"1,999",1,25,CUNDINAMARCA,25436,Municipio,-73.540444,5.009008,
5384,MANTA,"2,002",1,25,CUNDINAMARCA,25436,Municipio,-73.540444,5.009008,
5385,MANTA,"2,012",1,25,CUNDINAMARCA,25436,Municipio,-73.540444,5.009008,
5386,MANTA,"2,016",1,25,CUNDINAMARCA,25436,Municipio,-73.540444,5.009008,
5387,MANZANARES,"1,988",2,17,CALDAS,17433,Municipio,-75.152829,5.255699,
5388,MANZANARES,"1,989",1,17,CALDAS,17433,Municipio,-75.152829,5.255699,
5389,MANZANARES,"1,990",1,17,CALDAS,17433,Municipio,-75.152829,5.255699,
5390,MANZANARES,"1,991",1,17,CALDAS,17433,Municipio,-75.152829,5.255699,
5391,MANZANARES,"1,992",1,17,CALDAS,17433,Municipio,-75.152829,5.255699,
5392,MANZANARES,"1,993",1,17,CALDAS,17433,Municipio,-75.152829,5.255699,
5393,MANZANARES,"1,994",1,17,CALDAS,17433,Municipio,-75.152829,5.255699,
5394,MANZANARES,"1,995",5,17,CALDAS,17433,Municipio,-75.152829,5.255699,
5395,MANZANARES,"1,996",3,17,CALDAS,17433,Municipio,-75.152829,5.255699,
5396,MANZANARES,"2,000",2,17,CALDAS,17433,Municipio,-75.152829,5.255699,
5397,MANZANARES,"2,001",1,17,CALDAS,17433,Municipio,-75.152829,5.255699,
5398,MANZANARES,"2,003",1,17,CALDAS,17433,Municipio,-75.152829,5.255699,
5399,MANZANARES,"2,004",2,17,CALDAS,17433,Municipio,-75.152829,5.255699,
5400,MANZANARES,"2,012",1,17,CALDAS,17433,Municipio,-75.152829,5.255699,
5401,MANZANARES,"2,015",1,17,CALDAS,17433,Municipio,-75.152829,5.255699,
5402,MANZANARES,"2,016",1,17,CALDAS,17433,Municipio,-75.152829,5.255699,
5403,MANZANARES,"2,018",1,17,CALDAS,17433,Municipio,-75.152829,5.255699,
5404,MANÍ,"2,006",2,85,CASANARE,85139,Municipio,-72.281384,4.81681,
5405,MANÍ,"2,009",1,85,CASANARE,85139,Municipio,-72.281384,4.81681,
5406,MANÍ,"2,012",1,85,CASANARE,85139,Municipio,-72.281384,4.81681,
5407,MANÍ,"2,013",1,85,CASANARE,85139,Municipio,-72.281384,4.81681,
5408,MANÍ,"2,015",1,85,CASANARE,85139,Municipio,-72.281384,4.81681,
5409,MANÍ,"2,016",1,85,CASANARE,85139,Municipio,-72.281384,4.81681,
5410,MARGARITA,"2,009",1,13,BOLÍVAR,13440,Municipio,-74.285137,9.15784,
5411,MARGARITA,"2,010",1,13,BOLÍVAR,13440,Municipio,-74.285137,9.15784,
5412,MARINILLA,"1,986",2,5,ANTIOQUIA,5440,Municipio,-75.339345,6.173995,
5413,MARINILLA,"1,987",2,5,ANTIOQUIA,5440,Municipio,-75.339345,6.173995,
5414,MARINILLA,"1,991",4,5,ANTIOQUIA,5440,Municipio,-75.339345,6.173995,
5415,MARINILLA,"1,994",4,5,ANTIOQUIA,5440,Municipio,-75.339345,6.173995,
5416,MARINILLA,"1,996",1,5,ANTIOQUIA,5440,Municipio,-75.339345,6.173995,
5417,MARINILLA,"1,998",2,5,ANTIOQUIA,5440,Municipio,-75.339345,6.173995,
5418,MARINILLA,"2,000",1,5,ANTIOQUIA,5440,Municipio,-75.339345,6.173995,
5419,MARINILLA,"2,001",3,5,ANTIOQUIA,5440,Municipio,-75.339345,6.173995,
5420,MARINILLA,"2,002",4,5,ANTIOQUIA,5440,Municipio,-75.339345,6.173995,
5421,MARINILLA,"2,003",2,5,ANTIOQUIA,5440,Municipio,-75.339345,6.173995,
5422,MARINILLA,"2,004",1,5,ANTIOQUIA,5440,Municipio,-75.339345,6.173995,
5423,MARINILLA,"2,005",1,5,ANTIOQUIA,5440,Municipio,-75.339345,6.173995,
5424,MARINILLA,"2,006",2,5,ANTIOQUIA,5440,Municipio,-75.339345,6.173995,
5425,MARINILLA,"2,007",1,5,ANTIOQUIA,5440,Municipio,-75.339345,6.173995,
5426,MARINILLA,"2,008",2,5,ANTIOQUIA,5440,Municipio,-75.339345,6.173995,
5427,MARINILLA,"2,009",1,5,ANTIOQUIA,5440,Municipio,-75.339345,6.173995,
5428,MARINILLA,"2,010",1,5,ANTIOQUIA,5440,Municipio,-75.339345,6.173995,
5429,MARINILLA,"2,011",1,5,ANTIOQUIA,5440,Municipio,-75.339345,6.173995,
5430,MARINILLA,"2,012",1,5,ANTIOQUIA,5440,Municipio,-75.339345,6.173995,
5431,MARINILLA,"2,013",2,5,ANTIOQUIA,5440,Municipio,-75.339345,6.173995,
5432,MARINILLA,"2,014",5,5,ANTIOQUIA,5440,Municipio,-75.339345,6.173995,
5433,MARINILLA,"2,015",4,5,ANTIOQUIA,5440,Municipio,-75.339345,6.173995,
5434,MARINILLA,"2,016",5,5,ANTIOQUIA,5440,Municipio,-75.339345,6.173995,
5435,MARINILLA,"2,017",6,5,ANTIOQUIA,5440,Municipio,-75.339345,6.173995,
5436,MARINILLA,"2,018",1,5,ANTIOQUIA,5440,Municipio,-75.339345,6.173995,
5437,MARINILLA,"2,019",3,5,ANTIOQUIA,5440,Municipio,-75.339345,6.173995,
5438,MARIPÍ,"2,016",1,15,BOYACÁ,15442,Municipio,-74.00405,5.550091,
5439,MARMATO,"1,994",1,17,CALDAS,17442,Municipio,-75.600049,5.47422,
5440,MARMATO,"2,019",1,17,CALDAS,17442,Municipio,-75.600049,5.47422,
5441,MARQUETALIA,"1,985",1,17,CALDAS,17444,Municipio,-75.053097,5.297525,
5442,MARQUETALIA,"1,988",1,17,CALDAS,17444,Municipio,-75.053097,5.297525,
5443,MARQUETALIA,"1,989",1,17,CALDAS,17444,Municipio,-75.053097,5.297525,
5444,MARQUETALIA,"1,996",1,17,CALDAS,17444,Municipio,-75.053097,5.297525,
5445,MARQUETALIA,"2,000",1,17,CALDAS,17444,Municipio,-75.053097,5.297525,
5446,MARQUETALIA,"2,003",1,17,CALDAS,17444,Municipio,-75.053097,5.297525,
5447,MARQUETALIA,"2,007",2,17,CALDAS,17444,Municipio,-75.053097,5.297525,
5448,MARQUETALIA,"2,008",1,17,CALDAS,17444,Municipio,-75.053097,5.297525,
5449,MARQUETALIA,"2,009",1,17,CALDAS,17444,Municipio,-75.053097,5.297525,
5450,MARQUETALIA,"2,011",2,17,CALDAS,17444,Municipio,-75.053097,5.297525,
5451,MARQUETALIA,"2,012",1,17,CALDAS,17444,Municipio,-75.053097,5.297525,
5452,MARQUETALIA,"2,017",2,17,CALDAS,17444,Municipio,-75.053097,5.297525,
5453,MARSELLA,"1,990",1,66,RISARALDA,66440,Municipio,-75.73879,4.935771,
5454,MARSELLA,"1,993",1,66,RISARALDA,66440,Municipio,-75.73879,4.935771,
5455,MARSELLA,"1,994",1,66,RISARALDA,66440,Municipio,-75.73879,4.935771,
5456,MARSELLA,"1,995",2,66,RISARALDA,66440,Municipio,-75.73879,4.935771,
5457,MARSELLA,"1,997",1,66,RISARALDA,66440,Municipio,-75.73879,4.935771,
5458,MARSELLA,"1,999",2,66,RISARALDA,66440,Municipio,-75.73879,4.935771,
5459,MARSELLA,"2,001",2,66,RISARALDA,66440,Municipio,-75.73879,4.935771,
5460,MARSELLA,"2,002",1,66,RISARALDA,66440,Municipio,-75.73879,4.935771,
5461,MARSELLA,"2,008",1,66,RISARALDA,66440,Municipio,-75.73879,4.935771,
5462,MARSELLA,"2,009",1,66,RISARALDA,66440,Municipio,-75.73879,4.935771,
5463,MARSELLA,"2,010",2,66,RISARALDA,66440,Municipio,-75.73879,4.935771,
5464,MARSELLA,"2,011",1,66,RISARALDA,66440,Municipio,-75.73879,4.935771,
5465,MARSELLA,"2,013",1,66,RISARALDA,66440,Municipio,-75.73879,4.935771,
5466,MARSELLA,"2,015",1,66,RISARALDA,66440,Municipio,-75.73879,4.935771,
5467,MARULANDA,"1,986",1,17,CALDAS,17446,Municipio,-75.259721,5.284304,
5468,MARULANDA,"1,987",1,17,CALDAS,17446,Municipio,-75.259721,5.284304,
5469,MARULANDA,"2,004",1,17,CALDAS,17446,Municipio,-75.259721,5.284304,
5470,MARULANDA,"2,008",1,17,CALDAS,17446,Municipio,-75.259721,5.284304,
5471,MARÍA LA BAJA,"1,985",1,13,BOLÍVAR,13442,Municipio,-75.300516,9.982402,
5472,MARÍA LA BAJA,"1,986",1,13,BOLÍVAR,13442,Municipio,-75.300516,9.982402,
5473,MARÍA LA BAJA,"1,990",1,13,BOLÍVAR,13442,Municipio,-75.300516,9.982402,
5474,MARÍA LA BAJA,"1,993",1,13,BOLÍVAR,13442,Municipio,-75.300516,9.982402,
5475,MARÍA LA BAJA,"2,000",1,13,BOLÍVAR,13442,Municipio,-75.300516,9.982402,
5476,MARÍA LA BAJA,"2,003",1,13,BOLÍVAR,13442,Municipio,-75.300516,9.982402,
5477,MARÍA LA BAJA,"2,008",1,13,BOLÍVAR,13442,Municipio,-75.300516,9.982402,
5478,MARÍA LA BAJA,"2,009",2,13,BOLÍVAR,13442,Municipio,-75.300516,9.982402,
5479,MARÍA LA BAJA,"2,011",1,13,BOLÍVAR,13442,Municipio,-75.300516,9.982402,
5480,MARÍA LA BAJA,"2,013",1,13,BOLÍVAR,13442,Municipio,-75.300516,9.982402,
5481,MARÍA LA BAJA,"2,014",2,13,BOLÍVAR,13442,Municipio,-75.300516,9.982402,
5482,MARÍA LA BAJA,"2,015",4,13,BOLÍVAR,13442,Municipio,-75.300516,9.982402,
5483,MARÍA LA BAJA,"2,017",1,13,BOLÍVAR,13442,Municipio,-75.300516,9.982402,
5484,MARÍA LA BAJA,"2,019",3,13,BOLÍVAR,13442,Municipio,-75.300516,9.982402,
5485,MATANZA,"2,000",1,68,SANTANDER,68444,Municipio,-73.015566,7.323175,
5486,MEDELLÍN,"1,985",73,5,ANTIOQUIA,5001,Municipio,-75.581775,6.246631,
5487,MEDELLÍN,"1,986",84,5,ANTIOQUIA,5001,Municipio,-75.581775,6.246631,
5488,MEDELLÍN,"1,987",86,5,ANTIOQUIA,5001,Municipio,-75.581775,6.246631,
5489,MEDELLÍN,"1,988",79,5,ANTIOQUIA,5001,Municipio,-75.581775,6.246631,
5490,MEDELLÍN,"1,989",93,5,ANTIOQUIA,5001,Municipio,-75.581775,6.246631,
5491,MEDELLÍN,"1,990",90,5,ANTIOQUIA,5001,Municipio,-75.581775,6.246631,
5492,MEDELLÍN,"1,991",93,5,ANTIOQUIA,5001,Municipio,-75.581775,6.246631,
5493,MEDELLÍN,"1,992",103,5,ANTIOQUIA,5001,Municipio,-75.581775,6.246631,
5494,MEDELLÍN,"1,993",121,5,ANTIOQUIA,5001,Municipio,-75.581775,6.246631,
5495,MEDELLÍN,"1,994",115,5,ANTIOQUIA,5001,Municipio,-75.581775,6.246631,
5496,MEDELLÍN,"1,995",147,5,ANTIOQUIA,5001,Municipio,-75.581775,6.246631,
5497,MEDELLÍN,"1,996",143,5,ANTIOQUIA,5001,Municipio,-75.581775,6.246631,
5498,MEDELLÍN,"1,997",151,5,ANTIOQUIA,5001,Municipio,-75.581775,6.246631,
5499,MEDELLÍN,"1,998",113,5,ANTIOQUIA,5001,Municipio,-75.581775,6.246631,
5500,MEDELLÍN,"1,999",120,5,ANTIOQUIA,5001,Municipio,-75.581775,6.246631,
5501,MEDELLÍN,"2,000",117,5,ANTIOQUIA,5001,Municipio,-75.581775,6.246631,
5502,MEDELLÍN,"2,001",123,5,ANTIOQUIA,5001,Municipio,-75.581775,6.246631,
5503,MEDELLÍN,"2,002",131,5,ANTIOQUIA,5001,Municipio,-75.581775,6.246631,
5504,MEDELLÍN,"2,003",141,5,ANTIOQUIA,5001,Municipio,-75.581775,6.246631,
5505,MEDELLÍN,"2,004",154,5,ANTIOQUIA,5001,Municipio,-75.581775,6.246631,
5506,MEDELLÍN,"2,005",149,5,ANTIOQUIA,5001,Municipio,-75.581775,6.246631,
5507,MEDELLÍN,"2,006",177,5,ANTIOQUIA,5001,Municipio,-75.581775,6.246631,
5508,MEDELLÍN,"2,007",160,5,ANTIOQUIA,5001,Municipio,-75.581775,6.246631,
5509,MEDELLÍN,"2,008",261,5,ANTIOQUIA,5001,Municipio,-75.581775,6.246631,
5510,MEDELLÍN,"2,009",245,5,ANTIOQUIA,5001,Municipio,-75.581775,6.246631,
5511,MEDELLÍN,"2,010",278,5,ANTIOQUIA,5001,Municipio,-75.581775,6.246631,
5512,MEDELLÍN,"2,011",280,5,ANTIOQUIA,5001,Municipio,-75.581775,6.246631,
5513,MEDELLÍN,"2,012",331,5,ANTIOQUIA,5001,Municipio,-75.581775,6.246631,
5514,MEDELLÍN,"2,013",344,5,ANTIOQUIA,5001,Municipio,-75.581775,6.246631,
5515,MEDELLÍN,"2,014",380,5,ANTIOQUIA,5001,Municipio,-75.581775,6.246631,
5516,MEDELLÍN,"2,015",402,5,ANTIOQUIA,5001,Municipio,-75.581775,6.246631,
5517,MEDELLÍN,"2,016",403,5,ANTIOQUIA,5001,Municipio,-75.581775,6.246631,
5518,MEDELLÍN,"2,017",417,5,ANTIOQUIA,5001,Municipio,-75.581775,6.246631,
5519,MEDELLÍN,"2,018",400,5,ANTIOQUIA,5001,Municipio,-75.581775,6.246631,
5520,MEDELLÍN,"2,019",458,5,ANTIOQUIA,5001,Municipio,-75.581775,6.246631,
5521,MEDINA,"1,985",1,25,CUNDINAMARCA,25438,Municipio,-73.348449,4.506298,
5522,MEDINA,"1,986",3,25,CUNDINAMARCA,25438,Municipio,-73.348449,4.506298,
5523,MEDINA,"1,993",1,25,CUNDINAMARCA,25438,Municipio,-73.348449,4.506298,
5524,MEDINA,"1,997",1,25,CUNDINAMARCA,25438,Municipio,-73.348449,4.506298,
5525,MEDINA,"2,005",1,25,CUNDINAMARCA,25438,Municipio,-73.348449,4.506298,
5526,MEDINA,"2,008",1,25,CUNDINAMARCA,25438,Municipio,-73.348449,4.506298,
5527,MEDINA,"2,011",1,25,CUNDINAMARCA,25438,Municipio,-73.348449,4.506298,
5528,MEDINA,"2,016",2,25,CUNDINAMARCA,25438,Municipio,-73.348449,4.506298,
5529,MEDIO SAN JUAN,"2,008",1,27,CHOCÓ,27450,Municipio,-76.694409,5.098291,
5530,MEDIO SAN JUAN,"2,010",1,27,CHOCÓ,27450,Municipio,-76.694409,5.098291,
5531,MEDIO SAN JUAN,"2,017",1,27,CHOCÓ,27450,Municipio,-76.694409,5.098291,
5532,MELGAR,"1,985",1,73,TOLIMA,73449,Municipio,-74.641317,4.203655,
5533,MELGAR,"1,986",1,73,TOLIMA,73449,Municipio,-74.641317,4.203655,
5534,MELGAR,"1,989",1,73,TOLIMA,73449,Municipio,-74.641317,4.203655,
5535,MELGAR,"1,991",1,73,TOLIMA,73449,Municipio,-74.641317,4.203655,
5536,MELGAR,"1,993",1,73,TOLIMA,73449,Municipio,-74.641317,4.203655,
5537,MELGAR,"1,995",1,73,TOLIMA,73449,Municipio,-74.641317,4.203655,
5538,MELGAR,"1,996",1,73,TOLIMA,73449,Municipio,-74.641317,4.203655,
5539,MELGAR,"1,998",1,73,TOLIMA,73449,Municipio,-74.641317,4.203655,
5540,MELGAR,"2,000",1,73,TOLIMA,73449,Municipio,-74.641317,4.203655,
5541,MELGAR,"2,001",2,73,TOLIMA,73449,Municipio,-74.641317,4.203655,
5542,MELGAR,"2,002",1,73,TOLIMA,73449,Municipio,-74.641317,4.203655,
5543,MELGAR,"2,004",1,73,TOLIMA,73449,Municipio,-74.641317,4.203655,
5544,MELGAR,"2,005",1,73,TOLIMA,73449,Municipio,-74.641317,4.203655,
5545,MELGAR,"2,007",1,73,TOLIMA,73449,Municipio,-74.641317,4.203655,
5546,MELGAR,"2,009",1,73,TOLIMA,73449,Municipio,-74.641317,4.203655,
5547,MELGAR,"2,010",1,73,TOLIMA,73449,Municipio,-74.641317,4.203655,
5548,MELGAR,"2,011",2,73,TOLIMA,73449,Municipio,-74.641317,4.203655,
5549,MELGAR,"2,012",2,73,TOLIMA,73449,Municipio,-74.641317,4.203655,
5550,MELGAR,"2,014",1,73,TOLIMA,73449,Municipio,-74.641317,4.203655,
5551,MELGAR,"2,016",1,73,TOLIMA,73449,Municipio,-74.641317,4.203655,
5552,MELGAR,"2,017",2,73,TOLIMA,73449,Municipio,-74.641317,4.203655,
5553,MELGAR,"2,018",3,73,TOLIMA,73449,Municipio,-74.641317,4.203655,
5554,MELGAR,"2,019",2,73,TOLIMA,73449,Municipio,-74.641317,4.203655,
5555,MERCADERES,"1,986",1,19,CAUCA,19450,Municipio,-77.164319,1.789193,
5556,MERCADERES,"1,987",1,19,CAUCA,19450,Municipio,-77.164319,1.789193,
5557,MERCADERES,"2,001",3,19,CAUCA,19450,Municipio,-77.164319,1.789193,
5558,MERCADERES,"2,004",1,19,CAUCA,19450,Municipio,-77.164319,1.789193,
5559,MERCADERES,"2,008",1,19,CAUCA,19450,Municipio,-77.164319,1.789193,
5560,MERCADERES,"2,013",1,19,CAUCA,19450,Municipio,-77.164319,1.789193,
5561,MESETAS,"1,999",1,50,META,50330,Municipio,-74.044328,3.382732,
5562,MESETAS,"2,004",1,50,META,50330,Municipio,-74.044328,3.382732,
5563,MESETAS,"2,008",1,50,META,50330,Municipio,-74.044328,3.382732,
5564,MESETAS,"2,014",1,50,META,50330,Municipio,-74.044328,3.382732,
5565,MIRAFLORES,"1,986",1,15,BOYACÁ,15455,Municipio,-73.14563,5.196515,
5566,MIRAFLORES,"1,986",1,95,GUAVIARE,95200,Municipio,-71.950416,1.337539,
5567,MIRAFLORES,"1,988",1,15,BOYACÁ,15455,Municipio,-73.14563,5.196515,
5568,MIRAFLORES,"1,988",1,95,GUAVIARE,95200,Municipio,-71.950416,1.337539,
5569,MIRAFLORES,"1,991",1,15,BOYACÁ,15455,Municipio,-73.14563,5.196515,
5570,MIRAFLORES,"1,991",1,95,GUAVIARE,95200,Municipio,-71.950416,1.337539,
5571,MIRAFLORES,"1,992",1,15,BOYACÁ,15455,Municipio,-73.14563,5.196515,
5572,MIRAFLORES,"1,992",1,95,GUAVIARE,95200,Municipio,-71.950416,1.337539,
5573,MIRAFLORES,"1,993",1,15,BOYACÁ,15455,Municipio,-73.14563,5.196515,
5574,MIRAFLORES,"1,993",1,95,GUAVIARE,95200,Municipio,-71.950416,1.337539,
5575,MIRAFLORES,"2,000",1,15,BOYACÁ,15455,Municipio,-73.14563,5.196515,
5576,MIRAFLORES,"2,000",1,95,GUAVIARE,95200,Municipio,-71.950416,1.337539,
5577,MIRAFLORES,"2,008",1,15,BOYACÁ,15455,Municipio,-73.14563,5.196515,
5578,MIRAFLORES,"2,008",1,95,GUAVIARE,95200,Municipio,-71.950416,1.337539,
5579,MIRAFLORES,"2,009",1,15,BOYACÁ,15455,Municipio,-73.14563,5.196515,
5580,MIRAFLORES,"2,009",1,95,GUAVIARE,95200,Municipio,-71.950416,1.337539,
5581,MIRAFLORES,"2,012",1,15,BOYACÁ,15455,Municipio,-73.14563,5.196515,
5582,MIRAFLORES,"2,012",1,95,GUAVIARE,95200,Municipio,-71.950416,1.337539,
5583,MIRAFLORES,"2,015",1,15,BOYACÁ,15455,Municipio,-73.14563,5.196515,
5584,MIRAFLORES,"2,015",1,95,GUAVIARE,95200,Municipio,-71.950416,1.337539,
5585,MIRAFLORES,"2,017",1,15,BOYACÁ,15455,Municipio,-73.14563,5.196515,
5586,MIRAFLORES,"2,017",1,95,GUAVIARE,95200,Municipio,-71.950416,1.337539,
5587,MIRAFLORES,"2,019",1,15,BOYACÁ,15455,Municipio,-73.14563,5.196515,
5588,MIRAFLORES,"2,019",1,95,GUAVIARE,95200,Municipio,-71.950416,1.337539,
5589,MIRANDA,"1,985",1,19,CAUCA,19455,Municipio,-76.228722,3.254651,
5590,MIRANDA,"1,986",2,19,CAUCA,19455,Municipio,-76.228722,3.254651,
5591,MIRANDA,"1,991",1,19,CAUCA,19455,Municipio,-76.228722,3.254651,
5592,MIRANDA,"1,992",1,19,CAUCA,19455,Municipio,-76.228722,3.254651,
5593,MIRANDA,"1,993",1,19,CAUCA,19455,Municipio,-76.228722,3.254651,
5594,MIRANDA,"1,995",2,19,CAUCA,19455,Municipio,-76.228722,3.254651,
5595,MIRANDA,"1,996",2,19,CAUCA,19455,Municipio,-76.228722,3.254651,
5596,MIRANDA,"1,997",1,19,CAUCA,19455,Municipio,-76.228722,3.254651,
5597,MIRANDA,"2,001",2,19,CAUCA,19455,Municipio,-76.228722,3.254651,
5598,MIRANDA,"2,003",2,19,CAUCA,19455,Municipio,-76.228722,3.254651,
5599,MIRANDA,"2,005",1,19,CAUCA,19455,Municipio,-76.228722,3.254651,
5600,MIRANDA,"2,006",1,19,CAUCA,19455,Municipio,-76.228722,3.254651,
5601,MIRANDA,"2,011",1,19,CAUCA,19455,Municipio,-76.228722,3.254651,
5602,MIRANDA,"2,012",1,19,CAUCA,19455,Municipio,-76.228722,3.254651,
5603,MIRANDA,"2,014",2,19,CAUCA,19455,Municipio,-76.228722,3.254651,
5604,MIRANDA,"2,018",1,19,CAUCA,19455,Municipio,-76.228722,3.254651,
5605,MIRANDA,"2,019",4,19,CAUCA,19455,Municipio,-76.228722,3.254651,
5606,MISTRATÓ,"2,003",1,66,RISARALDA,66456,Municipio,-75.882886,5.297039,
5607,MISTRATÓ,"2,008",1,66,RISARALDA,66456,Municipio,-75.882886,5.297039,
5608,MISTRATÓ,"2,015",1,66,RISARALDA,66456,Municipio,-75.882886,5.297039,
5609,MITÚ,"1,988",2,97,VAUPÉS,97001,Municipio,-70.232641,1.253151,
5610,MITÚ,"2,003",1,97,VAUPÉS,97001,Municipio,-70.232641,1.253151,
5611,MITÚ,"2,008",1,97,VAUPÉS,97001,Municipio,-70.232641,1.253151,
5612,MITÚ,"2,012",1,97,VAUPÉS,97001,Municipio,-70.232641,1.253151,
5613,MITÚ,"2,019",1,97,VAUPÉS,97001,Municipio,-70.232641,1.253151,
5614,MOCOA,"1,985",1,86,PUTUMAYO,86001,Municipio,-76.654238,1.151172,
5615,MOCOA,"1,986",1,86,PUTUMAYO,86001,Municipio,-76.654238,1.151172,
5616,MOCOA,"1,988",1,86,PUTUMAYO,86001,Municipio,-76.654238,1.151172,
5617,MOCOA,"1,991",3,86,PUTUMAYO,86001,Municipio,-76.654238,1.151172,
5618,MOCOA,"1,992",1,86,PUTUMAYO,86001,Municipio,-76.654238,1.151172,
5619,MOCOA,"1,995",2,86,PUTUMAYO,86001,Municipio,-76.654238,1.151172,
5620,MOCOA,"1,996",1,86,PUTUMAYO,86001,Municipio,-76.654238,1.151172,
5621,MOCOA,"1,999",3,86,PUTUMAYO,86001,Municipio,-76.654238,1.151172,
5622,MOCOA,"2,000",1,86,PUTUMAYO,86001,Municipio,-76.654238,1.151172,
5623,MOCOA,"2,002",3,86,PUTUMAYO,86001,Municipio,-76.654238,1.151172,
5624,MOCOA,"2,003",3,86,PUTUMAYO,86001,Municipio,-76.654238,1.151172,
5625,MOCOA,"2,004",1,86,PUTUMAYO,86001,Municipio,-76.654238,1.151172,
5626,MOCOA,"2,007",1,86,PUTUMAYO,86001,Municipio,-76.654238,1.151172,
5627,MOCOA,"2,008",2,86,PUTUMAYO,86001,Municipio,-76.654238,1.151172,
5628,MOCOA,"2,009",1,86,PUTUMAYO,86001,Municipio,-76.654238,1.151172,
5629,MOCOA,"2,010",4,86,PUTUMAYO,86001,Municipio,-76.654238,1.151172,
5630,MOCOA,"2,011",1,86,PUTUMAYO,86001,Municipio,-76.654238,1.151172,
5631,MOCOA,"2,012",2,86,PUTUMAYO,86001,Municipio,-76.654238,1.151172,
5632,MOCOA,"2,013",2,86,PUTUMAYO,86001,Municipio,-76.654238,1.151172,
5633,MOCOA,"2,014",2,86,PUTUMAYO,86001,Municipio,-76.654238,1.151172,
5634,MOCOA,"2,015",2,86,PUTUMAYO,86001,Municipio,-76.654238,1.151172,
5635,MOCOA,"2,016",1,86,PUTUMAYO,86001,Municipio,-76.654238,1.151172,
5636,MOCOA,"2,017",1,86,PUTUMAYO,86001,Municipio,-76.654238,1.151172,
5637,MOGOTES,"1,990",1,68,SANTANDER,68464,Municipio,-72.969807,6.475246,
5638,MOGOTES,"1,995",1,68,SANTANDER,68464,Municipio,-72.969807,6.475246,
5639,MOGOTES,"1,998",1,68,SANTANDER,68464,Municipio,-72.969807,6.475246,
5640,MOGOTES,"2,009",1,68,SANTANDER,68464,Municipio,-72.969807,6.475246,
5641,MOGOTES,"2,014",2,68,SANTANDER,68464,Municipio,-72.969807,6.475246,
5642,MOLAGAVITA,"2,005",1,68,SANTANDER,68468,Municipio,-72.809175,6.67432,
5643,MOMIL,"2,003",1,23,CÓRDOBA,23464,Municipio,-75.67796,9.240707,
5644,MOMIL,"2,007",1,23,CÓRDOBA,23464,Municipio,-75.67796,9.240707,
5645,MONGUA,"2,002",1,15,BOYACÁ,15464,Municipio,-72.79809,5.754242,
5646,MONGUA,"2,009",1,15,BOYACÁ,15464,Municipio,-72.79809,5.754242,
5647,MONGUÍ,"1,998",1,15,BOYACÁ,15466,Municipio,-72.849292,5.723486,
5648,MONGUÍ,"2,006",1,15,BOYACÁ,15466,Municipio,-72.849292,5.723486,
5649,MONGUÍ,"2,008",1,15,BOYACÁ,15466,Municipio,-72.849292,5.723486,
5650,MONIQUIRÁ,"1,985",1,15,BOYACÁ,15469,Municipio,-73.573374,5.876331,
5651,MONIQUIRÁ,"1,988",1,15,BOYACÁ,15469,Municipio,-73.573374,5.876331,
5652,MONIQUIRÁ,"1,992",1,15,BOYACÁ,15469,Municipio,-73.573374,5.876331,
5653,MONIQUIRÁ,"1,995",1,15,BOYACÁ,15469,Municipio,-73.573374,5.876331,
5654,MONIQUIRÁ,"1,997",2,15,BOYACÁ,15469,Municipio,-73.573374,5.876331,
5655,MONIQUIRÁ,"1,998",1,15,BOYACÁ,15469,Municipio,-73.573374,5.876331,
5656,MONIQUIRÁ,"2,002",1,15,BOYACÁ,15469,Municipio,-73.573374,5.876331,
5657,MONIQUIRÁ,"2,005",2,15,BOYACÁ,15469,Municipio,-73.573374,5.876331,
5658,MONIQUIRÁ,"2,009",2,15,BOYACÁ,15469,Municipio,-73.573374,5.876331,
5659,MONIQUIRÁ,"2,010",2,15,BOYACÁ,15469,Municipio,-73.573374,5.876331,
5660,MONIQUIRÁ,"2,011",1,15,BOYACÁ,15469,Municipio,-73.573374,5.876331,
5661,MONIQUIRÁ,"2,012",2,15,BOYACÁ,15469,Municipio,-73.573374,5.876331,
5662,MONIQUIRÁ,"2,014",4,15,BOYACÁ,15469,Municipio,-73.573374,5.876331,
5663,MONIQUIRÁ,"2,015",1,15,BOYACÁ,15469,Municipio,-73.573374,5.876331,
5664,MONIQUIRÁ,"2,016",3,15,BOYACÁ,15469,Municipio,-73.573374,5.876331,
5665,MONIQUIRÁ,"2,017",2,15,BOYACÁ,15469,Municipio,-73.573374,5.876331,
5666,MONIQUIRÁ,"2,018",2,15,BOYACÁ,15469,Municipio,-73.573374,5.876331,
5667,MONIQUIRÁ,"2,019",4,15,BOYACÁ,15469,Municipio,-73.573374,5.876331,
5668,MONTEBELLO,"1,986",2,5,ANTIOQUIA,5467,Municipio,-75.523455,5.946313,
5669,MONTEBELLO,"1,991",1,5,ANTIOQUIA,5467,Municipio,-75.523455,5.946313,
5670,MONTEBELLO,"1,999",1,5,ANTIOQUIA,5467,Municipio,-75.523455,5.946313,
5671,MONTEBELLO,"2,007",1,5,ANTIOQUIA,5467,Municipio,-75.523455,5.946313,
5672,MONTEBELLO,"2,009",2,5,ANTIOQUIA,5467,Municipio,-75.523455,5.946313,
5673,MONTEBELLO,"2,012",1,5,ANTIOQUIA,5467,Municipio,-75.523455,5.946313,
5674,MONTEBELLO,"2,014",1,5,ANTIOQUIA,5467,Municipio,-75.523455,5.946313,
5675,MONTECRISTO,"2,018",1,13,BOLÍVAR,13458,Municipio,-74.471176,8.297234,
5676,MONTELÍBANO,"1,988",1,23,CÓRDOBA,23466,Municipio,-75.416818,7.973777,
5677,MONTELÍBANO,"1,994",1,23,CÓRDOBA,23466,Municipio,-75.416818,7.973777,
5678,MONTELÍBANO,"1,995",1,23,CÓRDOBA,23466,Municipio,-75.416818,7.973777,
5679,MONTELÍBANO,"1,996",1,23,CÓRDOBA,23466,Municipio,-75.416818,7.973777,
5680,MONTELÍBANO,"1,997",2,23,CÓRDOBA,23466,Municipio,-75.416818,7.973777,
5681,MONTELÍBANO,"2,001",1,23,CÓRDOBA,23466,Municipio,-75.416818,7.973777,
5682,MONTELÍBANO,"2,003",1,23,CÓRDOBA,23466,Municipio,-75.416818,7.973777,
5683,MONTELÍBANO,"2,004",1,23,CÓRDOBA,23466,Municipio,-75.416818,7.973777,
5684,MONTELÍBANO,"2,006",1,23,CÓRDOBA,23466,Municipio,-75.416818,7.973777,
5685,MONTELÍBANO,"2,007",1,23,CÓRDOBA,23466,Municipio,-75.416818,7.973777,
5686,MONTELÍBANO,"2,009",2,23,CÓRDOBA,23466,Municipio,-75.416818,7.973777,
5687,MONTELÍBANO,"2,011",1,23,CÓRDOBA,23466,Municipio,-75.416818,7.973777,
5688,MONTELÍBANO,"2,012",1,23,CÓRDOBA,23466,Municipio,-75.416818,7.973777,
5689,MONTELÍBANO,"2,016",2,23,CÓRDOBA,23466,Municipio,-75.416818,7.973777,
5690,MONTELÍBANO,"2,018",1,23,CÓRDOBA,23466,Municipio,-75.416818,7.973777,
5691,MONTENEGRO,"1,990",1,63,QUINDÍO,63470,Municipio,-75.749827,4.565057,
5692,MONTENEGRO,"1,991",2,63,QUINDÍO,63470,Municipio,-75.749827,4.565057,
5693,MONTENEGRO,"1,992",3,63,QUINDÍO,63470,Municipio,-75.749827,4.565057,
5694,MONTENEGRO,"1,993",2,63,QUINDÍO,63470,Municipio,-75.749827,4.565057,
5695,MONTENEGRO,"1,995",1,63,QUINDÍO,63470,Municipio,-75.749827,4.565057,
5696,MONTENEGRO,"1,996",2,63,QUINDÍO,63470,Municipio,-75.749827,4.565057,
5697,MONTENEGRO,"1,997",1,63,QUINDÍO,63470,Municipio,-75.749827,4.565057,
5698,MONTENEGRO,"1,998",1,63,QUINDÍO,63470,Municipio,-75.749827,4.565057,
5699,MONTENEGRO,"1,999",4,63,QUINDÍO,63470,Municipio,-75.749827,4.565057,
5700,MONTENEGRO,"2,002",4,63,QUINDÍO,63470,Municipio,-75.749827,4.565057,
5701,MONTENEGRO,"2,003",1,63,QUINDÍO,63470,Municipio,-75.749827,4.565057,
5702,MONTENEGRO,"2,005",1,63,QUINDÍO,63470,Municipio,-75.749827,4.565057,
5703,MONTENEGRO,"2,007",1,63,QUINDÍO,63470,Municipio,-75.749827,4.565057,
5704,MONTENEGRO,"2,008",4,63,QUINDÍO,63470,Municipio,-75.749827,4.565057,
5705,MONTENEGRO,"2,009",2,63,QUINDÍO,63470,Municipio,-75.749827,4.565057,
5706,MONTENEGRO,"2,010",3,63,QUINDÍO,63470,Municipio,-75.749827,4.565057,
5707,MONTENEGRO,"2,012",1,63,QUINDÍO,63470,Municipio,-75.749827,4.565057,
5708,MONTENEGRO,"2,016",1,63,QUINDÍO,63470,Municipio,-75.749827,4.565057,
5709,MONTENEGRO,"2,017",3,63,QUINDÍO,63470,Municipio,-75.749827,4.565057,
5710,MONTENEGRO,"2,018",3,63,QUINDÍO,63470,Municipio,-75.749827,4.565057,
5711,MONTENEGRO,"2,019",2,63,QUINDÍO,63470,Municipio,-75.749827,4.565057,
5712,MONTERREY,"1,988",1,85,CASANARE,85162,Municipio,-72.894065,4.877017,
5713,MONTERREY,"2,003",1,85,CASANARE,85162,Municipio,-72.894065,4.877017,
5714,MONTERREY,"2,007",1,85,CASANARE,85162,Municipio,-72.894065,4.877017,
5715,MONTERREY,"2,012",1,85,CASANARE,85162,Municipio,-72.894065,4.877017,
5716,MONTERREY,"2,014",1,85,CASANARE,85162,Municipio,-72.894065,4.877017,
5717,MONTERREY,"2,015",1,85,CASANARE,85162,Municipio,-72.894065,4.877017,
5718,MONTERREY,"2,019",1,85,CASANARE,85162,Municipio,-72.894065,4.877017,
5719,MONTERÍA,"1,985",3,23,CÓRDOBA,23001,Municipio,-75.873096,8.759789,
5720,MONTERÍA,"1,986",6,23,CÓRDOBA,23001,Municipio,-75.873096,8.759789,
5721,MONTERÍA,"1,987",1,23,CÓRDOBA,23001,Municipio,-75.873096,8.759789,
5722,MONTERÍA,"1,988",2,23,CÓRDOBA,23001,Municipio,-75.873096,8.759789,
5723,MONTERÍA,"1,989",6,23,CÓRDOBA,23001,Municipio,-75.873096,8.759789,
5724,MONTERÍA,"1,990",5,23,CÓRDOBA,23001,Municipio,-75.873096,8.759789,
5725,MONTERÍA,"1,991",4,23,CÓRDOBA,23001,Municipio,-75.873096,8.759789,
5726,MONTERÍA,"1,992",2,23,CÓRDOBA,23001,Municipio,-75.873096,8.759789,
5727,MONTERÍA,"1,993",9,23,CÓRDOBA,23001,Municipio,-75.873096,8.759789,
5728,MONTERÍA,"1,994",2,23,CÓRDOBA,23001,Municipio,-75.873096,8.759789,
5729,MONTERÍA,"1,995",9,23,CÓRDOBA,23001,Municipio,-75.873096,8.759789,
5730,MONTERÍA,"1,996",3,23,CÓRDOBA,23001,Municipio,-75.873096,8.759789,
5731,MONTERÍA,"1,997",6,23,CÓRDOBA,23001,Municipio,-75.873096,8.759789,
5732,MONTERÍA,"1,998",8,23,CÓRDOBA,23001,Municipio,-75.873096,8.759789,
5733,MONTERÍA,"1,999",2,23,CÓRDOBA,23001,Municipio,-75.873096,8.759789,
5734,MONTERÍA,"2,000",11,23,CÓRDOBA,23001,Municipio,-75.873096,8.759789,
5735,MONTERÍA,"2,001",3,23,CÓRDOBA,23001,Municipio,-75.873096,8.759789,
5736,MONTERÍA,"2,002",13,23,CÓRDOBA,23001,Municipio,-75.873096,8.759789,
5737,MONTERÍA,"2,003",10,23,CÓRDOBA,23001,Municipio,-75.873096,8.759789,
5738,MONTERÍA,"2,004",14,23,CÓRDOBA,23001,Municipio,-75.873096,8.759789,
5739,MONTERÍA,"2,005",10,23,CÓRDOBA,23001,Municipio,-75.873096,8.759789,
5740,MONTERÍA,"2,006",9,23,CÓRDOBA,23001,Municipio,-75.873096,8.759789,
5741,MONTERÍA,"2,007",20,23,CÓRDOBA,23001,Municipio,-75.873096,8.759789,
5742,MONTERÍA,"2,008",18,23,CÓRDOBA,23001,Municipio,-75.873096,8.759789,
5743,MONTERÍA,"2,009",26,23,CÓRDOBA,23001,Municipio,-75.873096,8.759789,
5744,MONTERÍA,"2,010",20,23,CÓRDOBA,23001,Municipio,-75.873096,8.759789,
5745,MONTERÍA,"2,011",20,23,CÓRDOBA,23001,Municipio,-75.873096,8.759789,
5746,MONTERÍA,"2,012",39,23,CÓRDOBA,23001,Municipio,-75.873096,8.759789,
5747,MONTERÍA,"2,013",43,23,CÓRDOBA,23001,Municipio,-75.873096,8.759789,
5748,MONTERÍA,"2,014",34,23,CÓRDOBA,23001,Municipio,-75.873096,8.759789,
5749,MONTERÍA,"2,015",37,23,CÓRDOBA,23001,Municipio,-75.873096,8.759789,
5750,MONTERÍA,"2,016",38,23,CÓRDOBA,23001,Municipio,-75.873096,8.759789,
5751,MONTERÍA,"2,017",46,23,CÓRDOBA,23001,Municipio,-75.873096,8.759789,
5752,MONTERÍA,"2,018",53,23,CÓRDOBA,23001,Municipio,-75.873096,8.759789,
5753,MONTERÍA,"2,019",64,23,CÓRDOBA,23001,Municipio,-75.873096,8.759789,
5754,MORALES,"2,014",1,13,BOLÍVAR,13473,Municipio,-73.868172,8.276558,
5755,MORALES,"2,014",1,19,CAUCA,19473,Municipio,-76.629106,2.754684,
5756,MORALES,"2,015",1,13,BOLÍVAR,13473,Municipio,-73.868172,8.276558,
5757,MORALES,"2,015",1,19,CAUCA,19473,Municipio,-76.629106,2.754684,
5758,MORALES,"2,016",1,13,BOLÍVAR,13473,Municipio,-73.868172,8.276558,
5759,MORALES,"2,016",1,19,CAUCA,19473,Municipio,-76.629106,2.754684,
5760,MORALES,"2,018",2,13,BOLÍVAR,13473,Municipio,-73.868172,8.276558,
5761,MORALES,"2,018",2,19,CAUCA,19473,Municipio,-76.629106,2.754684,
5762,MORROA,"1,992",1,70,SUCRE,70473,Municipio,-75.305949,9.331395,
5763,MORROA,"1,996",2,70,SUCRE,70473,Municipio,-75.305949,9.331395,
5764,MORROA,"2,010",1,70,SUCRE,70473,Municipio,-75.305949,9.331395,
5765,MORROA,"2,016",1,70,SUCRE,70473,Municipio,-75.305949,9.331395,
5766,MORROA,"2,019",1,70,SUCRE,70473,Municipio,-75.305949,9.331395,
5767,MOSQUERA,"1,987",1,25,CUNDINAMARCA,25473,Municipio,-74.221154,4.70653,
5768,MOSQUERA,"1,987",1,52,NARIÑO,52473,Municipio,-78.452992,2.507139,
5769,MOSQUERA,"1,993",1,25,CUNDINAMARCA,25473,Municipio,-74.221154,4.70653,
5770,MOSQUERA,"1,993",1,52,NARIÑO,52473,Municipio,-78.452992,2.507139,
5771,MOSQUERA,"1,994",1,25,CUNDINAMARCA,25473,Municipio,-74.221154,4.70653,
5772,MOSQUERA,"1,994",1,52,NARIÑO,52473,Municipio,-78.452992,2.507139,
5773,MOSQUERA,"2,000",1,25,CUNDINAMARCA,25473,Municipio,-74.221154,4.70653,
5774,MOSQUERA,"2,000",1,52,NARIÑO,52473,Municipio,-78.452992,2.507139,
5775,MOSQUERA,"2,001",2,25,CUNDINAMARCA,25473,Municipio,-74.221154,4.70653,
5776,MOSQUERA,"2,001",2,52,NARIÑO,52473,Municipio,-78.452992,2.507139,
5777,MOSQUERA,"2,002",1,25,CUNDINAMARCA,25473,Municipio,-74.221154,4.70653,
5778,MOSQUERA,"2,002",1,52,NARIÑO,52473,Municipio,-78.452992,2.507139,
5779,MOSQUERA,"2,005",1,25,CUNDINAMARCA,25473,Municipio,-74.221154,4.70653,
5780,MOSQUERA,"2,005",1,52,NARIÑO,52473,Municipio,-78.452992,2.507139,
5781,MOSQUERA,"2,006",2,25,CUNDINAMARCA,25473,Municipio,-74.221154,4.70653,
5782,MOSQUERA,"2,006",2,52,NARIÑO,52473,Municipio,-78.452992,2.507139,
5783,MOSQUERA,"2,008",1,25,CUNDINAMARCA,25473,Municipio,-74.221154,4.70653,
5784,MOSQUERA,"2,008",1,52,NARIÑO,52473,Municipio,-78.452992,2.507139,
5785,MOSQUERA,"2,009",3,25,CUNDINAMARCA,25473,Municipio,-74.221154,4.70653,
5786,MOSQUERA,"2,009",3,52,NARIÑO,52473,Municipio,-78.452992,2.507139,
5787,MOSQUERA,"2,011",2,25,CUNDINAMARCA,25473,Municipio,-74.221154,4.70653,
5788,MOSQUERA,"2,011",2,52,NARIÑO,52473,Municipio,-78.452992,2.507139,
5789,MOSQUERA,"2,012",4,25,CUNDINAMARCA,25473,Municipio,-74.221154,4.70653,
5790,MOSQUERA,"2,012",4,52,NARIÑO,52473,Municipio,-78.452992,2.507139,
5791,MOSQUERA,"2,014",1,25,CUNDINAMARCA,25473,Municipio,-74.221154,4.70653,
5792,MOSQUERA,"2,014",1,52,NARIÑO,52473,Municipio,-78.452992,2.507139,
5793,MOSQUERA,"2,015",3,25,CUNDINAMARCA,25473,Municipio,-74.221154,4.70653,
5794,MOSQUERA,"2,015",3,52,NARIÑO,52473,Municipio,-78.452992,2.507139,
5795,MOSQUERA,"2,016",3,25,CUNDINAMARCA,25473,Municipio,-74.221154,4.70653,
5796,MOSQUERA,"2,016",3,52,NARIÑO,52473,Municipio,-78.452992,2.507139,
5797,MOSQUERA,"2,017",1,25,CUNDINAMARCA,25473,Municipio,-74.221154,4.70653,
5798,MOSQUERA,"2,017",1,52,NARIÑO,52473,Municipio,-78.452992,2.507139,
5799,MOSQUERA,"2,018",5,25,CUNDINAMARCA,25473,Municipio,-74.221154,4.70653,
5800,MOSQUERA,"2,018",5,52,NARIÑO,52473,Municipio,-78.452992,2.507139,
5801,MOSQUERA,"2,019",10,25,CUNDINAMARCA,25473,Municipio,-74.221154,4.70653,
5802,MOSQUERA,"2,019",10,52,NARIÑO,52473,Municipio,-78.452992,2.507139,
5803,MOTAVITA,"2,005",1,15,BOYACÁ,15476,Municipio,-73.367841,5.5777,
5804,MURILLO,"2,010",1,73,TOLIMA,73461,Municipio,-75.171022,4.874341,
5805,MUTATÁ,"1,985",1,5,ANTIOQUIA,5480,Municipio,-76.435875,7.242875,
5806,MUTATÁ,"2,008",2,5,ANTIOQUIA,5480,Municipio,-76.435875,7.242875,
5807,MUTATÁ,"2,012",1,5,ANTIOQUIA,5480,Municipio,-76.435875,7.242875,
5808,MUTATÁ,"2,015",1,5,ANTIOQUIA,5480,Municipio,-76.435875,7.242875,
5809,MUTATÁ,"2,018",2,5,ANTIOQUIA,5480,Municipio,-76.435875,7.242875,
5810,MUZO,"1,991",1,15,BOYACÁ,15480,Municipio,-74.10269,5.532758,
5811,MUZO,"1,997",1,15,BOYACÁ,15480,Municipio,-74.10269,5.532758,
5812,MUZO,"2,010",1,15,BOYACÁ,15480,Municipio,-74.10269,5.532758,
5813,MUZO,"2,019",1,15,BOYACÁ,15480,Municipio,-74.10269,5.532758,
5814,MÁLAGA,"1,989",1,68,SANTANDER,68432,Municipio,-72.732089,6.703081,
5815,MÁLAGA,"1,991",1,68,SANTANDER,68432,Municipio,-72.732089,6.703081,
5816,MÁLAGA,"1,996",2,68,SANTANDER,68432,Municipio,-72.732089,6.703081,
5817,MÁLAGA,"1,997",2,68,SANTANDER,68432,Municipio,-72.732089,6.703081,
5818,MÁLAGA,"1,998",1,68,SANTANDER,68432,Municipio,-72.732089,6.703081,
5819,MÁLAGA,"1,999",1,68,SANTANDER,68432,Municipio,-72.732089,6.703081,
5820,MÁLAGA,"2,000",2,68,SANTANDER,68432,Municipio,-72.732089,6.703081,
5821,MÁLAGA,"2,001",1,68,SANTANDER,68432,Municipio,-72.732089,6.703081,
5822,MÁLAGA,"2,004",1,68,SANTANDER,68432,Municipio,-72.732089,6.703081,
5823,MÁLAGA,"2,005",1,68,SANTANDER,68432,Municipio,-72.732089,6.703081,
5824,MÁLAGA,"2,007",1,68,SANTANDER,68432,Municipio,-72.732089,6.703081,
5825,MÁLAGA,"2,008",1,68,SANTANDER,68432,Municipio,-72.732089,6.703081,
5826,MÁLAGA,"2,009",1,68,SANTANDER,68432,Municipio,-72.732089,6.703081,
5827,MÁLAGA,"2,011",3,68,SANTANDER,68432,Municipio,-72.732089,6.703081,
5828,MÁLAGA,"2,014",5,68,SANTANDER,68432,Municipio,-72.732089,6.703081,
5829,MÁLAGA,"2,015",2,68,SANTANDER,68432,Municipio,-72.732089,6.703081,
5830,MÁLAGA,"2,016",1,68,SANTANDER,68432,Municipio,-72.732089,6.703081,
5831,MÁLAGA,"2,017",1,68,SANTANDER,68432,Municipio,-72.732089,6.703081,
5832,MÁLAGA,"2,018",2,68,SANTANDER,68432,Municipio,-72.732089,6.703081,
5833,MÁLAGA,"2,019",3,68,SANTANDER,68432,Municipio,-72.732089,6.703081,
5834,NARIÑO,"1,986",1,5,ANTIOQUIA,5483,Municipio,-75.176262,5.610777,
5835,NARIÑO,"1,986",1,25,CUNDINAMARCA,25483,Municipio,-74.824732,4.399837,
5836,NARIÑO,"1,986",1,52,NARIÑO,52480,Municipio,-77.357972,1.288979,
5837,NARIÑO,"1,988",1,5,ANTIOQUIA,5483,Municipio,-75.176262,5.610777,
5838,NARIÑO,"1,988",1,25,CUNDINAMARCA,25483,Municipio,-74.824732,4.399837,
5839,NARIÑO,"1,988",1,52,NARIÑO,52480,Municipio,-77.357972,1.288979,
5840,NARIÑO,"1,990",1,5,ANTIOQUIA,5483,Municipio,-75.176262,5.610777,
5841,NARIÑO,"1,990",1,25,CUNDINAMARCA,25483,Municipio,-74.824732,4.399837,
5842,NARIÑO,"1,990",1,52,NARIÑO,52480,Municipio,-77.357972,1.288979,
5843,NARIÑO,"1,992",1,5,ANTIOQUIA,5483,Municipio,-75.176262,5.610777,
5844,NARIÑO,"1,992",1,25,CUNDINAMARCA,25483,Municipio,-74.824732,4.399837,
5845,NARIÑO,"1,992",1,52,NARIÑO,52480,Municipio,-77.357972,1.288979,
5846,NARIÑO,"1,995",3,5,ANTIOQUIA,5483,Municipio,-75.176262,5.610777,
5847,NARIÑO,"1,995",3,25,CUNDINAMARCA,25483,Municipio,-74.824732,4.399837,
5848,NARIÑO,"1,995",3,52,NARIÑO,52480,Municipio,-77.357972,1.288979,
5849,NARIÑO,"1,996",1,5,ANTIOQUIA,5483,Municipio,-75.176262,5.610777,
5850,NARIÑO,"1,996",1,25,CUNDINAMARCA,25483,Municipio,-74.824732,4.399837,
5851,NARIÑO,"1,996",1,52,NARIÑO,52480,Municipio,-77.357972,1.288979,
5852,NARIÑO,"2,004",1,5,ANTIOQUIA,5483,Municipio,-75.176262,5.610777,
5853,NARIÑO,"2,004",1,25,CUNDINAMARCA,25483,Municipio,-74.824732,4.399837,
5854,NARIÑO,"2,004",1,52,NARIÑO,52480,Municipio,-77.357972,1.288979,
5855,NARIÑO,"2,012",1,5,ANTIOQUIA,5483,Municipio,-75.176262,5.610777,
5856,NARIÑO,"2,012",1,25,CUNDINAMARCA,25483,Municipio,-74.824732,4.399837,
5857,NARIÑO,"2,012",1,52,NARIÑO,52480,Municipio,-77.357972,1.288979,
5858,NARIÑO,"2,018",1,5,ANTIOQUIA,5483,Municipio,-75.176262,5.610777,
5859,NARIÑO,"2,018",1,25,CUNDINAMARCA,25483,Municipio,-74.824732,4.399837,
5860,NARIÑO,"2,018",1,52,NARIÑO,52480,Municipio,-77.357972,1.288979,
5861,NATAGAIMA,"1,986",1,73,TOLIMA,73483,Municipio,-75.093182,3.624324,
5862,NATAGAIMA,"1,988",1,73,TOLIMA,73483,Municipio,-75.093182,3.624324,
5863,NATAGAIMA,"1,994",1,73,TOLIMA,73483,Municipio,-75.093182,3.624324,
5864,NATAGAIMA,"1,995",1,73,TOLIMA,73483,Municipio,-75.093182,3.624324,
5865,NATAGAIMA,"1,996",1,73,TOLIMA,73483,Municipio,-75.093182,3.624324,
5866,NATAGAIMA,"1,997",1,73,TOLIMA,73483,Municipio,-75.093182,3.624324,
5867,NATAGAIMA,"2,000",1,73,TOLIMA,73483,Municipio,-75.093182,3.624324,
5868,NATAGAIMA,"2,001",2,73,TOLIMA,73483,Municipio,-75.093182,3.624324,
5869,NATAGAIMA,"2,002",1,73,TOLIMA,73483,Municipio,-75.093182,3.624324,
5870,NATAGAIMA,"2,003",1,73,TOLIMA,73483,Municipio,-75.093182,3.624324,
5871,NATAGAIMA,"2,004",2,73,TOLIMA,73483,Municipio,-75.093182,3.624324,
5872,NATAGAIMA,"2,007",4,73,TOLIMA,73483,Municipio,-75.093182,3.624324,
5873,NATAGAIMA,"2,008",1,73,TOLIMA,73483,Municipio,-75.093182,3.624324,
5874,NATAGAIMA,"2,009",2,73,TOLIMA,73483,Municipio,-75.093182,3.624324,
5875,NATAGAIMA,"2,012",1,73,TOLIMA,73483,Municipio,-75.093182,3.624324,
5876,NATAGAIMA,"2,013",1,73,TOLIMA,73483,Municipio,-75.093182,3.624324,
5877,NATAGAIMA,"2,014",1,73,TOLIMA,73483,Municipio,-75.093182,3.624324,
5878,NATAGAIMA,"2,015",1,73,TOLIMA,73483,Municipio,-75.093182,3.624324,
5879,NECHÍ,"1,994",1,5,ANTIOQUIA,5495,Municipio,-74.77647,8.094129,
5880,NECHÍ,"1,995",1,5,ANTIOQUIA,5495,Municipio,-74.77647,8.094129,
5881,NECHÍ,"2,014",1,5,ANTIOQUIA,5495,Municipio,-74.77647,8.094129,
5882,NECHÍ,"2,017",1,5,ANTIOQUIA,5495,Municipio,-74.77647,8.094129,
5883,NECHÍ,"2,019",1,5,ANTIOQUIA,5495,Municipio,-74.77647,8.094129,
5884,NECOCLÍ,"1,987",1,5,ANTIOQUIA,5490,Municipio,-76.787271,8.434526,
5885,NECOCLÍ,"2,000",1,5,ANTIOQUIA,5490,Municipio,-76.787271,8.434526,
5886,NECOCLÍ,"2,003",1,5,ANTIOQUIA,5490,Municipio,-76.787271,8.434526,
5887,NECOCLÍ,"2,004",1,5,ANTIOQUIA,5490,Municipio,-76.787271,8.434526,
5888,NECOCLÍ,"2,007",1,5,ANTIOQUIA,5490,Municipio,-76.787271,8.434526,
5889,NECOCLÍ,"2,010",1,5,ANTIOQUIA,5490,Municipio,-76.787271,8.434526,
5890,NECOCLÍ,"2,014",1,5,ANTIOQUIA,5490,Municipio,-76.787271,8.434526,
5891,NECOCLÍ,"2,017",1,5,ANTIOQUIA,5490,Municipio,-76.787271,8.434526,
5892,NEIRA,"1,988",3,17,CALDAS,17486,Municipio,-75.520006,5.166895,
5893,NEIRA,"1,989",2,17,CALDAS,17486,Municipio,-75.520006,5.166895,
5894,NEIRA,"1,990",2,17,CALDAS,17486,Municipio,-75.520006,5.166895,
5895,NEIRA,"1,992",1,17,CALDAS,17486,Municipio,-75.520006,5.166895,
5896,NEIRA,"1,993",1,17,CALDAS,17486,Municipio,-75.520006,5.166895,
5897,NEIRA,"1,996",1,17,CALDAS,17486,Municipio,-75.520006,5.166895,
5898,NEIRA,"1,998",1,17,CALDAS,17486,Municipio,-75.520006,5.166895,
5899,NEIRA,"1,999",1,17,CALDAS,17486,Municipio,-75.520006,5.166895,
5900,NEIRA,"2,001",1,17,CALDAS,17486,Municipio,-75.520006,5.166895,
5901,NEIRA,"2,002",1,17,CALDAS,17486,Municipio,-75.520006,5.166895,
5902,NEIRA,"2,003",1,17,CALDAS,17486,Municipio,-75.520006,5.166895,
5903,NEIRA,"2,004",1,17,CALDAS,17486,Municipio,-75.520006,5.166895,
5904,NEIRA,"2,005",1,17,CALDAS,17486,Municipio,-75.520006,5.166895,
5905,NEIRA,"2,007",1,17,CALDAS,17486,Municipio,-75.520006,5.166895,
5906,NEIRA,"2,008",2,17,CALDAS,17486,Municipio,-75.520006,5.166895,
5907,NEIRA,"2,009",1,17,CALDAS,17486,Municipio,-75.520006,5.166895,
5908,NEIRA,"2,011",1,17,CALDAS,17486,Municipio,-75.520006,5.166895,
5909,NEIRA,"2,015",4,17,CALDAS,17486,Municipio,-75.520006,5.166895,
5910,NEIRA,"2,016",2,17,CALDAS,17486,Municipio,-75.520006,5.166895,
5911,NEIRA,"2,017",3,17,CALDAS,17486,Municipio,-75.520006,5.166895,
5912,NEIRA,"2,018",1,17,CALDAS,17486,Municipio,-75.520006,5.166895,
5913,NEIVA,"1,985",10,41,HUILA,41001,Municipio,-75.277327,2.935432,
5914,NEIVA,"1,986",5,41,HUILA,41001,Municipio,-75.277327,2.935432,
5915,NEIVA,"1,987",7,41,HUILA,41001,Municipio,-75.277327,2.935432,
5916,NEIVA,"1,988",6,41,HUILA,41001,Municipio,-75.277327,2.935432,
5917,NEIVA,"1,989",8,41,HUILA,41001,Municipio,-75.277327,2.935432,
5918,NEIVA,"1,990",5,41,HUILA,41001,Municipio,-75.277327,2.935432,
5919,NEIVA,"1,991",9,41,HUILA,41001,Municipio,-75.277327,2.935432,
5920,NEIVA,"1,992",7,41,HUILA,41001,Municipio,-75.277327,2.935432,
5921,NEIVA,"1,993",10,41,HUILA,41001,Municipio,-75.277327,2.935432,
5922,NEIVA,"1,994",8,41,HUILA,41001,Municipio,-75.277327,2.935432,
5923,NEIVA,"1,995",6,41,HUILA,41001,Municipio,-75.277327,2.935432,
5924,NEIVA,"1,996",10,41,HUILA,41001,Municipio,-75.277327,2.935432,
5925,NEIVA,"1,997",14,41,HUILA,41001,Municipio,-75.277327,2.935432,
5926,NEIVA,"1,998",5,41,HUILA,41001,Municipio,-75.277327,2.935432,
5927,NEIVA,"1,999",12,41,HUILA,41001,Municipio,-75.277327,2.935432,
5928,NEIVA,"2,000",9,41,HUILA,41001,Municipio,-75.277327,2.935432,
5929,NEIVA,"2,001",10,41,HUILA,41001,Municipio,-75.277327,2.935432,
5930,NEIVA,"2,002",9,41,HUILA,41001,Municipio,-75.277327,2.935432,
5931,NEIVA,"2,003",11,41,HUILA,41001,Municipio,-75.277327,2.935432,
5932,NEIVA,"2,004",13,41,HUILA,41001,Municipio,-75.277327,2.935432,
5933,NEIVA,"2,005",17,41,HUILA,41001,Municipio,-75.277327,2.935432,
5934,NEIVA,"2,006",15,41,HUILA,41001,Municipio,-75.277327,2.935432,
5935,NEIVA,"2,007",21,41,HUILA,41001,Municipio,-75.277327,2.935432,
5936,NEIVA,"2,008",25,41,HUILA,41001,Municipio,-75.277327,2.935432,
5937,NEIVA,"2,009",29,41,HUILA,41001,Municipio,-75.277327,2.935432,
5938,NEIVA,"2,010",26,41,HUILA,41001,Municipio,-75.277327,2.935432,
5939,NEIVA,"2,011",23,41,HUILA,41001,Municipio,-75.277327,2.935432,
5940,NEIVA,"2,012",31,41,HUILA,41001,Municipio,-75.277327,2.935432,
5941,NEIVA,"2,013",35,41,HUILA,41001,Municipio,-75.277327,2.935432,
5942,NEIVA,"2,014",33,41,HUILA,41001,Municipio,-75.277327,2.935432,
5943,NEIVA,"2,015",40,41,HUILA,41001,Municipio,-75.277327,2.935432,
5944,NEIVA,"2,016",40,41,HUILA,41001,Municipio,-75.277327,2.935432,
5945,NEIVA,"2,017",53,41,HUILA,41001,Municipio,-75.277327,2.935432,
5946,NEIVA,"2,018",38,41,HUILA,41001,Municipio,-75.277327,2.935432,
5947,NEIVA,"2,019",61,41,HUILA,41001,Municipio,-75.277327,2.935432,
5948,NEMOCÓN,"1,990",2,25,CUNDINAMARCA,25486,Municipio,-73.877888,5.068705,
5949,NEMOCÓN,"2,003",1,25,CUNDINAMARCA,25486,Municipio,-73.877888,5.068705,
5950,NEMOCÓN,"2,010",1,25,CUNDINAMARCA,25486,Municipio,-73.877888,5.068705,
5951,NEMOCÓN,"2,016",1,25,CUNDINAMARCA,25486,Municipio,-73.877888,5.068705,
5952,NEMOCÓN,"2,018",1,25,CUNDINAMARCA,25486,Municipio,-73.877888,5.068705,
5953,NILO,"2,004",1,25,CUNDINAMARCA,25488,Municipio,-74.620009,4.305838,
5954,NILO,"2,005",1,25,CUNDINAMARCA,25488,Municipio,-74.620009,4.305838,
5955,NILO,"2,006",1,25,CUNDINAMARCA,25488,Municipio,-74.620009,4.305838,
5956,NILO,"2,013",1,25,CUNDINAMARCA,25488,Municipio,-74.620009,4.305838,
5957,NIMAIMA,"1,986",1,25,CUNDINAMARCA,25489,Municipio,-74.38604,5.125992,
5958,NIMAIMA,"1,999",1,25,CUNDINAMARCA,25489,Municipio,-74.38604,5.125992,
5959,NIMAIMA,"2,004",1,25,CUNDINAMARCA,25489,Municipio,-74.38604,5.125992,
5960,NOBSA,"1,987",1,15,BOYACÁ,15491,Municipio,-72.937042,5.768046,
5961,NOBSA,"1,989",1,15,BOYACÁ,15491,Municipio,-72.937042,5.768046,
5962,NOBSA,"1,998",1,15,BOYACÁ,15491,Municipio,-72.937042,5.768046,
5963,NOBSA,"2,000",1,15,BOYACÁ,15491,Municipio,-72.937042,5.768046,
5964,NOBSA,"2,001",1,15,BOYACÁ,15491,Municipio,-72.937042,5.768046,
5965,NOBSA,"2,002",2,15,BOYACÁ,15491,Municipio,-72.937042,5.768046,
5966,NOBSA,"2,007",1,15,BOYACÁ,15491,Municipio,-72.937042,5.768046,
5967,NOBSA,"2,008",1,15,BOYACÁ,15491,Municipio,-72.937042,5.768046,
5968,NOBSA,"2,010",1,15,BOYACÁ,15491,Municipio,-72.937042,5.768046,
5969,NOBSA,"2,011",1,15,BOYACÁ,15491,Municipio,-72.937042,5.768046,
5970,NOBSA,"2,019",1,15,BOYACÁ,15491,Municipio,-72.937042,5.768046,
5971,NOCAIMA,"1,989",1,25,CUNDINAMARCA,25491,Municipio,-74.379093,5.069466,
5972,NOCAIMA,"1,993",1,25,CUNDINAMARCA,25491,Municipio,-74.379093,5.069466,
5973,NOCAIMA,"1,994",1,25,CUNDINAMARCA,25491,Municipio,-74.379093,5.069466,
5974,NORCASIA,"2,001",1,17,CALDAS,17495,Municipio,-74.889543,5.574796,
5975,NORCASIA,"2,002",1,17,CALDAS,17495,Municipio,-74.889543,5.574796,
5976,NORCASIA,"2,013",1,17,CALDAS,17495,Municipio,-74.889543,5.574796,
5977,NORCASIA,"2,014",1,17,CALDAS,17495,Municipio,-74.889543,5.574796,
5978,NUEVA GRANADA,"2,013",1,47,MAGDALENA,47460,Municipio,-74.391841,9.80186,
5979,NUEVA GRANADA,"2,016",1,47,MAGDALENA,47460,Municipio,-74.391841,9.80186,
5980,NUEVO COLÓN,"2,003",1,15,BOYACÁ,15494,Municipio,-73.456759,5.355317,
5981,NUEVO COLÓN,"2,017",1,15,BOYACÁ,15494,Municipio,-73.456759,5.355317,
5982,NUEVO COLÓN,"2,019",1,15,BOYACÁ,15494,Municipio,-73.456759,5.355317,
5983,NUNCHÍA,"2,004",1,85,CASANARE,85225,Municipio,-72.195323,5.636474,
5984,NUNCHÍA,"2,011",1,85,CASANARE,85225,Municipio,-72.195323,5.636474,
5985,NUNCHÍA,"2,017",1,85,CASANARE,85225,Municipio,-72.195323,5.636474,
5986,NÁTAGA,"2,010",1,41,HUILA,41483,Municipio,-75.808756,2.5451,
5987,NÓVITA,"2,010",1,27,CHOCÓ,27491,Municipio,-76.609467,4.956063,
5988,OBANDO,"1,985",1,76,VALLE DEL CAUCA,76497,Municipio,-75.974709,4.575712,
5989,OBANDO,"1,997",1,76,VALLE DEL CAUCA,76497,Municipio,-75.974709,4.575712,
5990,OBANDO,"2,000",1,76,VALLE DEL CAUCA,76497,Municipio,-75.974709,4.575712,
5991,OBANDO,"2,006",1,76,VALLE DEL CAUCA,76497,Municipio,-75.974709,4.575712,
5992,OBANDO,"2,007",2,76,VALLE DEL CAUCA,76497,Municipio,-75.974709,4.575712,
5993,OBANDO,"2,010",1,76,VALLE DEL CAUCA,76497,Municipio,-75.974709,4.575712,
5994,OBANDO,"2,011",1,76,VALLE DEL CAUCA,76497,Municipio,-75.974709,4.575712,
5995,OBANDO,"2,012",2,76,VALLE DEL CAUCA,76497,Municipio,-75.974709,4.575712,
5996,OBANDO,"2,015",1,76,VALLE DEL CAUCA,76497,Municipio,-75.974709,4.575712,
5997,OBANDO,"2,019",1,76,VALLE DEL CAUCA,76497,Municipio,-75.974709,4.575712,
5998,OCAMONTE,"2,002",1,68,SANTANDER,68498,Municipio,-73.122563,6.339988,
5999,OCAMONTE,"2,008",1,68,SANTANDER,68498,Municipio,-73.122563,6.339988,
6000,OCAMONTE,"2,010",1,68,SANTANDER,68498,Municipio,-73.122563,6.339988,
6001,OCAMONTE,"2,011",1,68,SANTANDER,68498,Municipio,-73.122563,6.339988,
6002,OCAMONTE,"2,013",1,68,SANTANDER,68498,Municipio,-73.122563,6.339988,
6003,OCAÑA,"1,985",1,54,NORTE DE SANTANDER,54498,Municipio,-73.35607,8.248574,
6004,OCAÑA,"1,986",3,54,NORTE DE SANTANDER,54498,Municipio,-73.35607,8.248574,
6005,OCAÑA,"1,987",2,54,NORTE DE SANTANDER,54498,Municipio,-73.35607,8.248574,
6006,OCAÑA,"1,988",2,54,NORTE DE SANTANDER,54498,Municipio,-73.35607,8.248574,
6007,OCAÑA,"1,989",3,54,NORTE DE SANTANDER,54498,Municipio,-73.35607,8.248574,
6008,OCAÑA,"1,990",3,54,NORTE DE SANTANDER,54498,Municipio,-73.35607,8.248574,
6009,OCAÑA,"1,992",1,54,NORTE DE SANTANDER,54498,Municipio,-73.35607,8.248574,
6010,OCAÑA,"1,993",3,54,NORTE DE SANTANDER,54498,Municipio,-73.35607,8.248574,
6011,OCAÑA,"1,994",3,54,NORTE DE SANTANDER,54498,Municipio,-73.35607,8.248574,
6012,OCAÑA,"1,995",7,54,NORTE DE SANTANDER,54498,Municipio,-73.35607,8.248574,
6013,OCAÑA,"1,996",1,54,NORTE DE SANTANDER,54498,Municipio,-73.35607,8.248574,
6014,OCAÑA,"1,997",5,54,NORTE DE SANTANDER,54498,Municipio,-73.35607,8.248574,
6015,OCAÑA,"1,999",3,54,NORTE DE SANTANDER,54498,Municipio,-73.35607,8.248574,
6016,OCAÑA,"2,000",2,54,NORTE DE SANTANDER,54498,Municipio,-73.35607,8.248574,
6017,OCAÑA,"2,002",4,54,NORTE DE SANTANDER,54498,Municipio,-73.35607,8.248574,
6018,OCAÑA,"2,003",1,54,NORTE DE SANTANDER,54498,Municipio,-73.35607,8.248574,
6019,OCAÑA,"2,004",5,54,NORTE DE SANTANDER,54498,Municipio,-73.35607,8.248574,
6020,OCAÑA,"2,005",3,54,NORTE DE SANTANDER,54498,Municipio,-73.35607,8.248574,
6021,OCAÑA,"2,006",2,54,NORTE DE SANTANDER,54498,Municipio,-73.35607,8.248574,
6022,OCAÑA,"2,007",5,54,NORTE DE SANTANDER,54498,Municipio,-73.35607,8.248574,
6023,OCAÑA,"2,008",3,54,NORTE DE SANTANDER,54498,Municipio,-73.35607,8.248574,
6024,OCAÑA,"2,009",4,54,NORTE DE SANTANDER,54498,Municipio,-73.35607,8.248574,
6025,OCAÑA,"2,010",5,54,NORTE DE SANTANDER,54498,Municipio,-73.35607,8.248574,
6026,OCAÑA,"2,011",6,54,NORTE DE SANTANDER,54498,Municipio,-73.35607,8.248574,
6027,OCAÑA,"2,012",9,54,NORTE DE SANTANDER,54498,Municipio,-73.35607,8.248574,
6028,OCAÑA,"2,013",5,54,NORTE DE SANTANDER,54498,Municipio,-73.35607,8.248574,
6029,OCAÑA,"2,014",5,54,NORTE DE SANTANDER,54498,Municipio,-73.35607,8.248574,
6030,OCAÑA,"2,015",5,54,NORTE DE SANTANDER,54498,Municipio,-73.35607,8.248574,
6031,OCAÑA,"2,016",10,54,NORTE DE SANTANDER,54498,Municipio,-73.35607,8.248574,
6032,OCAÑA,"2,017",2,54,NORTE DE SANTANDER,54498,Municipio,-73.35607,8.248574,
6033,OCAÑA,"2,018",5,54,NORTE DE SANTANDER,54498,Municipio,-73.35607,8.248574,
6034,OCAÑA,"2,019",11,54,NORTE DE SANTANDER,54498,Municipio,-73.35607,8.248574,
6035,OIBA,"1,994",1,68,SANTANDER,68500,Municipio,-73.299791,6.26521,
6036,OIBA,"2,000",2,68,SANTANDER,68500,Municipio,-73.299791,6.26521,
6037,OIBA,"2,001",1,68,SANTANDER,68500,Municipio,-73.299791,6.26521,
6038,OIBA,"2,009",1,68,SANTANDER,68500,Municipio,-73.299791,6.26521,
6039,OIBA,"2,011",1,68,SANTANDER,68500,Municipio,-73.299791,6.26521,
6040,OIBA,"2,013",1,68,SANTANDER,68500,Municipio,-73.299791,6.26521,
6041,OIBA,"2,015",1,68,SANTANDER,68500,Municipio,-73.299791,6.26521,
6042,OIBA,"2,017",1,68,SANTANDER,68500,Municipio,-73.299791,6.26521,
6043,OICATÁ,"2,019",1,15,BOYACÁ,15500,Municipio,-73.308399,5.595235,
6044,OLAYA,"2,001",1,5,ANTIOQUIA,5501,Municipio,-75.811773,6.626492,
6045,OLAYA,"2,019",1,5,ANTIOQUIA,5501,Municipio,-75.811773,6.626492,
6046,OLAYA HERRERA,"1,994",1,52,NARIÑO,52490,Municipio,-78.325814,2.347457,
6047,ONZAGA,"2,002",1,68,SANTANDER,68502,Municipio,-72.816766,6.344104,
6048,OPORAPA,"1,990",1,41,HUILA,41503,Municipio,-75.995165,2.025088,
6049,OPORAPA,"2,008",1,41,HUILA,41503,Municipio,-75.995165,2.025088,
6050,OPORAPA,"2,010",1,41,HUILA,41503,Municipio,-75.995165,2.025088,
6051,ORITO,"2,005",1,86,PUTUMAYO,86320,Municipio,-76.873276,0.663593,
6052,ORITO,"2,013",1,86,PUTUMAYO,86320,Municipio,-76.873276,0.663593,
6053,ORITO,"2,014",1,86,PUTUMAYO,86320,Municipio,-76.873276,0.663593,
6054,OROCUÉ,"2,008",1,85,CASANARE,85230,Municipio,-71.338533,4.790258,
6055,OROCUÉ,"2,009",1,85,CASANARE,85230,Municipio,-71.338533,4.790258,
6056,ORTEGA,"1,996",1,73,TOLIMA,73504,Municipio,-75.222601,3.934916,
6057,ORTEGA,"2,001",1,73,TOLIMA,73504,Municipio,-75.222601,3.934916,
6058,ORTEGA,"2,006",3,73,TOLIMA,73504,Municipio,-75.222601,3.934916,
6059,ORTEGA,"2,010",1,73,TOLIMA,73504,Municipio,-75.222601,3.934916,
6060,ORTEGA,"2,011",2,73,TOLIMA,73504,Municipio,-75.222601,3.934916,
6061,ORTEGA,"2,012",1,73,TOLIMA,73504,Municipio,-75.222601,3.934916,
6062,ORTEGA,"2,014",1,73,TOLIMA,73504,Municipio,-75.222601,3.934916,
6063,OVEJAS,"1,989",1,70,SUCRE,70508,Municipio,-75.229037,9.527176,
6064,OVEJAS,"1,993",1,70,SUCRE,70508,Municipio,-75.229037,9.527176,
6065,OVEJAS,"1,994",1,70,SUCRE,70508,Municipio,-75.229037,9.527176,
6066,OVEJAS,"1,996",1,70,SUCRE,70508,Municipio,-75.229037,9.527176,
6067,OVEJAS,"2,001",2,70,SUCRE,70508,Municipio,-75.229037,9.527176,
6068,OVEJAS,"2,004",1,70,SUCRE,70508,Municipio,-75.229037,9.527176,
6069,OVEJAS,"2,006",1,70,SUCRE,70508,Municipio,-75.229037,9.527176,
6070,OVEJAS,"2,014",1,70,SUCRE,70508,Municipio,-75.229037,9.527176,
6071,OVEJAS,"2,019",1,70,SUCRE,70508,Municipio,-75.229037,9.527176,
6072,PACHAVITA,"2,001",1,15,BOYACÁ,15511,Municipio,-73.396953,5.140065,
6073,PACHAVITA,"2,008",1,15,BOYACÁ,15511,Municipio,-73.396953,5.140065,
6074,PACHAVITA,"2,010",1,15,BOYACÁ,15511,Municipio,-73.396953,5.140065,
6075,PACHAVITA,"2,015",1,15,BOYACÁ,15511,Municipio,-73.396953,5.140065,
6076,PACHAVITA,"2,017",1,15,BOYACÁ,15511,Municipio,-73.396953,5.140065,
6077,PACHO,"1,985",1,25,CUNDINAMARCA,25513,Municipio,-74.156132,5.136907,
6078,PACHO,"1,987",2,25,CUNDINAMARCA,25513,Municipio,-74.156132,5.136907,
6079,PACHO,"1,991",1,25,CUNDINAMARCA,25513,Municipio,-74.156132,5.136907,
6080,PACHO,"1,992",1,25,CUNDINAMARCA,25513,Municipio,-74.156132,5.136907,
6081,PACHO,"1,993",2,25,CUNDINAMARCA,25513,Municipio,-74.156132,5.136907,
6082,PACHO,"1,996",1,25,CUNDINAMARCA,25513,Municipio,-74.156132,5.136907,
6083,PACHO,"1,999",2,25,CUNDINAMARCA,25513,Municipio,-74.156132,5.136907,
6084,PACHO,"2,002",1,25,CUNDINAMARCA,25513,Municipio,-74.156132,5.136907,
6085,PACHO,"2,003",2,25,CUNDINAMARCA,25513,Municipio,-74.156132,5.136907,
6086,PACHO,"2,005",2,25,CUNDINAMARCA,25513,Municipio,-74.156132,5.136907,
6087,PACHO,"2,006",1,25,CUNDINAMARCA,25513,Municipio,-74.156132,5.136907,
6088,PACHO,"2,007",2,25,CUNDINAMARCA,25513,Municipio,-74.156132,5.136907,
6089,PACHO,"2,008",1,25,CUNDINAMARCA,25513,Municipio,-74.156132,5.136907,
6090,PACHO,"2,009",3,25,CUNDINAMARCA,25513,Municipio,-74.156132,5.136907,
6091,PACHO,"2,010",1,25,CUNDINAMARCA,25513,Municipio,-74.156132,5.136907,
6092,PACHO,"2,011",5,25,CUNDINAMARCA,25513,Municipio,-74.156132,5.136907,
6093,PACHO,"2,012",1,25,CUNDINAMARCA,25513,Municipio,-74.156132,5.136907,
6094,PACHO,"2,013",3,25,CUNDINAMARCA,25513,Municipio,-74.156132,5.136907,
6095,PACHO,"2,015",1,25,CUNDINAMARCA,25513,Municipio,-74.156132,5.136907,
6096,PACHO,"2,017",3,25,CUNDINAMARCA,25513,Municipio,-74.156132,5.136907,
6097,PACHO,"2,019",1,25,CUNDINAMARCA,25513,Municipio,-74.156132,5.136907,
6098,PADILLA,"1,988",4,19,CAUCA,19513,Municipio,-76.313265,3.220984,
6099,PADILLA,"1,989",1,19,CAUCA,19513,Municipio,-76.313265,3.220984,
6100,PADILLA,"1,990",1,19,CAUCA,19513,Municipio,-76.313265,3.220984,
6101,PADILLA,"1,996",2,19,CAUCA,19513,Municipio,-76.313265,3.220984,
6102,PADILLA,"1,998",1,19,CAUCA,19513,Municipio,-76.313265,3.220984,
6103,PADILLA,"2,004",1,19,CAUCA,19513,Municipio,-76.313265,3.220984,
6104,PAICOL,"1,990",1,41,HUILA,41518,Municipio,-75.773158,2.449651,
6105,PAICOL,"1,994",1,41,HUILA,41518,Municipio,-75.773158,2.449651,
6106,PAICOL,"2,009",1,41,HUILA,41518,Municipio,-75.773158,2.449651,
6107,PAICOL,"2,013",1,41,HUILA,41518,Municipio,-75.773158,2.449651,
6108,PAILITAS,"1,987",1,20,CESAR,20517,Municipio,-73.625825,8.959399,
6109,PAILITAS,"1,994",1,20,CESAR,20517,Municipio,-73.625825,8.959399,
6110,PAILITAS,"1,999",1,20,CESAR,20517,Municipio,-73.625825,8.959399,
6111,PAILITAS,"2,002",1,20,CESAR,20517,Municipio,-73.625825,8.959399,
6112,PAILITAS,"2,013",1,20,CESAR,20517,Municipio,-73.625825,8.959399,
6113,PAILITAS,"2,014",1,20,CESAR,20517,Municipio,-73.625825,8.959399,
6114,PAIME,"1,993",1,25,CUNDINAMARCA,25518,Municipio,-74.152213,5.370487,
6115,PAIME,"2,006",1,25,CUNDINAMARCA,25518,Municipio,-74.152213,5.370487,
6116,PAIME,"2,012",1,25,CUNDINAMARCA,25518,Municipio,-74.152213,5.370487,
6117,PAIPA,"1,990",1,15,BOYACÁ,15516,Municipio,-73.11782,5.779894,
6118,PAIPA,"1,991",1,15,BOYACÁ,15516,Municipio,-73.11782,5.779894,
6119,PAIPA,"1,993",1,15,BOYACÁ,15516,Municipio,-73.11782,5.779894,
6120,PAIPA,"1,994",1,15,BOYACÁ,15516,Municipio,-73.11782,5.779894,
6121,PAIPA,"1,995",1,15,BOYACÁ,15516,Municipio,-73.11782,5.779894,
6122,PAIPA,"1,996",2,15,BOYACÁ,15516,Municipio,-73.11782,5.779894,
6123,PAIPA,"1,997",3,15,BOYACÁ,15516,Municipio,-73.11782,5.779894,
6124,PAIPA,"2,001",2,15,BOYACÁ,15516,Municipio,-73.11782,5.779894,
6125,PAIPA,"2,002",1,15,BOYACÁ,15516,Municipio,-73.11782,5.779894,
6126,PAIPA,"2,003",3,15,BOYACÁ,15516,Municipio,-73.11782,5.779894,
6127,PAIPA,"2,004",1,15,BOYACÁ,15516,Municipio,-73.11782,5.779894,
6128,PAIPA,"2,006",4,15,BOYACÁ,15516,Municipio,-73.11782,5.779894,
6129,PAIPA,"2,007",1,15,BOYACÁ,15516,Municipio,-73.11782,5.779894,
6130,PAIPA,"2,008",1,15,BOYACÁ,15516,Municipio,-73.11782,5.779894,
6131,PAIPA,"2,009",1,15,BOYACÁ,15516,Municipio,-73.11782,5.779894,
6132,PAIPA,"2,011",1,15,BOYACÁ,15516,Municipio,-73.11782,5.779894,
6133,PAIPA,"2,012",1,15,BOYACÁ,15516,Municipio,-73.11782,5.779894,
6134,PAIPA,"2,014",1,15,BOYACÁ,15516,Municipio,-73.11782,5.779894,
6135,PAIPA,"2,016",6,15,BOYACÁ,15516,Municipio,-73.11782,5.779894,
6136,PAIPA,"2,019",1,15,BOYACÁ,15516,Municipio,-73.11782,5.779894,
6137,PALERMO,"1,989",1,41,HUILA,41524,Municipio,-75.435296,2.889649,
6138,PALERMO,"1,996",1,41,HUILA,41524,Municipio,-75.435296,2.889649,
6139,PALERMO,"1,997",1,41,HUILA,41524,Municipio,-75.435296,2.889649,
6140,PALERMO,"1,999",1,41,HUILA,41524,Municipio,-75.435296,2.889649,
6141,PALERMO,"2,001",1,41,HUILA,41524,Municipio,-75.435296,2.889649,
6142,PALERMO,"2,002",2,41,HUILA,41524,Municipio,-75.435296,2.889649,
6143,PALERMO,"2,003",1,41,HUILA,41524,Municipio,-75.435296,2.889649,
6144,PALERMO,"2,005",1,41,HUILA,41524,Municipio,-75.435296,2.889649,
6145,PALERMO,"2,008",1,41,HUILA,41524,Municipio,-75.435296,2.889649,
6146,PALERMO,"2,009",1,41,HUILA,41524,Municipio,-75.435296,2.889649,
6147,PALERMO,"2,010",3,41,HUILA,41524,Municipio,-75.435296,2.889649,
6148,PALERMO,"2,012",1,41,HUILA,41524,Municipio,-75.435296,2.889649,
6149,PALERMO,"2,013",1,41,HUILA,41524,Municipio,-75.435296,2.889649,
6150,PALERMO,"2,015",2,41,HUILA,41524,Municipio,-75.435296,2.889649,
6151,PALERMO,"2,016",1,41,HUILA,41524,Municipio,-75.435296,2.889649,
6152,PALERMO,"2,017",2,41,HUILA,41524,Municipio,-75.435296,2.889649,
6153,PALERMO,"2,019",1,41,HUILA,41524,Municipio,-75.435296,2.889649,
6154,PALESTINA,"1,987",1,17,CALDAS,17524,Municipio,-75.624577,5.017879,
6155,PALESTINA,"1,987",1,41,HUILA,41530,Municipio,-76.133251,1.723725,
6156,PALESTINA,"1,997",1,17,CALDAS,17524,Municipio,-75.624577,5.017879,
6157,PALESTINA,"1,997",1,41,HUILA,41530,Municipio,-76.133251,1.723725,
6158,PALESTINA,"2,000",2,17,CALDAS,17524,Municipio,-75.624577,5.017879,
6159,PALESTINA,"2,000",2,41,HUILA,41530,Municipio,-76.133251,1.723725,
6160,PALESTINA,"2,003",1,17,CALDAS,17524,Municipio,-75.624577,5.017879,
6161,PALESTINA,"2,003",1,41,HUILA,41530,Municipio,-76.133251,1.723725,
6162,PALESTINA,"2,004",2,17,CALDAS,17524,Municipio,-75.624577,5.017879,
6163,PALESTINA,"2,004",2,41,HUILA,41530,Municipio,-76.133251,1.723725,
6164,PALESTINA,"2,005",1,17,CALDAS,17524,Municipio,-75.624577,5.017879,
6165,PALESTINA,"2,005",1,41,HUILA,41530,Municipio,-76.133251,1.723725,
6166,PALESTINA,"2,014",1,17,CALDAS,17524,Municipio,-75.624577,5.017879,
6167,PALESTINA,"2,014",1,41,HUILA,41530,Municipio,-76.133251,1.723725,
6168,PALESTINA,"2,016",3,17,CALDAS,17524,Municipio,-75.624577,5.017879,
6169,PALESTINA,"2,016",3,41,HUILA,41530,Municipio,-76.133251,1.723725,
6170,PALESTINA,"2,017",1,17,CALDAS,17524,Municipio,-75.624577,5.017879,
6171,PALESTINA,"2,017",1,41,HUILA,41530,Municipio,-76.133251,1.723725,
6172,PALMAR DE VARELA,"1,994",1,8,ATLÁNTICO,8520,Municipio,-74.754765,10.738591,
6173,PALMAR DE VARELA,"1,996",1,8,ATLÁNTICO,8520,Municipio,-74.754765,10.738591,
6174,PALMAR DE VARELA,"1,997",1,8,ATLÁNTICO,8520,Municipio,-74.754765,10.738591,
6175,PALMAR DE VARELA,"2,004",1,8,ATLÁNTICO,8520,Municipio,-74.754765,10.738591,
6176,PALMAR DE VARELA,"2,005",1,8,ATLÁNTICO,8520,Municipio,-74.754765,10.738591,
6177,PALMAR DE VARELA,"2,006",1,8,ATLÁNTICO,8520,Municipio,-74.754765,10.738591,
6178,PALMAR DE VARELA,"2,009",2,8,ATLÁNTICO,8520,Municipio,-74.754765,10.738591,
6179,PALMAR DE VARELA,"2,010",2,8,ATLÁNTICO,8520,Municipio,-74.754765,10.738591,
6180,PALMAR DE VARELA,"2,011",1,8,ATLÁNTICO,8520,Municipio,-74.754765,10.738591,
6181,PALMAR DE VARELA,"2,015",1,8,ATLÁNTICO,8520,Municipio,-74.754765,10.738591,
6182,PALMAR DE VARELA,"2,016",1,8,ATLÁNTICO,8520,Municipio,-74.754765,10.738591,
6183,PALMAR DE VARELA,"2,017",1,8,ATLÁNTICO,8520,Municipio,-74.754765,10.738591,
6184,PALMAR DE VARELA,"2,019",2,8,ATLÁNTICO,8520,Municipio,-74.754765,10.738591,
6185,PALMAS DEL SOCORRO,"1,994",2,68,SANTANDER,68524,Municipio,-73.287764,6.406139,
6186,PALMAS DEL SOCORRO,"2,006",1,68,SANTANDER,68524,Municipio,-73.287764,6.406139,
6187,PALMAS DEL SOCORRO,"2,008",1,68,SANTANDER,68524,Municipio,-73.287764,6.406139,
6188,PALMAS DEL SOCORRO,"2,018",1,68,SANTANDER,68524,Municipio,-73.287764,6.406139,
6189,PALMIRA,"1,985",11,76,VALLE DEL CAUCA,76520,Municipio,-76.298846,3.531544,
6190,PALMIRA,"1,986",7,76,VALLE DEL CAUCA,76520,Municipio,-76.298846,3.531544,
6191,PALMIRA,"1,987",4,76,VALLE DEL CAUCA,76520,Municipio,-76.298846,3.531544,
6192,PALMIRA,"1,988",7,76,VALLE DEL CAUCA,76520,Municipio,-76.298846,3.531544,
6193,PALMIRA,"1,989",9,76,VALLE DEL CAUCA,76520,Municipio,-76.298846,3.531544,
6194,PALMIRA,"1,990",8,76,VALLE DEL CAUCA,76520,Municipio,-76.298846,3.531544,
6195,PALMIRA,"1,991",16,76,VALLE DEL CAUCA,76520,Municipio,-76.298846,3.531544,
6196,PALMIRA,"1,992",12,76,VALLE DEL CAUCA,76520,Municipio,-76.298846,3.531544,
6197,PALMIRA,"1,993",9,76,VALLE DEL CAUCA,76520,Municipio,-76.298846,3.531544,
6198,PALMIRA,"1,994",9,76,VALLE DEL CAUCA,76520,Municipio,-76.298846,3.531544,
6199,PALMIRA,"1,995",9,76,VALLE DEL CAUCA,76520,Municipio,-76.298846,3.531544,
6200,PALMIRA,"1,996",10,76,VALLE DEL CAUCA,76520,Municipio,-76.298846,3.531544,
6201,PALMIRA,"1,997",17,76,VALLE DEL CAUCA,76520,Municipio,-76.298846,3.531544,
6202,PALMIRA,"1,998",13,76,VALLE DEL CAUCA,76520,Municipio,-76.298846,3.531544,
6203,PALMIRA,"1,999",11,76,VALLE DEL CAUCA,76520,Municipio,-76.298846,3.531544,
6204,PALMIRA,"2,000",9,76,VALLE DEL CAUCA,76520,Municipio,-76.298846,3.531544,
6205,PALMIRA,"2,001",11,76,VALLE DEL CAUCA,76520,Municipio,-76.298846,3.531544,
6206,PALMIRA,"2,002",13,76,VALLE DEL CAUCA,76520,Municipio,-76.298846,3.531544,
6207,PALMIRA,"2,003",12,76,VALLE DEL CAUCA,76520,Municipio,-76.298846,3.531544,
6208,PALMIRA,"2,004",15,76,VALLE DEL CAUCA,76520,Municipio,-76.298846,3.531544,
6209,PALMIRA,"2,005",7,76,VALLE DEL CAUCA,76520,Municipio,-76.298846,3.531544,
6210,PALMIRA,"2,006",12,76,VALLE DEL CAUCA,76520,Municipio,-76.298846,3.531544,
6211,PALMIRA,"2,007",18,76,VALLE DEL CAUCA,76520,Municipio,-76.298846,3.531544,
6212,PALMIRA,"2,008",13,76,VALLE DEL CAUCA,76520,Municipio,-76.298846,3.531544,
6213,PALMIRA,"2,009",15,76,VALLE DEL CAUCA,76520,Municipio,-76.298846,3.531544,
6214,PALMIRA,"2,010",19,76,VALLE DEL CAUCA,76520,Municipio,-76.298846,3.531544,
6215,PALMIRA,"2,011",17,76,VALLE DEL CAUCA,76520,Municipio,-76.298846,3.531544,
6216,PALMIRA,"2,012",19,76,VALLE DEL CAUCA,76520,Municipio,-76.298846,3.531544,
6217,PALMIRA,"2,013",22,76,VALLE DEL CAUCA,76520,Municipio,-76.298846,3.531544,
6218,PALMIRA,"2,014",17,76,VALLE DEL CAUCA,76520,Municipio,-76.298846,3.531544,
6219,PALMIRA,"2,015",27,76,VALLE DEL CAUCA,76520,Municipio,-76.298846,3.531544,
6220,PALMIRA,"2,016",24,76,VALLE DEL CAUCA,76520,Municipio,-76.298846,3.531544,
6221,PALMIRA,"2,017",23,76,VALLE DEL CAUCA,76520,Municipio,-76.298846,3.531544,
6222,PALMIRA,"2,018",28,76,VALLE DEL CAUCA,76520,Municipio,-76.298846,3.531544,
6223,PALMIRA,"2,019",30,76,VALLE DEL CAUCA,76520,Municipio,-76.298846,3.531544,
6224,PALMITO,"1,996",1,70,SUCRE,70523,Municipio,-75.541264,9.333157,
6225,PALOCABILDO,"2,000",1,73,TOLIMA,73520,Municipio,-75.022167,5.120918,
6226,PALOCABILDO,"2,002",1,73,TOLIMA,73520,Municipio,-75.022167,5.120918,
6227,PAMPLONA,"1,985",2,54,NORTE DE SANTANDER,54518,Municipio,-72.647714,7.372802,
6228,PAMPLONA,"1,987",1,54,NORTE DE SANTANDER,54518,Municipio,-72.647714,7.372802,
6229,PAMPLONA,"1,988",1,54,NORTE DE SANTANDER,54518,Municipio,-72.647714,7.372802,
6230,PAMPLONA,"1,989",2,54,NORTE DE SANTANDER,54518,Municipio,-72.647714,7.372802,
6231,PAMPLONA,"1,990",2,54,NORTE DE SANTANDER,54518,Municipio,-72.647714,7.372802,
6232,PAMPLONA,"1,991",2,54,NORTE DE SANTANDER,54518,Municipio,-72.647714,7.372802,
6233,PAMPLONA,"1,992",5,54,NORTE DE SANTANDER,54518,Municipio,-72.647714,7.372802,
6234,PAMPLONA,"1,993",1,54,NORTE DE SANTANDER,54518,Municipio,-72.647714,7.372802,
6235,PAMPLONA,"1,994",2,54,NORTE DE SANTANDER,54518,Municipio,-72.647714,7.372802,
6236,PAMPLONA,"1,996",2,54,NORTE DE SANTANDER,54518,Municipio,-72.647714,7.372802,
6237,PAMPLONA,"1,997",3,54,NORTE DE SANTANDER,54518,Municipio,-72.647714,7.372802,
6238,PAMPLONA,"1,998",1,54,NORTE DE SANTANDER,54518,Municipio,-72.647714,7.372802,
6239,PAMPLONA,"1,999",2,54,NORTE DE SANTANDER,54518,Municipio,-72.647714,7.372802,
6240,PAMPLONA,"2,000",3,54,NORTE DE SANTANDER,54518,Municipio,-72.647714,7.372802,
6241,PAMPLONA,"2,001",1,54,NORTE DE SANTANDER,54518,Municipio,-72.647714,7.372802,
6242,PAMPLONA,"2,002",5,54,NORTE DE SANTANDER,54518,Municipio,-72.647714,7.372802,
6243,PAMPLONA,"2,003",1,54,NORTE DE SANTANDER,54518,Municipio,-72.647714,7.372802,
6244,PAMPLONA,"2,004",2,54,NORTE DE SANTANDER,54518,Municipio,-72.647714,7.372802,
6245,PAMPLONA,"2,005",1,54,NORTE DE SANTANDER,54518,Municipio,-72.647714,7.372802,
6246,PAMPLONA,"2,006",4,54,NORTE DE SANTANDER,54518,Municipio,-72.647714,7.372802,
6247,PAMPLONA,"2,007",1,54,NORTE DE SANTANDER,54518,Municipio,-72.647714,7.372802,
6248,PAMPLONA,"2,008",1,54,NORTE DE SANTANDER,54518,Municipio,-72.647714,7.372802,
6249,PAMPLONA,"2,009",2,54,NORTE DE SANTANDER,54518,Municipio,-72.647714,7.372802,
6250,PAMPLONA,"2,010",2,54,NORTE DE SANTANDER,54518,Municipio,-72.647714,7.372802,
6251,PAMPLONA,"2,011",5,54,NORTE DE SANTANDER,54518,Municipio,-72.647714,7.372802,
6252,PAMPLONA,"2,012",3,54,NORTE DE SANTANDER,54518,Municipio,-72.647714,7.372802,
6253,PAMPLONA,"2,013",2,54,NORTE DE SANTANDER,54518,Municipio,-72.647714,7.372802,
6254,PAMPLONA,"2,014",3,54,NORTE DE SANTANDER,54518,Municipio,-72.647714,7.372802,
6255,PAMPLONA,"2,015",2,54,NORTE DE SANTANDER,54518,Municipio,-72.647714,7.372802,
6256,PAMPLONA,"2,016",2,54,NORTE DE SANTANDER,54518,Municipio,-72.647714,7.372802,
6257,PAMPLONA,"2,017",2,54,NORTE DE SANTANDER,54518,Municipio,-72.647714,7.372802,
6258,PAMPLONA,"2,018",5,54,NORTE DE SANTANDER,54518,Municipio,-72.647714,7.372802,
6259,PAMPLONA,"2,019",3,54,NORTE DE SANTANDER,54518,Municipio,-72.647714,7.372802,
6260,PAMPLONITA,"1,998",1,54,NORTE DE SANTANDER,54520,Municipio,-72.639111,7.436745,
6261,PAMPLONITA,"2,009",1,54,NORTE DE SANTANDER,54520,Municipio,-72.639111,7.436745,
6262,PAMPLONITA,"2,015",1,54,NORTE DE SANTANDER,54520,Municipio,-72.639111,7.436745,
6263,PAMPLONITA,"2,016",1,54,NORTE DE SANTANDER,54520,Municipio,-72.639111,7.436745,
6264,PANDI,"1,990",1,25,CUNDINAMARCA,25524,Municipio,-74.486641,4.190393,
6265,PANDI,"2,009",1,25,CUNDINAMARCA,25524,Municipio,-74.486641,4.190393,
6266,PARATEBUENO,"1,985",1,25,CUNDINAMARCA,25530,Municipio,-73.212825,4.374832,
6267,PARATEBUENO,"2,008",1,25,CUNDINAMARCA,25530,Municipio,-73.212825,4.374832,
6268,PARATEBUENO,"2,012",1,25,CUNDINAMARCA,25530,Municipio,-73.212825,4.374832,
6269,PARATEBUENO,"2,013",2,25,CUNDINAMARCA,25530,Municipio,-73.212825,4.374832,
6270,PARATEBUENO,"2,019",1,25,CUNDINAMARCA,25530,Municipio,-73.212825,4.374832,
6271,PASCA,"1,985",1,25,CUNDINAMARCA,25535,Municipio,-74.302276,4.308979,
6272,PASCA,"1,995",1,25,CUNDINAMARCA,25535,Municipio,-74.302276,4.308979,
6273,PASCA,"1,997",1,25,CUNDINAMARCA,25535,Municipio,-74.302276,4.308979,
6274,PASCA,"2,010",1,25,CUNDINAMARCA,25535,Municipio,-74.302276,4.308979,
6275,PASCA,"2,014",1,25,CUNDINAMARCA,25535,Municipio,-74.302276,4.308979,
6276,PASTO,"1,985",7,52,NARIÑO,52001,Municipio,-77.278795,1.212352,
6277,PASTO,"1,987",6,52,NARIÑO,52001,Municipio,-77.278795,1.212352,
6278,PASTO,"1,988",3,52,NARIÑO,52001,Municipio,-77.278795,1.212352,
6279,PASTO,"1,989",4,52,NARIÑO,52001,Municipio,-77.278795,1.212352,
6280,PASTO,"1,990",7,52,NARIÑO,52001,Municipio,-77.278795,1.212352,
6281,PASTO,"1,991",10,52,NARIÑO,52001,Municipio,-77.278795,1.212352,
6282,PASTO,"1,992",6,52,NARIÑO,52001,Municipio,-77.278795,1.212352,
6283,PASTO,"1,993",11,52,NARIÑO,52001,Municipio,-77.278795,1.212352,
6284,PASTO,"1,994",11,52,NARIÑO,52001,Municipio,-77.278795,1.212352,
6285,PASTO,"1,995",8,52,NARIÑO,52001,Municipio,-77.278795,1.212352,
6286,PASTO,"1,996",6,52,NARIÑO,52001,Municipio,-77.278795,1.212352,
6287,PASTO,"1,997",13,52,NARIÑO,52001,Municipio,-77.278795,1.212352,
6288,PASTO,"1,998",10,52,NARIÑO,52001,Municipio,-77.278795,1.212352,
6289,PASTO,"1,999",14,52,NARIÑO,52001,Municipio,-77.278795,1.212352,
6290,PASTO,"2,000",19,52,NARIÑO,52001,Municipio,-77.278795,1.212352,
6291,PASTO,"2,001",14,52,NARIÑO,52001,Municipio,-77.278795,1.212352,
6292,PASTO,"2,002",9,52,NARIÑO,52001,Municipio,-77.278795,1.212352,
6293,PASTO,"2,003",14,52,NARIÑO,52001,Municipio,-77.278795,1.212352,
6294,PASTO,"2,004",20,52,NARIÑO,52001,Municipio,-77.278795,1.212352,
6295,PASTO,"2,005",7,52,NARIÑO,52001,Municipio,-77.278795,1.212352,
6296,PASTO,"2,006",15,52,NARIÑO,52001,Municipio,-77.278795,1.212352,
6297,PASTO,"2,007",16,52,NARIÑO,52001,Municipio,-77.278795,1.212352,
6298,PASTO,"2,008",28,52,NARIÑO,52001,Municipio,-77.278795,1.212352,
6299,PASTO,"2,009",31,52,NARIÑO,52001,Municipio,-77.278795,1.212352,
6300,PASTO,"2,010",48,52,NARIÑO,52001,Municipio,-77.278795,1.212352,
6301,PASTO,"2,011",33,52,NARIÑO,52001,Municipio,-77.278795,1.212352,
6302,PASTO,"2,012",48,52,NARIÑO,52001,Municipio,-77.278795,1.212352,
6303,PASTO,"2,013",48,52,NARIÑO,52001,Municipio,-77.278795,1.212352,
6304,PASTO,"2,014",49,52,NARIÑO,52001,Municipio,-77.278795,1.212352,
6305,PASTO,"2,015",49,52,NARIÑO,52001,Municipio,-77.278795,1.212352,
6306,PASTO,"2,016",64,52,NARIÑO,52001,Municipio,-77.278795,1.212352,
6307,PASTO,"2,017",54,52,NARIÑO,52001,Municipio,-77.278795,1.212352,
6308,PASTO,"2,018",67,52,NARIÑO,52001,Municipio,-77.278795,1.212352,
6309,PASTO,"2,019",63,52,NARIÑO,52001,Municipio,-77.278795,1.212352,
6310,PATÍA,"1,985",1,19,CAUCA,19532,Municipio,-76.981075,2.115875,
6311,PATÍA,"1,989",1,19,CAUCA,19532,Municipio,-76.981075,2.115875,
6312,PATÍA,"1,990",1,19,CAUCA,19532,Municipio,-76.981075,2.115875,
6313,PATÍA,"1,992",1,19,CAUCA,19532,Municipio,-76.981075,2.115875,
6314,PATÍA,"1,998",1,19,CAUCA,19532,Municipio,-76.981075,2.115875,
6315,PATÍA,"2,002",1,19,CAUCA,19532,Municipio,-76.981075,2.115875,
6316,PATÍA,"2,004",1,19,CAUCA,19532,Municipio,-76.981075,2.115875,
6317,PATÍA,"2,005",1,19,CAUCA,19532,Municipio,-76.981075,2.115875,
6318,PATÍA,"2,008",1,19,CAUCA,19532,Municipio,-76.981075,2.115875,
6319,PATÍA,"2,011",1,19,CAUCA,19532,Municipio,-76.981075,2.115875,
6320,PATÍA,"2,016",1,19,CAUCA,19532,Municipio,-76.981075,2.115875,
6321,PATÍA,"2,017",3,19,CAUCA,19532,Municipio,-76.981075,2.115875,
6322,PATÍA,"2,018",2,19,CAUCA,19532,Municipio,-76.981075,2.115875,
6323,PAUNA,"2,007",1,15,BOYACÁ,15531,Municipio,-73.978449,5.656323,
6324,PAUNA,"2,018",1,15,BOYACÁ,15531,Municipio,-73.978449,5.656323,
6325,PAZ DE ARIPORO,"2,002",1,85,CASANARE,85250,Municipio,-71.890348,5.879827,
6326,PAZ DE ARIPORO,"2,003",1,85,CASANARE,85250,Municipio,-71.890348,5.879827,
6327,PAZ DE ARIPORO,"2,004",1,85,CASANARE,85250,Municipio,-71.890348,5.879827,
6328,PAZ DE ARIPORO,"2,005",1,85,CASANARE,85250,Municipio,-71.890348,5.879827,
6329,PAZ DE ARIPORO,"2,010",1,85,CASANARE,85250,Municipio,-71.890348,5.879827,
6330,PAZ DE ARIPORO,"2,011",1,85,CASANARE,85250,Municipio,-71.890348,5.879827,
6331,PAZ DE ARIPORO,"2,014",1,85,CASANARE,85250,Municipio,-71.890348,5.879827,
6332,PAZ DE ARIPORO,"2,019",2,85,CASANARE,85250,Municipio,-71.890348,5.879827,
6333,PAZ DE RÍO,"2,003",1,15,BOYACÁ,15537,Municipio,-72.749137,5.987645,
6334,PAZ DE RÍO,"2,006",1,15,BOYACÁ,15537,Municipio,-72.749137,5.987645,
6335,PAZ DE RÍO,"2,007",1,15,BOYACÁ,15537,Municipio,-72.749137,5.987645,
6336,PAZ DE RÍO,"2,017",1,15,BOYACÁ,15537,Municipio,-72.749137,5.987645,
6337,PAZ DE RÍO,"2,018",1,15,BOYACÁ,15537,Municipio,-72.749137,5.987645,
6338,PELAYA,"1,990",1,20,CESAR,20550,Municipio,-73.666735,8.689451,
6339,PELAYA,"1,991",1,20,CESAR,20550,Municipio,-73.666735,8.689451,
6340,PELAYA,"2,001",1,20,CESAR,20550,Municipio,-73.666735,8.689451,
6341,PELAYA,"2,011",1,20,CESAR,20550,Municipio,-73.666735,8.689451,
6342,PELAYA,"2,014",1,20,CESAR,20550,Municipio,-73.666735,8.689451,
6343,PELAYA,"2,019",1,20,CESAR,20550,Municipio,-73.666735,8.689451,
6344,PENSILVANIA,"1,985",3,17,CALDAS,17541,Municipio,-75.160299,5.383281,
6345,PENSILVANIA,"1,989",1,17,CALDAS,17541,Municipio,-75.160299,5.383281,
6346,PENSILVANIA,"1,990",1,17,CALDAS,17541,Municipio,-75.160299,5.383281,
6347,PENSILVANIA,"1,993",1,17,CALDAS,17541,Municipio,-75.160299,5.383281,
6348,PENSILVANIA,"1,994",2,17,CALDAS,17541,Municipio,-75.160299,5.383281,
6349,PENSILVANIA,"1,999",1,17,CALDAS,17541,Municipio,-75.160299,5.383281,
6350,PENSILVANIA,"2,000",1,17,CALDAS,17541,Municipio,-75.160299,5.383281,
6351,PENSILVANIA,"2,001",1,17,CALDAS,17541,Municipio,-75.160299,5.383281,
6352,PENSILVANIA,"2,002",1,17,CALDAS,17541,Municipio,-75.160299,5.383281,
6353,PENSILVANIA,"2,003",1,17,CALDAS,17541,Municipio,-75.160299,5.383281,
6354,PENSILVANIA,"2,004",1,17,CALDAS,17541,Municipio,-75.160299,5.383281,
6355,PENSILVANIA,"2,009",1,17,CALDAS,17541,Municipio,-75.160299,5.383281,
6356,PENSILVANIA,"2,010",1,17,CALDAS,17541,Municipio,-75.160299,5.383281,
6357,PENSILVANIA,"2,011",2,17,CALDAS,17541,Municipio,-75.160299,5.383281,
6358,PENSILVANIA,"2,012",3,17,CALDAS,17541,Municipio,-75.160299,5.383281,
6359,PENSILVANIA,"2,013",2,17,CALDAS,17541,Municipio,-75.160299,5.383281,
6360,PENSILVANIA,"2,014",2,17,CALDAS,17541,Municipio,-75.160299,5.383281,
6361,PENSILVANIA,"2,015",1,17,CALDAS,17541,Municipio,-75.160299,5.383281,
6362,PENSILVANIA,"2,018",1,17,CALDAS,17541,Municipio,-75.160299,5.383281,
6363,PENSILVANIA,"2,019",1,17,CALDAS,17541,Municipio,-75.160299,5.383281,
6364,PEQUE,"1,991",1,5,ANTIOQUIA,5543,Municipio,-75.910357,7.021029,
6365,PEQUE,"2,006",1,5,ANTIOQUIA,5543,Municipio,-75.910357,7.021029,
6366,PEQUE,"2,013",1,5,ANTIOQUIA,5543,Municipio,-75.910357,7.021029,
6367,PEQUE,"2,014",1,5,ANTIOQUIA,5543,Municipio,-75.910357,7.021029,
6368,PEQUE,"2,016",1,5,ANTIOQUIA,5543,Municipio,-75.910357,7.021029,
6369,PEREIRA,"1,985",10,66,RISARALDA,66001,Municipio,-75.719711,4.804985,
6370,PEREIRA,"1,986",11,66,RISARALDA,66001,Municipio,-75.719711,4.804985,
6371,PEREIRA,"1,987",10,66,RISARALDA,66001,Municipio,-75.719711,4.804985,
6372,PEREIRA,"1,988",22,66,RISARALDA,66001,Municipio,-75.719711,4.804985,
6373,PEREIRA,"1,989",23,66,RISARALDA,66001,Municipio,-75.719711,4.804985,
6374,PEREIRA,"1,990",12,66,RISARALDA,66001,Municipio,-75.719711,4.804985,
6375,PEREIRA,"1,991",16,66,RISARALDA,66001,Municipio,-75.719711,4.804985,
6376,PEREIRA,"1,992",16,66,RISARALDA,66001,Municipio,-75.719711,4.804985,
6377,PEREIRA,"1,993",17,66,RISARALDA,66001,Municipio,-75.719711,4.804985,
6378,PEREIRA,"1,994",19,66,RISARALDA,66001,Municipio,-75.719711,4.804985,
6379,PEREIRA,"1,995",28,66,RISARALDA,66001,Municipio,-75.719711,4.804985,
6380,PEREIRA,"1,996",30,66,RISARALDA,66001,Municipio,-75.719711,4.804985,
6381,PEREIRA,"1,997",29,66,RISARALDA,66001,Municipio,-75.719711,4.804985,
6382,PEREIRA,"1,998",23,66,RISARALDA,66001,Municipio,-75.719711,4.804985,
6383,PEREIRA,"1,999",21,66,RISARALDA,66001,Municipio,-75.719711,4.804985,
6384,PEREIRA,"2,000",39,66,RISARALDA,66001,Municipio,-75.719711,4.804985,
6385,PEREIRA,"2,001",33,66,RISARALDA,66001,Municipio,-75.719711,4.804985,
6386,PEREIRA,"2,002",33,66,RISARALDA,66001,Municipio,-75.719711,4.804985,
6387,PEREIRA,"2,003",37,66,RISARALDA,66001,Municipio,-75.719711,4.804985,
6388,PEREIRA,"2,004",36,66,RISARALDA,66001,Municipio,-75.719711,4.804985,
6389,PEREIRA,"2,005",34,66,RISARALDA,66001,Municipio,-75.719711,4.804985,
6390,PEREIRA,"2,006",45,66,RISARALDA,66001,Municipio,-75.719711,4.804985,
6391,PEREIRA,"2,007",45,66,RISARALDA,66001,Municipio,-75.719711,4.804985,
6392,PEREIRA,"2,008",56,66,RISARALDA,66001,Municipio,-75.719711,4.804985,
6393,PEREIRA,"2,009",67,66,RISARALDA,66001,Municipio,-75.719711,4.804985,
6394,PEREIRA,"2,010",78,66,RISARALDA,66001,Municipio,-75.719711,4.804985,
6395,PEREIRA,"2,011",72,66,RISARALDA,66001,Municipio,-75.719711,4.804985,
6396,PEREIRA,"2,012",78,66,RISARALDA,66001,Municipio,-75.719711,4.804985,
6397,PEREIRA,"2,013",78,66,RISARALDA,66001,Municipio,-75.719711,4.804985,
6398,PEREIRA,"2,014",97,66,RISARALDA,66001,Municipio,-75.719711,4.804985,
6399,PEREIRA,"2,015",91,66,RISARALDA,66001,Municipio,-75.719711,4.804985,
6400,PEREIRA,"2,016",107,66,RISARALDA,66001,Municipio,-75.719711,4.804985,
6401,PEREIRA,"2,017",106,66,RISARALDA,66001,Municipio,-75.719711,4.804985,
6402,PEREIRA,"2,018",119,66,RISARALDA,66001,Municipio,-75.719711,4.804985,
6403,PEREIRA,"2,019",130,66,RISARALDA,66001,Municipio,-75.719711,4.804985,
6404,PESCA,"1,996",1,15,BOYACÁ,15542,Municipio,-73.050872,5.558808,
6405,PESCA,"1,997",1,15,BOYACÁ,15542,Municipio,-73.050872,5.558808,
6406,PESCA,"2,007",1,15,BOYACÁ,15542,Municipio,-73.050872,5.558808,
6407,PESCA,"2,017",2,15,BOYACÁ,15542,Municipio,-73.050872,5.558808,
6408,PEÑOL,"1,989",1,5,ANTIOQUIA,5541,Municipio,-75.242693,6.219349,
6409,PEÑOL,"1,991",2,5,ANTIOQUIA,5541,Municipio,-75.242693,6.219349,
6410,PEÑOL,"1,993",1,5,ANTIOQUIA,5541,Municipio,-75.242693,6.219349,
6411,PEÑOL,"1,997",1,5,ANTIOQUIA,5541,Municipio,-75.242693,6.219349,
6412,PEÑOL,"2,001",1,5,ANTIOQUIA,5541,Municipio,-75.242693,6.219349,
6413,PEÑOL,"2,002",3,5,ANTIOQUIA,5541,Municipio,-75.242693,6.219349,
6414,PEÑOL,"2,004",1,5,ANTIOQUIA,5541,Municipio,-75.242693,6.219349,
6415,PEÑOL,"2,006",2,5,ANTIOQUIA,5541,Municipio,-75.242693,6.219349,
6416,PEÑOL,"2,008",1,5,ANTIOQUIA,5541,Municipio,-75.242693,6.219349,
6417,PEÑOL,"2,010",1,5,ANTIOQUIA,5541,Municipio,-75.242693,6.219349,
6418,PEÑOL,"2,011",1,5,ANTIOQUIA,5541,Municipio,-75.242693,6.219349,
6419,PEÑOL,"2,012",1,5,ANTIOQUIA,5541,Municipio,-75.242693,6.219349,
6420,PEÑOL,"2,014",1,5,ANTIOQUIA,5541,Municipio,-75.242693,6.219349,
6421,PEÑOL,"2,015",1,5,ANTIOQUIA,5541,Municipio,-75.242693,6.219349,
6422,PEÑOL,"2,016",2,5,ANTIOQUIA,5541,Municipio,-75.242693,6.219349,
6423,PEÑOL,"2,017",2,5,ANTIOQUIA,5541,Municipio,-75.242693,6.219349,
6424,PEÑOL,"2,018",1,5,ANTIOQUIA,5541,Municipio,-75.242693,6.219349,
6425,PEÑOL,"2,019",2,5,ANTIOQUIA,5541,Municipio,-75.242693,6.219349,
6426,PIEDECUESTA,"1,987",1,68,SANTANDER,68547,Municipio,-73.054795,6.997245,
6427,PIEDECUESTA,"1,988",2,68,SANTANDER,68547,Municipio,-73.054795,6.997245,
6428,PIEDECUESTA,"1,989",2,68,SANTANDER,68547,Municipio,-73.054795,6.997245,
6429,PIEDECUESTA,"1,990",1,68,SANTANDER,68547,Municipio,-73.054795,6.997245,
6430,PIEDECUESTA,"1,991",2,68,SANTANDER,68547,Municipio,-73.054795,6.997245,
6431,PIEDECUESTA,"1,992",1,68,SANTANDER,68547,Municipio,-73.054795,6.997245,
6432,PIEDECUESTA,"1,994",2,68,SANTANDER,68547,Municipio,-73.054795,6.997245,
6433,PIEDECUESTA,"1,995",1,68,SANTANDER,68547,Municipio,-73.054795,6.997245,
6434,PIEDECUESTA,"1,996",2,68,SANTANDER,68547,Municipio,-73.054795,6.997245,
6435,PIEDECUESTA,"1,997",3,68,SANTANDER,68547,Municipio,-73.054795,6.997245,
6436,PIEDECUESTA,"1,998",2,68,SANTANDER,68547,Municipio,-73.054795,6.997245,
6437,PIEDECUESTA,"2,000",2,68,SANTANDER,68547,Municipio,-73.054795,6.997245,
6438,PIEDECUESTA,"2,001",2,68,SANTANDER,68547,Municipio,-73.054795,6.997245,
6439,PIEDECUESTA,"2,002",3,68,SANTANDER,68547,Municipio,-73.054795,6.997245,
6440,PIEDECUESTA,"2,003",2,68,SANTANDER,68547,Municipio,-73.054795,6.997245,
6441,PIEDECUESTA,"2,004",1,68,SANTANDER,68547,Municipio,-73.054795,6.997245,
6442,PIEDECUESTA,"2,005",3,68,SANTANDER,68547,Municipio,-73.054795,6.997245,
6443,PIEDECUESTA,"2,006",4,68,SANTANDER,68547,Municipio,-73.054795,6.997245,
6444,PIEDECUESTA,"2,007",1,68,SANTANDER,68547,Municipio,-73.054795,6.997245,
6445,PIEDECUESTA,"2,008",7,68,SANTANDER,68547,Municipio,-73.054795,6.997245,
6446,PIEDECUESTA,"2,010",5,68,SANTANDER,68547,Municipio,-73.054795,6.997245,
6447,PIEDECUESTA,"2,011",5,68,SANTANDER,68547,Municipio,-73.054795,6.997245,
6448,PIEDECUESTA,"2,012",5,68,SANTANDER,68547,Municipio,-73.054795,6.997245,
6449,PIEDECUESTA,"2,013",7,68,SANTANDER,68547,Municipio,-73.054795,6.997245,
6450,PIEDECUESTA,"2,014",6,68,SANTANDER,68547,Municipio,-73.054795,6.997245,
6451,PIEDECUESTA,"2,015",9,68,SANTANDER,68547,Municipio,-73.054795,6.997245,
6452,PIEDECUESTA,"2,016",11,68,SANTANDER,68547,Municipio,-73.054795,6.997245,
6453,PIEDECUESTA,"2,017",12,68,SANTANDER,68547,Municipio,-73.054795,6.997245,
6454,PIEDECUESTA,"2,018",14,68,SANTANDER,68547,Municipio,-73.054795,6.997245,
6455,PIEDECUESTA,"2,019",19,68,SANTANDER,68547,Municipio,-73.054795,6.997245,
6456,PIEDRAS,"2,004",2,73,TOLIMA,73547,Municipio,-74.878106,4.543951,
6457,PIEDRAS,"2,007",2,73,TOLIMA,73547,Municipio,-74.878106,4.543951,
6458,PIEDRAS,"2,009",1,73,TOLIMA,73547,Municipio,-74.878106,4.543951,
6459,PIENDAMÓ - TUNÍA,"1,985",1,19,CAUCA,19548,Municipio,-76.528615,2.64228,
6460,PIENDAMÓ - TUNÍA,"1,986",1,19,CAUCA,19548,Municipio,-76.528615,2.64228,
6461,PIENDAMÓ - TUNÍA,"1,987",1,19,CAUCA,19548,Municipio,-76.528615,2.64228,
6462,PIENDAMÓ - TUNÍA,"1,990",1,19,CAUCA,19548,Municipio,-76.528615,2.64228,
6463,PIENDAMÓ - TUNÍA,"1,992",1,19,CAUCA,19548,Municipio,-76.528615,2.64228,
6464,PIENDAMÓ - TUNÍA,"1,994",1,19,CAUCA,19548,Municipio,-76.528615,2.64228,
6465,PIENDAMÓ - TUNÍA,"1,995",1,19,CAUCA,19548,Municipio,-76.528615,2.64228,
6466,PIENDAMÓ - TUNÍA,"1,996",1,19,CAUCA,19548,Municipio,-76.528615,2.64228,
6467,PIENDAMÓ - TUNÍA,"1,998",1,19,CAUCA,19548,Municipio,-76.528615,2.64228,
6468,PIENDAMÓ - TUNÍA,"2,002",1,19,CAUCA,19548,Municipio,-76.528615,2.64228,
6469,PIENDAMÓ - TUNÍA,"2,004",2,19,CAUCA,19548,Municipio,-76.528615,2.64228,
6470,PIENDAMÓ - TUNÍA,"2,008",2,19,CAUCA,19548,Municipio,-76.528615,2.64228,
6471,PIENDAMÓ - TUNÍA,"2,009",1,19,CAUCA,19548,Municipio,-76.528615,2.64228,
6472,PIENDAMÓ - TUNÍA,"2,010",1,19,CAUCA,19548,Municipio,-76.528615,2.64228,
6473,PIENDAMÓ - TUNÍA,"2,012",2,19,CAUCA,19548,Municipio,-76.528615,2.64228,
6474,PIENDAMÓ - TUNÍA,"2,013",1,19,CAUCA,19548,Municipio,-76.528615,2.64228,
6475,PIENDAMÓ - TUNÍA,"2,014",1,19,CAUCA,19548,Municipio,-76.528615,2.64228,
6476,PIENDAMÓ - TUNÍA,"2,015",1,19,CAUCA,19548,Municipio,-76.528615,2.64228,
6477,PIENDAMÓ - TUNÍA,"2,016",3,19,CAUCA,19548,Municipio,-76.528615,2.64228,
6478,PIENDAMÓ - TUNÍA,"2,019",2,19,CAUCA,19548,Municipio,-76.528615,2.64228,
6479,PIJAO,"1,992",1,63,QUINDÍO,63548,Municipio,-75.703329,4.335036,
6480,PIJAO,"1,993",1,63,QUINDÍO,63548,Municipio,-75.703329,4.335036,
6481,PIJAO,"2,008",1,63,QUINDÍO,63548,Municipio,-75.703329,4.335036,
6482,PIJAO,"2,014",1,63,QUINDÍO,63548,Municipio,-75.703329,4.335036,
6483,PIJIÑO DEL CARMEN,"2,006",1,47,MAGDALENA,47545,Municipio,-74.459034,9.331922,
6484,PIJIÑO DEL CARMEN,"2,007",1,47,MAGDALENA,47545,Municipio,-74.459034,9.331922,
6485,PIJIÑO DEL CARMEN,"2,013",2,47,MAGDALENA,47545,Municipio,-74.459034,9.331922,
6486,PIJIÑO DEL CARMEN,"2,018",1,47,MAGDALENA,47545,Municipio,-74.459034,9.331922,
6487,PIJIÑO DEL CARMEN,"2,019",1,47,MAGDALENA,47545,Municipio,-74.459034,9.331922,
6488,PINCHOTE,"2,001",1,68,SANTANDER,68549,Municipio,-73.174209,6.531552,
6489,PINILLOS,"2,005",1,13,BOLÍVAR,13549,Municipio,-74.462279,8.914947,
6490,PINILLOS,"2,007",1,13,BOLÍVAR,13549,Municipio,-74.462279,8.914947,
6491,PITAL,"1,988",2,41,HUILA,41548,Municipio,-75.804544,2.266618,
6492,PITAL,"1,991",1,41,HUILA,41548,Municipio,-75.804544,2.266618,
6493,PITAL,"2,003",1,41,HUILA,41548,Municipio,-75.804544,2.266618,
6494,PITAL,"2,005",1,41,HUILA,41548,Municipio,-75.804544,2.266618,
6495,PITAL,"2,017",1,41,HUILA,41548,Municipio,-75.804544,2.266618,
6496,PITALITO,"1,986",1,41,HUILA,41551,Municipio,-76.049441,1.852631,
6497,PITALITO,"1,987",3,41,HUILA,41551,Municipio,-76.049441,1.852631,
6498,PITALITO,"1,988",1,41,HUILA,41551,Municipio,-76.049441,1.852631,
6499,PITALITO,"1,990",2,41,HUILA,41551,Municipio,-76.049441,1.852631,
6500,PITALITO,"1,991",2,41,HUILA,41551,Municipio,-76.049441,1.852631,
6501,PITALITO,"1,992",1,41,HUILA,41551,Municipio,-76.049441,1.852631,
6502,PITALITO,"1,993",2,41,HUILA,41551,Municipio,-76.049441,1.852631,
6503,PITALITO,"1,994",4,41,HUILA,41551,Municipio,-76.049441,1.852631,
6504,PITALITO,"1,995",2,41,HUILA,41551,Municipio,-76.049441,1.852631,
6505,PITALITO,"1,996",1,41,HUILA,41551,Municipio,-76.049441,1.852631,
6506,PITALITO,"1,997",4,41,HUILA,41551,Municipio,-76.049441,1.852631,
6507,PITALITO,"1,998",2,41,HUILA,41551,Municipio,-76.049441,1.852631,
6508,PITALITO,"1,999",1,41,HUILA,41551,Municipio,-76.049441,1.852631,
6509,PITALITO,"2,000",1,41,HUILA,41551,Municipio,-76.049441,1.852631,
6510,PITALITO,"2,001",2,41,HUILA,41551,Municipio,-76.049441,1.852631,
6511,PITALITO,"2,003",2,41,HUILA,41551,Municipio,-76.049441,1.852631,
6512,PITALITO,"2,004",1,41,HUILA,41551,Municipio,-76.049441,1.852631,
6513,PITALITO,"2,005",1,41,HUILA,41551,Municipio,-76.049441,1.852631,
6514,PITALITO,"2,006",1,41,HUILA,41551,Municipio,-76.049441,1.852631,
6515,PITALITO,"2,007",2,41,HUILA,41551,Municipio,-76.049441,1.852631,
6516,PITALITO,"2,009",2,41,HUILA,41551,Municipio,-76.049441,1.852631,
6517,PITALITO,"2,010",4,41,HUILA,41551,Municipio,-76.049441,1.852631,
6518,PITALITO,"2,011",3,41,HUILA,41551,Municipio,-76.049441,1.852631,
6519,PITALITO,"2,012",4,41,HUILA,41551,Municipio,-76.049441,1.852631,
6520,PITALITO,"2,013",7,41,HUILA,41551,Municipio,-76.049441,1.852631,
6521,PITALITO,"2,015",9,41,HUILA,41551,Municipio,-76.049441,1.852631,
6522,PITALITO,"2,016",10,41,HUILA,41551,Municipio,-76.049441,1.852631,
6523,PITALITO,"2,017",6,41,HUILA,41551,Municipio,-76.049441,1.852631,
6524,PITALITO,"2,018",7,41,HUILA,41551,Municipio,-76.049441,1.852631,
6525,PITALITO,"2,019",6,41,HUILA,41551,Municipio,-76.049441,1.852631,
6526,PIVIJAY,"1,987",1,47,MAGDALENA,47551,Municipio,-74.613312,10.460707,
6527,PIVIJAY,"1,989",2,47,MAGDALENA,47551,Municipio,-74.613312,10.460707,
6528,PIVIJAY,"1,996",1,47,MAGDALENA,47551,Municipio,-74.613312,10.460707,
6529,PIVIJAY,"1,997",1,47,MAGDALENA,47551,Municipio,-74.613312,10.460707,
6530,PIVIJAY,"2,001",1,47,MAGDALENA,47551,Municipio,-74.613312,10.460707,
6531,PIVIJAY,"2,011",1,47,MAGDALENA,47551,Municipio,-74.613312,10.460707,
6532,PIVIJAY,"2,012",2,47,MAGDALENA,47551,Municipio,-74.613312,10.460707,
6533,PIVIJAY,"2,013",2,47,MAGDALENA,47551,Municipio,-74.613312,10.460707,
6534,PIVIJAY,"2,016",1,47,MAGDALENA,47551,Municipio,-74.613312,10.460707,
6535,PLANADAS,"2,001",1,73,TOLIMA,73555,Municipio,-75.644163,3.197911,
6536,PLANADAS,"2,003",1,73,TOLIMA,73555,Municipio,-75.644163,3.197911,
6537,PLANADAS,"2,008",1,73,TOLIMA,73555,Municipio,-75.644163,3.197911,
6538,PLANADAS,"2,010",1,73,TOLIMA,73555,Municipio,-75.644163,3.197911,
6539,PLANADAS,"2,011",3,73,TOLIMA,73555,Municipio,-75.644163,3.197911,
6540,PLANADAS,"2,012",1,73,TOLIMA,73555,Municipio,-75.644163,3.197911,
6541,PLANADAS,"2,013",1,73,TOLIMA,73555,Municipio,-75.644163,3.197911,
6542,PLANADAS,"2,014",1,73,TOLIMA,73555,Municipio,-75.644163,3.197911,
6543,PLANADAS,"2,015",1,73,TOLIMA,73555,Municipio,-75.644163,3.197911,
6544,PLANADAS,"2,018",2,73,TOLIMA,73555,Municipio,-75.644163,3.197911,
6545,PLANETA RICA,"1,986",1,23,CÓRDOBA,23555,Municipio,-75.583241,8.4082,
6546,PLANETA RICA,"1,987",1,23,CÓRDOBA,23555,Municipio,-75.583241,8.4082,
6547,PLANETA RICA,"1,990",1,23,CÓRDOBA,23555,Municipio,-75.583241,8.4082,
6548,PLANETA RICA,"1,993",1,23,CÓRDOBA,23555,Municipio,-75.583241,8.4082,
6549,PLANETA RICA,"1,995",4,23,CÓRDOBA,23555,Municipio,-75.583241,8.4082,
6550,PLANETA RICA,"1,996",1,23,CÓRDOBA,23555,Municipio,-75.583241,8.4082,
6551,PLANETA RICA,"1,997",2,23,CÓRDOBA,23555,Municipio,-75.583241,8.4082,
6552,PLANETA RICA,"2,002",2,23,CÓRDOBA,23555,Municipio,-75.583241,8.4082,
6553,PLANETA RICA,"2,003",2,23,CÓRDOBA,23555,Municipio,-75.583241,8.4082,
6554,PLANETA RICA,"2,004",1,23,CÓRDOBA,23555,Municipio,-75.583241,8.4082,
6555,PLANETA RICA,"2,007",2,23,CÓRDOBA,23555,Municipio,-75.583241,8.4082,
6556,PLANETA RICA,"2,008",1,23,CÓRDOBA,23555,Municipio,-75.583241,8.4082,
6557,PLANETA RICA,"2,010",1,23,CÓRDOBA,23555,Municipio,-75.583241,8.4082,
6558,PLANETA RICA,"2,012",2,23,CÓRDOBA,23555,Municipio,-75.583241,8.4082,
6559,PLANETA RICA,"2,014",4,23,CÓRDOBA,23555,Municipio,-75.583241,8.4082,
6560,PLANETA RICA,"2,015",4,23,CÓRDOBA,23555,Municipio,-75.583241,8.4082,
6561,PLANETA RICA,"2,016",3,23,CÓRDOBA,23555,Municipio,-75.583241,8.4082,
6562,PLANETA RICA,"2,017",2,23,CÓRDOBA,23555,Municipio,-75.583241,8.4082,
6563,PLANETA RICA,"2,019",1,23,CÓRDOBA,23555,Municipio,-75.583241,8.4082,
6564,PLATO,"1,985",1,47,MAGDALENA,47555,Municipio,-74.784549,9.796713,
6565,PLATO,"1,987",1,47,MAGDALENA,47555,Municipio,-74.784549,9.796713,
6566,PLATO,"1,989",1,47,MAGDALENA,47555,Municipio,-74.784549,9.796713,
6567,PLATO,"1,993",3,47,MAGDALENA,47555,Municipio,-74.784549,9.796713,
6568,PLATO,"1,994",1,47,MAGDALENA,47555,Municipio,-74.784549,9.796713,
6569,PLATO,"1,996",1,47,MAGDALENA,47555,Municipio,-74.784549,9.796713,
6570,PLATO,"2,005",1,47,MAGDALENA,47555,Municipio,-74.784549,9.796713,
6571,PLATO,"2,006",1,47,MAGDALENA,47555,Municipio,-74.784549,9.796713,
6572,PLATO,"2,009",1,47,MAGDALENA,47555,Municipio,-74.784549,9.796713,
6573,PLATO,"2,010",2,47,MAGDALENA,47555,Municipio,-74.784549,9.796713,
6574,PLATO,"2,012",3,47,MAGDALENA,47555,Municipio,-74.784549,9.796713,
6575,PLATO,"2,013",1,47,MAGDALENA,47555,Municipio,-74.784549,9.796713,
6576,PLATO,"2,014",2,47,MAGDALENA,47555,Municipio,-74.784549,9.796713,
6577,PLATO,"2,015",1,47,MAGDALENA,47555,Municipio,-74.784549,9.796713,
6578,PLATO,"2,016",3,47,MAGDALENA,47555,Municipio,-74.784549,9.796713,
6579,POLICARPA,"2,014",1,52,NARIÑO,52540,Municipio,-77.458686,1.627196,
6580,POLONUEVO,"1,990",1,8,ATLÁNTICO,8558,Municipio,-74.852981,10.777363,
6581,POLONUEVO,"2,001",2,8,ATLÁNTICO,8558,Municipio,-74.852981,10.777363,
6582,POLONUEVO,"2,002",1,8,ATLÁNTICO,8558,Municipio,-74.852981,10.777363,
6583,POLONUEVO,"2,005",1,8,ATLÁNTICO,8558,Municipio,-74.852981,10.777363,
6584,POLONUEVO,"2,014",3,8,ATLÁNTICO,8558,Municipio,-74.852981,10.777363,
6585,POLONUEVO,"2,016",1,8,ATLÁNTICO,8558,Municipio,-74.852981,10.777363,
6586,POLONUEVO,"2,017",1,8,ATLÁNTICO,8558,Municipio,-74.852981,10.777363,
6587,PONEDERA,"1,994",1,8,ATLÁNTICO,8560,Municipio,-74.753885,10.641779,
6588,PONEDERA,"1,996",1,8,ATLÁNTICO,8560,Municipio,-74.753885,10.641779,
6589,PONEDERA,"2,002",1,8,ATLÁNTICO,8560,Municipio,-74.753885,10.641779,
6590,PONEDERA,"2,004",1,8,ATLÁNTICO,8560,Municipio,-74.753885,10.641779,
6591,PONEDERA,"2,012",1,8,ATLÁNTICO,8560,Municipio,-74.753885,10.641779,
6592,PONEDERA,"2,015",1,8,ATLÁNTICO,8560,Municipio,-74.753885,10.641779,
6593,POPAYÁN,"1,985",1,19,CAUCA,19001,Municipio,-76.599377,2.459641,
6594,POPAYÁN,"1,986",3,19,CAUCA,19001,Municipio,-76.599377,2.459641,
6595,POPAYÁN,"1,987",3,19,CAUCA,19001,Municipio,-76.599377,2.459641,
6596,POPAYÁN,"1,988",3,19,CAUCA,19001,Municipio,-76.599377,2.459641,
6597,POPAYÁN,"1,989",6,19,CAUCA,19001,Municipio,-76.599377,2.459641,
6598,POPAYÁN,"1,990",5,19,CAUCA,19001,Municipio,-76.599377,2.459641,
6599,POPAYÁN,"1,991",6,19,CAUCA,19001,Municipio,-76.599377,2.459641,
6600,POPAYÁN,"1,992",8,19,CAUCA,19001,Municipio,-76.599377,2.459641,
6601,POPAYÁN,"1,993",10,19,CAUCA,19001,Municipio,-76.599377,2.459641,
6602,POPAYÁN,"1,994",8,19,CAUCA,19001,Municipio,-76.599377,2.459641,
6603,POPAYÁN,"1,995",7,19,CAUCA,19001,Municipio,-76.599377,2.459641,
6604,POPAYÁN,"1,996",15,19,CAUCA,19001,Municipio,-76.599377,2.459641,
6605,POPAYÁN,"1,997",9,19,CAUCA,19001,Municipio,-76.599377,2.459641,
6606,POPAYÁN,"1,998",6,19,CAUCA,19001,Municipio,-76.599377,2.459641,
6607,POPAYÁN,"1,999",6,19,CAUCA,19001,Municipio,-76.599377,2.459641,
6608,POPAYÁN,"2,000",8,19,CAUCA,19001,Municipio,-76.599377,2.459641,
6609,POPAYÁN,"2,001",14,19,CAUCA,19001,Municipio,-76.599377,2.459641,
6610,POPAYÁN,"2,002",10,19,CAUCA,19001,Municipio,-76.599377,2.459641,
6611,POPAYÁN,"2,003",8,19,CAUCA,19001,Municipio,-76.599377,2.459641,
6612,POPAYÁN,"2,004",14,19,CAUCA,19001,Municipio,-76.599377,2.459641,
6613,POPAYÁN,"2,005",10,19,CAUCA,19001,Municipio,-76.599377,2.459641,
6614,POPAYÁN,"2,006",17,19,CAUCA,19001,Municipio,-76.599377,2.459641,
6615,POPAYÁN,"2,007",10,19,CAUCA,19001,Municipio,-76.599377,2.459641,
6616,POPAYÁN,"2,008",22,19,CAUCA,19001,Municipio,-76.599377,2.459641,
6617,POPAYÁN,"2,009",17,19,CAUCA,19001,Municipio,-76.599377,2.459641,
6618,POPAYÁN,"2,010",22,19,CAUCA,19001,Municipio,-76.599377,2.459641,
6619,POPAYÁN,"2,011",31,19,CAUCA,19001,Municipio,-76.599377,2.459641,
6620,POPAYÁN,"2,012",17,19,CAUCA,19001,Municipio,-76.599377,2.459641,
6621,POPAYÁN,"2,013",32,19,CAUCA,19001,Municipio,-76.599377,2.459641,
6622,POPAYÁN,"2,014",24,19,CAUCA,19001,Municipio,-76.599377,2.459641,
6623,POPAYÁN,"2,015",32,19,CAUCA,19001,Municipio,-76.599377,2.459641,
6624,POPAYÁN,"2,016",36,19,CAUCA,19001,Municipio,-76.599377,2.459641,
6625,POPAYÁN,"2,017",40,19,CAUCA,19001,Municipio,-76.599377,2.459641,
6626,POPAYÁN,"2,018",38,19,CAUCA,19001,Municipio,-76.599377,2.459641,
6627,POPAYÁN,"2,019",41,19,CAUCA,19001,Municipio,-76.599377,2.459641,
6628,PORE,"2,019",1,85,CASANARE,85263,Municipio,-71.99286,5.72773,
6629,POTOSÍ,"2,002",1,52,NARIÑO,52560,Municipio,-77.573003,0.806639,
6630,POTOSÍ,"2,008",2,52,NARIÑO,52560,Municipio,-77.573003,0.806639,
6631,POTOSÍ,"2,016",1,52,NARIÑO,52560,Municipio,-77.573003,0.806639,
6632,PRADERA,"1,985",1,76,VALLE DEL CAUCA,76563,Municipio,-76.241799,3.419793,
6633,PRADERA,"1,987",1,76,VALLE DEL CAUCA,76563,Municipio,-76.241799,3.419793,
6634,PRADERA,"1,988",1,76,VALLE DEL CAUCA,76563,Municipio,-76.241799,3.419793,
6635,PRADERA,"1,989",4,76,VALLE DEL CAUCA,76563,Municipio,-76.241799,3.419793,
6636,PRADERA,"1,990",1,76,VALLE DEL CAUCA,76563,Municipio,-76.241799,3.419793,
6637,PRADERA,"1,991",1,76,VALLE DEL CAUCA,76563,Municipio,-76.241799,3.419793,
6638,PRADERA,"1,992",1,76,VALLE DEL CAUCA,76563,Municipio,-76.241799,3.419793,
6639,PRADERA,"1,993",1,76,VALLE DEL CAUCA,76563,Municipio,-76.241799,3.419793,
6640,PRADERA,"1,995",1,76,VALLE DEL CAUCA,76563,Municipio,-76.241799,3.419793,
6641,PRADERA,"1,996",3,76,VALLE DEL CAUCA,76563,Municipio,-76.241799,3.419793,
6642,PRADERA,"1,997",1,76,VALLE DEL CAUCA,76563,Municipio,-76.241799,3.419793,
6643,PRADERA,"1,998",1,76,VALLE DEL CAUCA,76563,Municipio,-76.241799,3.419793,
6644,PRADERA,"1,999",1,76,VALLE DEL CAUCA,76563,Municipio,-76.241799,3.419793,
6645,PRADERA,"2,000",3,76,VALLE DEL CAUCA,76563,Municipio,-76.241799,3.419793,
6646,PRADERA,"2,001",1,76,VALLE DEL CAUCA,76563,Municipio,-76.241799,3.419793,
6647,PRADERA,"2,002",4,76,VALLE DEL CAUCA,76563,Municipio,-76.241799,3.419793,
6648,PRADERA,"2,003",1,76,VALLE DEL CAUCA,76563,Municipio,-76.241799,3.419793,
6649,PRADERA,"2,004",1,76,VALLE DEL CAUCA,76563,Municipio,-76.241799,3.419793,
6650,PRADERA,"2,005",4,76,VALLE DEL CAUCA,76563,Municipio,-76.241799,3.419793,
6651,PRADERA,"2,006",2,76,VALLE DEL CAUCA,76563,Municipio,-76.241799,3.419793,
6652,PRADERA,"2,007",3,76,VALLE DEL CAUCA,76563,Municipio,-76.241799,3.419793,
6653,PRADERA,"2,008",5,76,VALLE DEL CAUCA,76563,Municipio,-76.241799,3.419793,
6654,PRADERA,"2,009",2,76,VALLE DEL CAUCA,76563,Municipio,-76.241799,3.419793,
6655,PRADERA,"2,010",3,76,VALLE DEL CAUCA,76563,Municipio,-76.241799,3.419793,
6656,PRADERA,"2,012",2,76,VALLE DEL CAUCA,76563,Municipio,-76.241799,3.419793,
6657,PRADERA,"2,014",2,76,VALLE DEL CAUCA,76563,Municipio,-76.241799,3.419793,
6658,PRADERA,"2,015",4,76,VALLE DEL CAUCA,76563,Municipio,-76.241799,3.419793,
6659,PRADERA,"2,017",2,76,VALLE DEL CAUCA,76563,Municipio,-76.241799,3.419793,
6660,PRADERA,"2,019",1,76,VALLE DEL CAUCA,76563,Municipio,-76.241799,3.419793,
6661,PRADO,"1,995",1,73,TOLIMA,73563,Municipio,-74.927447,3.750939,
6662,PRADO,"1,997",1,73,TOLIMA,73563,Municipio,-74.927447,3.750939,
6663,PRADO,"2,003",1,73,TOLIMA,73563,Municipio,-74.927447,3.750939,
6664,PRADO,"2,007",1,73,TOLIMA,73563,Municipio,-74.927447,3.750939,
6665,PRADO,"2,008",1,73,TOLIMA,73563,Municipio,-74.927447,3.750939,
6666,PRADO,"2,015",1,73,TOLIMA,73563,Municipio,-74.927447,3.750939,
6667,PRADO,"2,016",1,73,TOLIMA,73563,Municipio,-74.927447,3.750939,
6668,PROVIDENCIA,"1,985",1,52,NARIÑO,52565,Municipio,-77.596794,1.237814,
6669,PROVIDENCIA,"1,985",1,88,"ARCHIPIÉLAGO DE SAN ANDRÉS, PROVIDENCIA Y SANTA CATALINA",88564,Municipio,-81.368386,13.373185,
6670,PROVIDENCIA,"1,996",1,52,NARIÑO,52565,Municipio,-77.596794,1.237814,
6671,PROVIDENCIA,"1,996",1,88,"ARCHIPIÉLAGO DE SAN ANDRÉS, PROVIDENCIA Y SANTA CATALINA",88564,Municipio,-81.368386,13.373185,
6672,PROVIDENCIA,"2,002",1,52,NARIÑO,52565,Municipio,-77.596794,1.237814,
6673,PROVIDENCIA,"2,002",1,88,"ARCHIPIÉLAGO DE SAN ANDRÉS, PROVIDENCIA Y SANTA CATALINA",88564,Municipio,-81.368386,13.373185,
6674,PROVIDENCIA,"2,003",1,52,NARIÑO,52565,Municipio,-77.596794,1.237814,
6675,PROVIDENCIA,"2,003",1,88,"ARCHIPIÉLAGO DE SAN ANDRÉS, PROVIDENCIA Y SANTA CATALINA",88564,Municipio,-81.368386,13.373185,
6676,PROVIDENCIA,"2,009",1,52,NARIÑO,52565,Municipio,-77.596794,1.237814,
6677,PROVIDENCIA,"2,009",1,88,"ARCHIPIÉLAGO DE SAN ANDRÉS, PROVIDENCIA Y SANTA CATALINA",88564,Municipio,-81.368386,13.373185,
6678,PROVIDENCIA,"2,014",1,52,NARIÑO,52565,Municipio,-77.596794,1.237814,
6679,PROVIDENCIA,"2,014",1,88,"ARCHIPIÉLAGO DE SAN ANDRÉS, PROVIDENCIA Y SANTA CATALINA",88564,Municipio,-81.368386,13.373185,
6680,PROVIDENCIA,"2,015",2,52,NARIÑO,52565,Municipio,-77.596794,1.237814,
6681,PROVIDENCIA,"2,015",2,88,"ARCHIPIÉLAGO DE SAN ANDRÉS, PROVIDENCIA Y SANTA CATALINA",88564,Municipio,-81.368386,13.373185,
6682,PROVIDENCIA,"2,017",1,52,NARIÑO,52565,Municipio,-77.596794,1.237814,
6683,PROVIDENCIA,"2,017",1,88,"ARCHIPIÉLAGO DE SAN ANDRÉS, PROVIDENCIA Y SANTA CATALINA",88564,Municipio,-81.368386,13.373185,
6684,PUEBLO NUEVO,"1,996",1,23,CÓRDOBA,23570,Municipio,-75.508035,8.504099,
6685,PUEBLO NUEVO,"2,001",1,23,CÓRDOBA,23570,Municipio,-75.508035,8.504099,
6686,PUEBLO NUEVO,"2,002",1,23,CÓRDOBA,23570,Municipio,-75.508035,8.504099,
6687,PUEBLO NUEVO,"2,003",1,23,CÓRDOBA,23570,Municipio,-75.508035,8.504099,
6688,PUEBLO NUEVO,"2,005",1,23,CÓRDOBA,23570,Municipio,-75.508035,8.504099,
6689,PUEBLO NUEVO,"2,009",2,23,CÓRDOBA,23570,Municipio,-75.508035,8.504099,
6690,PUEBLO NUEVO,"2,012",1,23,CÓRDOBA,23570,Municipio,-75.508035,8.504099,
6691,PUEBLO NUEVO,"2,014",2,23,CÓRDOBA,23570,Municipio,-75.508035,8.504099,
6692,PUEBLO NUEVO,"2,015",1,23,CÓRDOBA,23570,Municipio,-75.508035,8.504099,
6693,PUEBLO NUEVO,"2,017",1,23,CÓRDOBA,23570,Municipio,-75.508035,8.504099,
6694,PUEBLO NUEVO,"2,018",2,23,CÓRDOBA,23570,Municipio,-75.508035,8.504099,
6695,PUEBLO RICO,"1,995",1,66,RISARALDA,66572,Municipio,-76.030801,5.222043,
6696,PUEBLO RICO,"2,001",1,66,RISARALDA,66572,Municipio,-76.030801,5.222043,
6697,PUEBLO RICO,"2,005",1,66,RISARALDA,66572,Municipio,-76.030801,5.222043,
6698,PUEBLO RICO,"2,011",1,66,RISARALDA,66572,Municipio,-76.030801,5.222043,
6699,PUEBLO RICO,"2,013",1,66,RISARALDA,66572,Municipio,-76.030801,5.222043,
6700,PUEBLO RICO,"2,015",1,66,RISARALDA,66572,Municipio,-76.030801,5.222043,
6701,PUEBLORRICO,"1,986",1,5,ANTIOQUIA,5576,Municipio,-75.839903,5.79158,
6702,PUEBLORRICO,"1,987",1,5,ANTIOQUIA,5576,Municipio,-75.839903,5.79158,
6703,PUEBLORRICO,"1,988",1,5,ANTIOQUIA,5576,Municipio,-75.839903,5.79158,
6704,PUEBLORRICO,"1,992",2,5,ANTIOQUIA,5576,Municipio,-75.839903,5.79158,
6705,PUEBLORRICO,"2,000",1,5,ANTIOQUIA,5576,Municipio,-75.839903,5.79158,
6706,PUEBLORRICO,"2,011",1,5,ANTIOQUIA,5576,Municipio,-75.839903,5.79158,
6707,PUEBLORRICO,"2,016",2,5,ANTIOQUIA,5576,Municipio,-75.839903,5.79158,
6708,PUEBLORRICO,"2,017",2,5,ANTIOQUIA,5576,Municipio,-75.839903,5.79158,
6709,PUEBLOVIEJO,"2,010",1,47,MAGDALENA,47570,Municipio,-74.28253,10.994766,
6710,PUENTE NACIONAL,"1,985",1,68,SANTANDER,68572,Municipio,-73.677567,5.878381,
6711,PUENTE NACIONAL,"1,993",1,68,SANTANDER,68572,Municipio,-73.677567,5.878381,
6712,PUENTE NACIONAL,"1,995",1,68,SANTANDER,68572,Municipio,-73.677567,5.878381,
6713,PUENTE NACIONAL,"2,003",1,68,SANTANDER,68572,Municipio,-73.677567,5.878381,
6714,PUENTE NACIONAL,"2,009",2,68,SANTANDER,68572,Municipio,-73.677567,5.878381,
6715,PUENTE NACIONAL,"2,011",1,68,SANTANDER,68572,Municipio,-73.677567,5.878381,
6716,PUENTE NACIONAL,"2,013",2,68,SANTANDER,68572,Municipio,-73.677567,5.878381,
6717,PUENTE NACIONAL,"2,018",1,68,SANTANDER,68572,Municipio,-73.677567,5.878381,
6718,PUENTE NACIONAL,"2,019",2,68,SANTANDER,68572,Municipio,-73.677567,5.878381,
6719,PUERRES,"2,006",1,52,NARIÑO,52573,Municipio,-77.504211,0.885125,
6720,PUERRES,"2,010",1,52,NARIÑO,52573,Municipio,-77.504211,0.885125,
6721,PUERRES,"2,014",1,52,NARIÑO,52573,Municipio,-77.504211,0.885125,
6722,PUERTO ASÍS,"1,988",1,86,PUTUMAYO,86568,Municipio,-76.496887,0.505627,
6723,PUERTO ASÍS,"1,993",1,86,PUTUMAYO,86568,Municipio,-76.496887,0.505627,
6724,PUERTO ASÍS,"1,994",1,86,PUTUMAYO,86568,Municipio,-76.496887,0.505627,
6725,PUERTO ASÍS,"2,002",1,86,PUTUMAYO,86568,Municipio,-76.496887,0.505627,
6726,PUERTO ASÍS,"2,003",1,86,PUTUMAYO,86568,Municipio,-76.496887,0.505627,
6727,PUERTO ASÍS,"2,007",2,86,PUTUMAYO,86568,Municipio,-76.496887,0.505627,
6728,PUERTO ASÍS,"2,008",1,86,PUTUMAYO,86568,Municipio,-76.496887,0.505627,
6729,PUERTO ASÍS,"2,010",3,86,PUTUMAYO,86568,Municipio,-76.496887,0.505627,
6730,PUERTO ASÍS,"2,011",1,86,PUTUMAYO,86568,Municipio,-76.496887,0.505627,
6731,PUERTO ASÍS,"2,012",1,86,PUTUMAYO,86568,Municipio,-76.496887,0.505627,
6732,PUERTO ASÍS,"2,013",3,86,PUTUMAYO,86568,Municipio,-76.496887,0.505627,
6733,PUERTO ASÍS,"2,014",1,86,PUTUMAYO,86568,Municipio,-76.496887,0.505627,
6734,PUERTO ASÍS,"2,015",1,86,PUTUMAYO,86568,Municipio,-76.496887,0.505627,
6735,PUERTO ASÍS,"2,016",2,86,PUTUMAYO,86568,Municipio,-76.496887,0.505627,
6736,PUERTO ASÍS,"2,017",1,86,PUTUMAYO,86568,Municipio,-76.496887,0.505627,
6737,PUERTO ASÍS,"2,018",3,86,PUTUMAYO,86568,Municipio,-76.496887,0.505627,
6738,PUERTO BERRÍO,"1,985",1,5,ANTIOQUIA,5579,Municipio,-74.410016,6.487028,
6739,PUERTO BERRÍO,"1,986",1,5,ANTIOQUIA,5579,Municipio,-74.410016,6.487028,
6740,PUERTO BERRÍO,"1,987",1,5,ANTIOQUIA,5579,Municipio,-74.410016,6.487028,
6741,PUERTO BERRÍO,"1,988",4,5,ANTIOQUIA,5579,Municipio,-74.410016,6.487028,
6742,PUERTO BERRÍO,"1,990",1,5,ANTIOQUIA,5579,Municipio,-74.410016,6.487028,
6743,PUERTO BERRÍO,"1,991",2,5,ANTIOQUIA,5579,Municipio,-74.410016,6.487028,
6744,PUERTO BERRÍO,"1,992",1,5,ANTIOQUIA,5579,Municipio,-74.410016,6.487028,
6745,PUERTO BERRÍO,"1,993",3,5,ANTIOQUIA,5579,Municipio,-74.410016,6.487028,
6746,PUERTO BERRÍO,"1,994",3,5,ANTIOQUIA,5579,Municipio,-74.410016,6.487028,
6747,PUERTO BERRÍO,"1,996",2,5,ANTIOQUIA,5579,Municipio,-74.410016,6.487028,
6748,PUERTO BERRÍO,"1,997",2,5,ANTIOQUIA,5579,Municipio,-74.410016,6.487028,
6749,PUERTO BERRÍO,"1,998",3,5,ANTIOQUIA,5579,Municipio,-74.410016,6.487028,
6750,PUERTO BERRÍO,"2,000",1,5,ANTIOQUIA,5579,Municipio,-74.410016,6.487028,
6751,PUERTO BERRÍO,"2,001",2,5,ANTIOQUIA,5579,Municipio,-74.410016,6.487028,
6752,PUERTO BERRÍO,"2,002",1,5,ANTIOQUIA,5579,Municipio,-74.410016,6.487028,
6753,PUERTO BERRÍO,"2,003",2,5,ANTIOQUIA,5579,Municipio,-74.410016,6.487028,
6754,PUERTO BERRÍO,"2,004",1,5,ANTIOQUIA,5579,Municipio,-74.410016,6.487028,
6755,PUERTO BERRÍO,"2,006",3,5,ANTIOQUIA,5579,Municipio,-74.410016,6.487028,
6756,PUERTO BERRÍO,"2,007",1,5,ANTIOQUIA,5579,Municipio,-74.410016,6.487028,
6757,PUERTO BERRÍO,"2,008",4,5,ANTIOQUIA,5579,Municipio,-74.410016,6.487028,
6758,PUERTO BERRÍO,"2,009",1,5,ANTIOQUIA,5579,Municipio,-74.410016,6.487028,
6759,PUERTO BERRÍO,"2,011",1,5,ANTIOQUIA,5579,Municipio,-74.410016,6.487028,
6760,PUERTO BERRÍO,"2,012",2,5,ANTIOQUIA,5579,Municipio,-74.410016,6.487028,
6761,PUERTO BERRÍO,"2,013",2,5,ANTIOQUIA,5579,Municipio,-74.410016,6.487028,
6762,PUERTO BERRÍO,"2,014",1,5,ANTIOQUIA,5579,Municipio,-74.410016,6.487028,
6763,PUERTO BERRÍO,"2,015",2,5,ANTIOQUIA,5579,Municipio,-74.410016,6.487028,
6764,PUERTO BERRÍO,"2,016",4,5,ANTIOQUIA,5579,Municipio,-74.410016,6.487028,
6765,PUERTO BERRÍO,"2,017",1,5,ANTIOQUIA,5579,Municipio,-74.410016,6.487028,
6766,PUERTO BERRÍO,"2,018",1,5,ANTIOQUIA,5579,Municipio,-74.410016,6.487028,
6767,PUERTO BERRÍO,"2,019",3,5,ANTIOQUIA,5579,Municipio,-74.410016,6.487028,
6768,PUERTO BOYACÁ,"1,987",1,15,BOYACÁ,15572,Municipio,-74.587782,5.976646,
6769,PUERTO BOYACÁ,"1,988",1,15,BOYACÁ,15572,Municipio,-74.587782,5.976646,
6770,PUERTO BOYACÁ,"1,989",2,15,BOYACÁ,15572,Municipio,-74.587782,5.976646,
6771,PUERTO BOYACÁ,"1,993",1,15,BOYACÁ,15572,Municipio,-74.587782,5.976646,
6772,PUERTO BOYACÁ,"1,994",1,15,BOYACÁ,15572,Municipio,-74.587782,5.976646,
6773,PUERTO BOYACÁ,"1,997",1,15,BOYACÁ,15572,Municipio,-74.587782,5.976646,
6774,PUERTO BOYACÁ,"1,999",1,15,BOYACÁ,15572,Municipio,-74.587782,5.976646,
6775,PUERTO BOYACÁ,"2,001",1,15,BOYACÁ,15572,Municipio,-74.587782,5.976646,
6776,PUERTO BOYACÁ,"2,002",1,15,BOYACÁ,15572,Municipio,-74.587782,5.976646,
6777,PUERTO BOYACÁ,"2,003",1,15,BOYACÁ,15572,Municipio,-74.587782,5.976646,
6778,PUERTO BOYACÁ,"2,004",2,15,BOYACÁ,15572,Municipio,-74.587782,5.976646,
6779,PUERTO BOYACÁ,"2,007",2,15,BOYACÁ,15572,Municipio,-74.587782,5.976646,
6780,PUERTO BOYACÁ,"2,009",5,15,BOYACÁ,15572,Municipio,-74.587782,5.976646,
6781,PUERTO BOYACÁ,"2,010",4,15,BOYACÁ,15572,Municipio,-74.587782,5.976646,
6782,PUERTO BOYACÁ,"2,012",5,15,BOYACÁ,15572,Municipio,-74.587782,5.976646,
6783,PUERTO BOYACÁ,"2,013",2,15,BOYACÁ,15572,Municipio,-74.587782,5.976646,
6784,PUERTO BOYACÁ,"2,014",1,15,BOYACÁ,15572,Municipio,-74.587782,5.976646,
6785,PUERTO BOYACÁ,"2,015",2,15,BOYACÁ,15572,Municipio,-74.587782,5.976646,
6786,PUERTO BOYACÁ,"2,016",1,15,BOYACÁ,15572,Municipio,-74.587782,5.976646,
6787,PUERTO BOYACÁ,"2,017",2,15,BOYACÁ,15572,Municipio,-74.587782,5.976646,
6788,PUERTO BOYACÁ,"2,018",1,15,BOYACÁ,15572,Municipio,-74.587782,5.976646,
6789,PUERTO BOYACÁ,"2,019",3,15,BOYACÁ,15572,Municipio,-74.587782,5.976646,
6790,PUERTO CAICEDO,"2,019",1,86,PUTUMAYO,86569,Municipio,-76.606118,0.687784,
6791,PUERTO CARREÑO,"1,995",1,99,VICHADA,99001,Municipio,-67.487095,6.186636,
6792,PUERTO CARREÑO,"2,005",1,99,VICHADA,99001,Municipio,-67.487095,6.186636,
6793,PUERTO CARREÑO,"2,008",1,99,VICHADA,99001,Municipio,-67.487095,6.186636,
6794,PUERTO CARREÑO,"2,012",1,99,VICHADA,99001,Municipio,-67.487095,6.186636,
6795,PUERTO CARREÑO,"2,016",1,99,VICHADA,99001,Municipio,-67.487095,6.186636,
6796,PUERTO CARREÑO,"2,017",1,99,VICHADA,99001,Municipio,-67.487095,6.186636,
6797,PUERTO COLOMBIA,"1,986",2,8,ATLÁNTICO,8573,Municipio,-74.888627,11.015322,
6798,PUERTO COLOMBIA,"1,986",2,94,GUAINÍA,94884,Área no municipalizada,-67.566774,2.726438,
6799,PUERTO COLOMBIA,"1,987",1,8,ATLÁNTICO,8573,Municipio,-74.888627,11.015322,
6800,PUERTO COLOMBIA,"1,987",1,94,GUAINÍA,94884,Área no municipalizada,-67.566774,2.726438,
6801,PUERTO COLOMBIA,"1,991",1,8,ATLÁNTICO,8573,Municipio,-74.888627,11.015322,
6802,PUERTO COLOMBIA,"1,991",1,94,GUAINÍA,94884,Área no municipalizada,-67.566774,2.726438,
6803,PUERTO COLOMBIA,"1,994",1,8,ATLÁNTICO,8573,Municipio,-74.888627,11.015322,
6804,PUERTO COLOMBIA,"1,994",1,94,GUAINÍA,94884,Área no municipalizada,-67.566774,2.726438,
6805,PUERTO COLOMBIA,"1,995",1,8,ATLÁNTICO,8573,Municipio,-74.888627,11.015322,
6806,PUERTO COLOMBIA,"1,995",1,94,GUAINÍA,94884,Área no municipalizada,-67.566774,2.726438,
6807,PUERTO COLOMBIA,"1,999",1,8,ATLÁNTICO,8573,Municipio,-74.888627,11.015322,
6808,PUERTO COLOMBIA,"1,999",1,94,GUAINÍA,94884,Área no municipalizada,-67.566774,2.726438,
6809,PUERTO COLOMBIA,"2,002",2,8,ATLÁNTICO,8573,Municipio,-74.888627,11.015322,
6810,PUERTO COLOMBIA,"2,002",2,94,GUAINÍA,94884,Área no municipalizada,-67.566774,2.726438,
6811,PUERTO COLOMBIA,"2,003",1,8,ATLÁNTICO,8573,Municipio,-74.888627,11.015322,
6812,PUERTO COLOMBIA,"2,003",1,94,GUAINÍA,94884,Área no municipalizada,-67.566774,2.726438,
6813,PUERTO COLOMBIA,"2,005",1,8,ATLÁNTICO,8573,Municipio,-74.888627,11.015322,
6814,PUERTO COLOMBIA,"2,005",1,94,GUAINÍA,94884,Área no municipalizada,-67.566774,2.726438,
6815,PUERTO COLOMBIA,"2,006",1,8,ATLÁNTICO,8573,Municipio,-74.888627,11.015322,
6816,PUERTO COLOMBIA,"2,006",1,94,GUAINÍA,94884,Área no municipalizada,-67.566774,2.726438,
6817,PUERTO COLOMBIA,"2,012",2,8,ATLÁNTICO,8573,Municipio,-74.888627,11.015322,
6818,PUERTO COLOMBIA,"2,012",2,94,GUAINÍA,94884,Área no municipalizada,-67.566774,2.726438,
6819,PUERTO COLOMBIA,"2,014",1,8,ATLÁNTICO,8573,Municipio,-74.888627,11.015322,
6820,PUERTO COLOMBIA,"2,014",1,94,GUAINÍA,94884,Área no municipalizada,-67.566774,2.726438,
6821,PUERTO COLOMBIA,"2,015",2,8,ATLÁNTICO,8573,Municipio,-74.888627,11.015322,
6822,PUERTO COLOMBIA,"2,015",2,94,GUAINÍA,94884,Área no municipalizada,-67.566774,2.726438,
6823,PUERTO COLOMBIA,"2,016",2,8,ATLÁNTICO,8573,Municipio,-74.888627,11.015322,
6824,PUERTO COLOMBIA,"2,016",2,94,GUAINÍA,94884,Área no municipalizada,-67.566774,2.726438,
6825,PUERTO COLOMBIA,"2,017",8,8,ATLÁNTICO,8573,Municipio,-74.888627,11.015322,
6826,PUERTO COLOMBIA,"2,017",8,94,GUAINÍA,94884,Área no municipalizada,-67.566774,2.726438,
6827,PUERTO COLOMBIA,"2,018",1,8,ATLÁNTICO,8573,Municipio,-74.888627,11.015322,
6828,PUERTO COLOMBIA,"2,018",1,94,GUAINÍA,94884,Área no municipalizada,-67.566774,2.726438,
6829,PUERTO COLOMBIA,"2,019",4,8,ATLÁNTICO,8573,Municipio,-74.888627,11.015322,
6830,PUERTO COLOMBIA,"2,019",4,94,GUAINÍA,94884,Área no municipalizada,-67.566774,2.726438,
6831,PUERTO GAITÁN,"2,000",1,50,META,50568,Municipio,-72.087649,4.314905,
6832,PUERTO GAITÁN,"2,003",1,50,META,50568,Municipio,-72.087649,4.314905,
6833,PUERTO GAITÁN,"2,010",1,50,META,50568,Municipio,-72.087649,4.314905,
6834,PUERTO GAITÁN,"2,011",2,50,META,50568,Municipio,-72.087649,4.314905,
6835,PUERTO GAITÁN,"2,014",1,50,META,50568,Municipio,-72.087649,4.314905,
6836,PUERTO GAITÁN,"2,017",1,50,META,50568,Municipio,-72.087649,4.314905,
6837,PUERTO GUZMÁN,"2,006",1,86,PUTUMAYO,86571,Municipio,-76.407663,0.962854,
6838,PUERTO GUZMÁN,"2,017",1,86,PUTUMAYO,86571,Municipio,-76.407663,0.962854,
6839,PUERTO LEGUÍZAMO,"2,007",1,86,PUTUMAYO,86573,Municipio,-74.781842,-0.192318,
6840,PUERTO LIBERTADOR,"1,988",1,23,CÓRDOBA,23580,Municipio,-75.671761,7.888859,
6841,PUERTO LIBERTADOR,"1,996",1,23,CÓRDOBA,23580,Municipio,-75.671761,7.888859,
6842,PUERTO LIBERTADOR,"1,997",1,23,CÓRDOBA,23580,Municipio,-75.671761,7.888859,
6843,PUERTO LIBERTADOR,"2,017",1,23,CÓRDOBA,23580,Municipio,-75.671761,7.888859,
6844,PUERTO LIBERTADOR,"2,019",2,23,CÓRDOBA,23580,Municipio,-75.671761,7.888859,
6845,PUERTO LLERAS,"2,012",1,50,META,50577,Municipio,-73.37385,3.272117,
6846,PUERTO LLERAS,"2,015",1,50,META,50577,Municipio,-73.37385,3.272117,
6847,PUERTO LÓPEZ,"1,988",3,50,META,50573,Municipio,-72.957324,4.09349,
6848,PUERTO LÓPEZ,"1,997",2,50,META,50573,Municipio,-72.957324,4.09349,
6849,PUERTO LÓPEZ,"2,002",2,50,META,50573,Municipio,-72.957324,4.09349,
6850,PUERTO LÓPEZ,"2,003",1,50,META,50573,Municipio,-72.957324,4.09349,
6851,PUERTO LÓPEZ,"2,008",2,50,META,50573,Municipio,-72.957324,4.09349,
6852,PUERTO LÓPEZ,"2,009",2,50,META,50573,Municipio,-72.957324,4.09349,
6853,PUERTO LÓPEZ,"2,014",1,50,META,50573,Municipio,-72.957324,4.09349,
6854,PUERTO LÓPEZ,"2,016",1,50,META,50573,Municipio,-72.957324,4.09349,
6855,PUERTO LÓPEZ,"2,018",1,50,META,50573,Municipio,-72.957324,4.09349,
6856,PUERTO LÓPEZ,"2,019",1,50,META,50573,Municipio,-72.957324,4.09349,
6857,PUERTO NARE,"1,986",1,5,ANTIOQUIA,5585,Municipio,-74.583012,6.186025,
6858,PUERTO NARE,"1,988",2,5,ANTIOQUIA,5585,Municipio,-74.583012,6.186025,
6859,PUERTO NARE,"1,991",1,5,ANTIOQUIA,5585,Municipio,-74.583012,6.186025,
6860,PUERTO NARE,"2,003",1,5,ANTIOQUIA,5585,Municipio,-74.583012,6.186025,
6861,PUERTO NARE,"2,004",1,5,ANTIOQUIA,5585,Municipio,-74.583012,6.186025,
6862,PUERTO NARE,"2,006",1,5,ANTIOQUIA,5585,Municipio,-74.583012,6.186025,
6863,PUERTO NARE,"2,009",1,5,ANTIOQUIA,5585,Municipio,-74.583012,6.186025,
6864,PUERTO NARE,"2,012",1,5,ANTIOQUIA,5585,Municipio,-74.583012,6.186025,
6865,PUERTO NARE,"2,017",1,5,ANTIOQUIA,5585,Municipio,-74.583012,6.186025,
6866,PUERTO PARRA,"2,014",1,68,SANTANDER,68573,Municipio,-74.056129,6.650785,
6867,PUERTO RICO,"1,988",1,18,CAQUETÁ,18592,Municipio,-75.157604,1.909063,
6868,PUERTO RICO,"1,988",1,50,META,50590,Municipio,-73.206314,2.939621,
6869,PUERTO RICO,"1,996",1,18,CAQUETÁ,18592,Municipio,-75.157604,1.909063,
6870,PUERTO RICO,"1,996",1,50,META,50590,Municipio,-73.206314,2.939621,
6871,PUERTO RICO,"2,000",1,18,CAQUETÁ,18592,Municipio,-75.157604,1.909063,
6872,PUERTO RICO,"2,000",1,50,META,50590,Municipio,-73.206314,2.939621,
6873,PUERTO RICO,"2,004",1,18,CAQUETÁ,18592,Municipio,-75.157604,1.909063,
6874,PUERTO RICO,"2,004",1,50,META,50590,Municipio,-73.206314,2.939621,
6875,PUERTO RICO,"2,007",1,18,CAQUETÁ,18592,Municipio,-75.157604,1.909063,
6876,PUERTO RICO,"2,007",1,50,META,50590,Municipio,-73.206314,2.939621,
6877,PUERTO RICO,"2,011",2,18,CAQUETÁ,18592,Municipio,-75.157604,1.909063,
6878,PUERTO RICO,"2,011",2,50,META,50590,Municipio,-73.206314,2.939621,
6879,PUERTO RICO,"2,014",1,18,CAQUETÁ,18592,Municipio,-75.157604,1.909063,
6880,PUERTO RICO,"2,014",1,50,META,50590,Municipio,-73.206314,2.939621,
6881,PUERTO RICO,"2,015",3,18,CAQUETÁ,18592,Municipio,-75.157604,1.909063,
6882,PUERTO RICO,"2,015",3,50,META,50590,Municipio,-73.206314,2.939621,
6883,PUERTO RICO,"2,018",1,18,CAQUETÁ,18592,Municipio,-75.157604,1.909063,
6884,PUERTO RICO,"2,018",1,50,META,50590,Municipio,-73.206314,2.939621,
6885,PUERTO RICO,"2,019",1,18,CAQUETÁ,18592,Municipio,-75.157604,1.909063,
6886,PUERTO RICO,"2,019",1,50,META,50590,Municipio,-73.206314,2.939621,
6887,PUERTO SALGAR,"1,985",1,25,CUNDINAMARCA,25572,Municipio,-74.653695,5.465413,
6888,PUERTO SALGAR,"1,986",1,25,CUNDINAMARCA,25572,Municipio,-74.653695,5.465413,
6889,PUERTO SALGAR,"1,992",1,25,CUNDINAMARCA,25572,Municipio,-74.653695,5.465413,
6890,PUERTO SALGAR,"1,994",1,25,CUNDINAMARCA,25572,Municipio,-74.653695,5.465413,
6891,PUERTO SALGAR,"2,002",2,25,CUNDINAMARCA,25572,Municipio,-74.653695,5.465413,
6892,PUERTO SALGAR,"2,006",1,25,CUNDINAMARCA,25572,Municipio,-74.653695,5.465413,
6893,PUERTO SALGAR,"2,007",2,25,CUNDINAMARCA,25572,Municipio,-74.653695,5.465413,
6894,PUERTO SALGAR,"2,008",2,25,CUNDINAMARCA,25572,Municipio,-74.653695,5.465413,
6895,PUERTO SALGAR,"2,009",1,25,CUNDINAMARCA,25572,Municipio,-74.653695,5.465413,
6896,PUERTO SALGAR,"2,010",1,25,CUNDINAMARCA,25572,Municipio,-74.653695,5.465413,
6897,PUERTO SALGAR,"2,011",1,25,CUNDINAMARCA,25572,Municipio,-74.653695,5.465413,
6898,PUERTO SALGAR,"2,014",1,25,CUNDINAMARCA,25572,Municipio,-74.653695,5.465413,
6899,PUERTO SALGAR,"2,017",1,25,CUNDINAMARCA,25572,Municipio,-74.653695,5.465413,
6900,PUERTO SALGAR,"2,018",1,25,CUNDINAMARCA,25572,Municipio,-74.653695,5.465413,
6901,PUERTO SANTANDER,"1,997",1,54,NORTE DE SANTANDER,54553,Municipio,-72.411363,8.359993,
6902,PUERTO SANTANDER,"1,997",1,91,AMAZONAS,91669,Área no municipalizada,-72.384213,-0.621184,
6903,PUERTO SANTANDER,"2,010",1,54,NORTE DE SANTANDER,54553,Municipio,-72.411363,8.359993,
6904,PUERTO SANTANDER,"2,010",1,91,AMAZONAS,91669,Área no municipalizada,-72.384213,-0.621184,
6905,PUERTO TEJADA,"1,986",2,19,CAUCA,19573,Municipio,-76.417673,3.233254,
6906,PUERTO TEJADA,"1,987",1,19,CAUCA,19573,Municipio,-76.417673,3.233254,
6907,PUERTO TEJADA,"1,988",1,19,CAUCA,19573,Municipio,-76.417673,3.233254,
6908,PUERTO TEJADA,"1,989",1,19,CAUCA,19573,Municipio,-76.417673,3.233254,
6909,PUERTO TEJADA,"1,990",1,19,CAUCA,19573,Municipio,-76.417673,3.233254,
6910,PUERTO TEJADA,"1,991",1,19,CAUCA,19573,Municipio,-76.417673,3.233254,
6911,PUERTO TEJADA,"1,992",1,19,CAUCA,19573,Municipio,-76.417673,3.233254,
6912,PUERTO TEJADA,"1,996",1,19,CAUCA,19573,Municipio,-76.417673,3.233254,
6913,PUERTO TEJADA,"1,999",1,19,CAUCA,19573,Municipio,-76.417673,3.233254,
6914,PUERTO TEJADA,"2,001",1,19,CAUCA,19573,Municipio,-76.417673,3.233254,
6915,PUERTO TEJADA,"2,002",1,19,CAUCA,19573,Municipio,-76.417673,3.233254,
6916,PUERTO TEJADA,"2,004",1,19,CAUCA,19573,Municipio,-76.417673,3.233254,
6917,PUERTO TEJADA,"2,005",1,19,CAUCA,19573,Municipio,-76.417673,3.233254,
6918,PUERTO TEJADA,"2,009",1,19,CAUCA,19573,Municipio,-76.417673,3.233254,
6919,PUERTO TEJADA,"2,010",3,19,CAUCA,19573,Municipio,-76.417673,3.233254,
6920,PUERTO TEJADA,"2,011",1,19,CAUCA,19573,Municipio,-76.417673,3.233254,
6921,PUERTO TEJADA,"2,012",1,19,CAUCA,19573,Municipio,-76.417673,3.233254,
6922,PUERTO TEJADA,"2,013",2,19,CAUCA,19573,Municipio,-76.417673,3.233254,
6923,PUERTO TEJADA,"2,018",1,19,CAUCA,19573,Municipio,-76.417673,3.233254,
6924,PUERTO TRIUNFO,"1,988",1,5,ANTIOQUIA,5591,Municipio,-74.64119,5.871318,
6925,PUERTO TRIUNFO,"1,995",1,5,ANTIOQUIA,5591,Municipio,-74.64119,5.871318,
6926,PUERTO TRIUNFO,"2,004",1,5,ANTIOQUIA,5591,Municipio,-74.64119,5.871318,
6927,PUERTO TRIUNFO,"2,006",1,5,ANTIOQUIA,5591,Municipio,-74.64119,5.871318,
6928,PUERTO TRIUNFO,"2,007",1,5,ANTIOQUIA,5591,Municipio,-74.64119,5.871318,
6929,PUERTO TRIUNFO,"2,009",1,5,ANTIOQUIA,5591,Municipio,-74.64119,5.871318,
6930,PUERTO TRIUNFO,"2,011",1,5,ANTIOQUIA,5591,Municipio,-74.64119,5.871318,
6931,PUERTO TRIUNFO,"2,013",1,5,ANTIOQUIA,5591,Municipio,-74.64119,5.871318,
6932,PUERTO TRIUNFO,"2,014",3,5,ANTIOQUIA,5591,Municipio,-74.64119,5.871318,
6933,PUERTO TRIUNFO,"2,015",1,5,ANTIOQUIA,5591,Municipio,-74.64119,5.871318,
6934,PUERTO WILCHES,"1,986",1,68,SANTANDER,68575,Municipio,-73.899909,7.344057,
6935,PUERTO WILCHES,"1,988",2,68,SANTANDER,68575,Municipio,-73.899909,7.344057,
6936,PUERTO WILCHES,"1,989",1,68,SANTANDER,68575,Municipio,-73.899909,7.344057,
6937,PUERTO WILCHES,"1,992",1,68,SANTANDER,68575,Municipio,-73.899909,7.344057,
6938,PUERTO WILCHES,"1,993",2,68,SANTANDER,68575,Municipio,-73.899909,7.344057,
6939,PUERTO WILCHES,"2,005",1,68,SANTANDER,68575,Municipio,-73.899909,7.344057,
6940,PUERTO WILCHES,"2,008",3,68,SANTANDER,68575,Municipio,-73.899909,7.344057,
6941,PUERTO WILCHES,"2,016",1,68,SANTANDER,68575,Municipio,-73.899909,7.344057,
6942,PUERTO WILCHES,"2,017",1,68,SANTANDER,68575,Municipio,-73.899909,7.344057,
6943,PUERTO WILCHES,"2,018",1,68,SANTANDER,68575,Municipio,-73.899909,7.344057,
6944,PULÍ,"2,009",1,25,CUNDINAMARCA,25580,Municipio,-74.71438,4.682022,
6945,PUPIALES,"2,002",1,52,NARIÑO,52585,Municipio,-77.636042,0.870442,
6946,PUPIALES,"2,007",1,52,NARIÑO,52585,Municipio,-77.636042,0.870442,
6947,PUPIALES,"2,009",1,52,NARIÑO,52585,Municipio,-77.636042,0.870442,
6948,PUPIALES,"2,011",1,52,NARIÑO,52585,Municipio,-77.636042,0.870442,
6949,PUPIALES,"2,014",1,52,NARIÑO,52585,Municipio,-77.636042,0.870442,
6950,PUPIALES,"2,019",1,52,NARIÑO,52585,Municipio,-77.636042,0.870442,
6951,PURACÉ,"1,998",1,19,CAUCA,19585,Municipio,-76.496698,2.341507,
6952,PURACÉ,"2,005",1,19,CAUCA,19585,Municipio,-76.496698,2.341507,
6953,PURACÉ,"2,009",1,19,CAUCA,19585,Municipio,-76.496698,2.341507,
6954,PURACÉ,"2,011",1,19,CAUCA,19585,Municipio,-76.496698,2.341507,
6955,PURACÉ,"2,013",1,19,CAUCA,19585,Municipio,-76.496698,2.341507,
6956,PURACÉ,"2,014",1,19,CAUCA,19585,Municipio,-76.496698,2.341507,
6957,PURACÉ,"2,019",1,19,CAUCA,19585,Municipio,-76.496698,2.341507,
6958,PURIFICACIÓN,"1,985",1,73,TOLIMA,73585,Municipio,-74.935555,3.857246,
6959,PURIFICACIÓN,"1,987",2,73,TOLIMA,73585,Municipio,-74.935555,3.857246,
6960,PURIFICACIÓN,"1,989",4,73,TOLIMA,73585,Municipio,-74.935555,3.857246,
6961,PURIFICACIÓN,"1,991",2,73,TOLIMA,73585,Municipio,-74.935555,3.857246,
6962,PURIFICACIÓN,"1,992",1,73,TOLIMA,73585,Municipio,-74.935555,3.857246,
6963,PURIFICACIÓN,"1,993",2,73,TOLIMA,73585,Municipio,-74.935555,3.857246,
6964,PURIFICACIÓN,"1,994",2,73,TOLIMA,73585,Municipio,-74.935555,3.857246,
6965,PURIFICACIÓN,"1,995",1,73,TOLIMA,73585,Municipio,-74.935555,3.857246,
6966,PURIFICACIÓN,"1,996",2,73,TOLIMA,73585,Municipio,-74.935555,3.857246,
6967,PURIFICACIÓN,"1,999",1,73,TOLIMA,73585,Municipio,-74.935555,3.857246,
6968,PURIFICACIÓN,"2,000",1,73,TOLIMA,73585,Municipio,-74.935555,3.857246,
6969,PURIFICACIÓN,"2,001",2,73,TOLIMA,73585,Municipio,-74.935555,3.857246,
6970,PURIFICACIÓN,"2,002",1,73,TOLIMA,73585,Municipio,-74.935555,3.857246,
6971,PURIFICACIÓN,"2,004",4,73,TOLIMA,73585,Municipio,-74.935555,3.857246,
6972,PURIFICACIÓN,"2,005",1,73,TOLIMA,73585,Municipio,-74.935555,3.857246,
6973,PURIFICACIÓN,"2,007",4,73,TOLIMA,73585,Municipio,-74.935555,3.857246,
6974,PURIFICACIÓN,"2,008",2,73,TOLIMA,73585,Municipio,-74.935555,3.857246,
6975,PURIFICACIÓN,"2,009",3,73,TOLIMA,73585,Municipio,-74.935555,3.857246,
6976,PURIFICACIÓN,"2,010",2,73,TOLIMA,73585,Municipio,-74.935555,3.857246,
6977,PURIFICACIÓN,"2,011",1,73,TOLIMA,73585,Municipio,-74.935555,3.857246,
6978,PURIFICACIÓN,"2,012",5,73,TOLIMA,73585,Municipio,-74.935555,3.857246,
6979,PURIFICACIÓN,"2,013",1,73,TOLIMA,73585,Municipio,-74.935555,3.857246,
6980,PURIFICACIÓN,"2,014",1,73,TOLIMA,73585,Municipio,-74.935555,3.857246,
6981,PURIFICACIÓN,"2,015",1,73,TOLIMA,73585,Municipio,-74.935555,3.857246,
6982,PURIFICACIÓN,"2,016",1,73,TOLIMA,73585,Municipio,-74.935555,3.857246,
6983,PURIFICACIÓN,"2,017",1,73,TOLIMA,73585,Municipio,-74.935555,3.857246,
6984,PURIFICACIÓN,"2,018",4,73,TOLIMA,73585,Municipio,-74.935555,3.857246,
6985,PURIFICACIÓN,"2,019",4,73,TOLIMA,73585,Municipio,-74.935555,3.857246,
6986,PURÍSIMA DE LA CONCEPCIÓN,"1,991",1,23,CÓRDOBA,23586,Municipio,-75.724987,9.239295,
6987,PURÍSIMA DE LA CONCEPCIÓN,"2,009",1,23,CÓRDOBA,23586,Municipio,-75.724987,9.239295,
6988,PURÍSIMA DE LA CONCEPCIÓN,"2,010",1,23,CÓRDOBA,23586,Municipio,-75.724987,9.239295,
6989,PURÍSIMA DE LA CONCEPCIÓN,"2,011",2,23,CÓRDOBA,23586,Municipio,-75.724987,9.239295,
6990,PÁCORA,"1,986",1,17,CALDAS,17513,Municipio,-75.459621,5.527172,
6991,PÁCORA,"1,988",1,17,CALDAS,17513,Municipio,-75.459621,5.527172,
6992,PÁCORA,"1,990",2,17,CALDAS,17513,Municipio,-75.459621,5.527172,
6993,PÁCORA,"1,992",1,17,CALDAS,17513,Municipio,-75.459621,5.527172,
6994,PÁCORA,"1,994",1,17,CALDAS,17513,Municipio,-75.459621,5.527172,
6995,PÁCORA,"1,996",1,17,CALDAS,17513,Municipio,-75.459621,5.527172,
6996,PÁCORA,"1,997",1,17,CALDAS,17513,Municipio,-75.459621,5.527172,
6997,PÁCORA,"1,998",1,17,CALDAS,17513,Municipio,-75.459621,5.527172,
6998,PÁCORA,"1,999",1,17,CALDAS,17513,Municipio,-75.459621,5.527172,
6999,PÁCORA,"2,002",2,17,CALDAS,17513,Municipio,-75.459621,5.527172,
7000,PÁCORA,"2,005",1,17,CALDAS,17513,Municipio,-75.459621,5.527172,
7001,PÁCORA,"2,006",1,17,CALDAS,17513,Municipio,-75.459621,5.527172,
7002,PÁCORA,"2,007",1,17,CALDAS,17513,Municipio,-75.459621,5.527172,
7003,PÁCORA,"2,009",2,17,CALDAS,17513,Municipio,-75.459621,5.527172,
7004,PÁCORA,"2,010",1,17,CALDAS,17513,Municipio,-75.459621,5.527172,
7005,PÁCORA,"2,012",1,17,CALDAS,17513,Municipio,-75.459621,5.527172,
7006,PÁCORA,"2,014",1,17,CALDAS,17513,Municipio,-75.459621,5.527172,
7007,PÁCORA,"2,017",1,17,CALDAS,17513,Municipio,-75.459621,5.527172,
7008,PÁCORA,"2,018",1,17,CALDAS,17513,Municipio,-75.459621,5.527172,
7009,PÁEZ,"1,996",1,15,BOYACÁ,15514,Municipio,-73.052737,5.097319,
7010,PÁEZ,"1,996",1,19,CAUCA,19517,Municipio,-75.970685,2.645724,
7011,PÁEZ,"1,998",1,15,BOYACÁ,15514,Municipio,-73.052737,5.097319,
7012,PÁEZ,"1,998",1,19,CAUCA,19517,Municipio,-75.970685,2.645724,
7013,PÁEZ,"2,007",1,15,BOYACÁ,15514,Municipio,-73.052737,5.097319,
7014,PÁEZ,"2,007",1,19,CAUCA,19517,Municipio,-75.970685,2.645724,
7015,PÁEZ,"2,015",2,15,BOYACÁ,15514,Municipio,-73.052737,5.097319,
7016,PÁEZ,"2,015",2,19,CAUCA,19517,Municipio,-75.970685,2.645724,
7017,PÁEZ,"2,019",1,15,BOYACÁ,15514,Municipio,-73.052737,5.097319,
7018,PÁEZ,"2,019",1,19,CAUCA,19517,Municipio,-75.970685,2.645724,
7019,PÁRAMO,"2,000",1,68,SANTANDER,68533,Municipio,-73.17022,6.416811,
7020,PÁRAMO,"2,019",1,68,SANTANDER,68533,Municipio,-73.17022,6.416811,
7021,QUEBRADANEGRA,"2,019",1,25,CUNDINAMARCA,25592,Municipio,-74.48014,5.118076,
7022,QUETAME,"1,985",2,25,CUNDINAMARCA,25594,Municipio,-73.863214,4.329884,
7023,QUETAME,"1,988",1,25,CUNDINAMARCA,25594,Municipio,-73.863214,4.329884,
7024,QUETAME,"1,989",1,25,CUNDINAMARCA,25594,Municipio,-73.863214,4.329884,
7025,QUETAME,"1,996",1,25,CUNDINAMARCA,25594,Municipio,-73.863214,4.329884,
7026,QUETAME,"1,998",1,25,CUNDINAMARCA,25594,Municipio,-73.863214,4.329884,
7027,QUETAME,"2,000",1,25,CUNDINAMARCA,25594,Municipio,-73.863214,4.329884,
7028,QUIBDÓ,"1,986",1,27,CHOCÓ,27001,Municipio,-76.638144,5.682166,
7029,QUIBDÓ,"1,987",1,27,CHOCÓ,27001,Municipio,-76.638144,5.682166,
7030,QUIBDÓ,"1,990",1,27,CHOCÓ,27001,Municipio,-76.638144,5.682166,
7031,QUIBDÓ,"1,992",1,27,CHOCÓ,27001,Municipio,-76.638144,5.682166,
7032,QUIBDÓ,"1,993",2,27,CHOCÓ,27001,Municipio,-76.638144,5.682166,
7033,QUIBDÓ,"1,994",2,27,CHOCÓ,27001,Municipio,-76.638144,5.682166,
7034,QUIBDÓ,"1,995",1,27,CHOCÓ,27001,Municipio,-76.638144,5.682166,
7035,QUIBDÓ,"1,996",3,27,CHOCÓ,27001,Municipio,-76.638144,5.682166,
7036,QUIBDÓ,"1,997",2,27,CHOCÓ,27001,Municipio,-76.638144,5.682166,
7037,QUIBDÓ,"1,999",1,27,CHOCÓ,27001,Municipio,-76.638144,5.682166,
7038,QUIBDÓ,"2,000",1,27,CHOCÓ,27001,Municipio,-76.638144,5.682166,
7039,QUIBDÓ,"2,001",1,27,CHOCÓ,27001,Municipio,-76.638144,5.682166,
7040,QUIBDÓ,"2,002",1,27,CHOCÓ,27001,Municipio,-76.638144,5.682166,
7041,QUIBDÓ,"2,004",1,27,CHOCÓ,27001,Municipio,-76.638144,5.682166,
7042,QUIBDÓ,"2,005",3,27,CHOCÓ,27001,Municipio,-76.638144,5.682166,
7043,QUIBDÓ,"2,006",2,27,CHOCÓ,27001,Municipio,-76.638144,5.682166,
7044,QUIBDÓ,"2,007",4,27,CHOCÓ,27001,Municipio,-76.638144,5.682166,
7045,QUIBDÓ,"2,008",1,27,CHOCÓ,27001,Municipio,-76.638144,5.682166,
7046,QUIBDÓ,"2,009",1,27,CHOCÓ,27001,Municipio,-76.638144,5.682166,
7047,QUIBDÓ,"2,010",3,27,CHOCÓ,27001,Municipio,-76.638144,5.682166,
7048,QUIBDÓ,"2,011",1,27,CHOCÓ,27001,Municipio,-76.638144,5.682166,
7049,QUIBDÓ,"2,012",1,27,CHOCÓ,27001,Municipio,-76.638144,5.682166,
7050,QUIBDÓ,"2,013",4,27,CHOCÓ,27001,Municipio,-76.638144,5.682166,
7051,QUIBDÓ,"2,014",1,27,CHOCÓ,27001,Municipio,-76.638144,5.682166,
7052,QUIBDÓ,"2,015",2,27,CHOCÓ,27001,Municipio,-76.638144,5.682166,
7053,QUIBDÓ,"2,016",6,27,CHOCÓ,27001,Municipio,-76.638144,5.682166,
7054,QUIBDÓ,"2,018",7,27,CHOCÓ,27001,Municipio,-76.638144,5.682166,
7055,QUIBDÓ,"2,019",4,27,CHOCÓ,27001,Municipio,-76.638144,5.682166,
7056,QUIMBAYA,"1,985",2,63,QUINDÍO,63594,Municipio,-75.765074,4.624387,
7057,QUIMBAYA,"1,988",2,63,QUINDÍO,63594,Municipio,-75.765074,4.624387,
7058,QUIMBAYA,"1,989",4,63,QUINDÍO,63594,Municipio,-75.765074,4.624387,
7059,QUIMBAYA,"1,991",1,63,QUINDÍO,63594,Municipio,-75.765074,4.624387,
7060,QUIMBAYA,"1,992",1,63,QUINDÍO,63594,Municipio,-75.765074,4.624387,
7061,QUIMBAYA,"1,993",1,63,QUINDÍO,63594,Municipio,-75.765074,4.624387,
7062,QUIMBAYA,"1,996",2,63,QUINDÍO,63594,Municipio,-75.765074,4.624387,
7063,QUIMBAYA,"1,997",1,63,QUINDÍO,63594,Municipio,-75.765074,4.624387,
7064,QUIMBAYA,"1,998",1,63,QUINDÍO,63594,Municipio,-75.765074,4.624387,
7065,QUIMBAYA,"1,999",2,63,QUINDÍO,63594,Municipio,-75.765074,4.624387,
7066,QUIMBAYA,"2,000",2,63,QUINDÍO,63594,Municipio,-75.765074,4.624387,
7067,QUIMBAYA,"2,001",1,63,QUINDÍO,63594,Municipio,-75.765074,4.624387,
7068,QUIMBAYA,"2,003",1,63,QUINDÍO,63594,Municipio,-75.765074,4.624387,
7069,QUIMBAYA,"2,005",1,63,QUINDÍO,63594,Municipio,-75.765074,4.624387,
7070,QUIMBAYA,"2,008",1,63,QUINDÍO,63594,Municipio,-75.765074,4.624387,
7071,QUIMBAYA,"2,009",1,63,QUINDÍO,63594,Municipio,-75.765074,4.624387,
7072,QUIMBAYA,"2,010",1,63,QUINDÍO,63594,Municipio,-75.765074,4.624387,
7073,QUIMBAYA,"2,011",1,63,QUINDÍO,63594,Municipio,-75.765074,4.624387,
7074,QUIMBAYA,"2,012",3,63,QUINDÍO,63594,Municipio,-75.765074,4.624387,
7075,QUIMBAYA,"2,014",2,63,QUINDÍO,63594,Municipio,-75.765074,4.624387,
7076,QUIMBAYA,"2,015",3,63,QUINDÍO,63594,Municipio,-75.765074,4.624387,
7077,QUIMBAYA,"2,016",3,63,QUINDÍO,63594,Municipio,-75.765074,4.624387,
7078,QUIMBAYA,"2,018",1,63,QUINDÍO,63594,Municipio,-75.765074,4.624387,
7079,QUIMBAYA,"2,019",4,63,QUINDÍO,63594,Municipio,-75.765074,4.624387,
7080,QUINCHÍA,"1,985",1,66,RISARALDA,66594,Municipio,-75.730431,5.340456,
7081,QUINCHÍA,"1,986",2,66,RISARALDA,66594,Municipio,-75.730431,5.340456,
7082,QUINCHÍA,"1,989",1,66,RISARALDA,66594,Municipio,-75.730431,5.340456,
7083,QUINCHÍA,"1,992",1,66,RISARALDA,66594,Municipio,-75.730431,5.340456,
7084,QUINCHÍA,"1,993",1,66,RISARALDA,66594,Municipio,-75.730431,5.340456,
7085,QUINCHÍA,"1,994",2,66,RISARALDA,66594,Municipio,-75.730431,5.340456,
7086,QUINCHÍA,"1,995",1,66,RISARALDA,66594,Municipio,-75.730431,5.340456,
7087,QUINCHÍA,"1,996",1,66,RISARALDA,66594,Municipio,-75.730431,5.340456,
7088,QUINCHÍA,"1,999",1,66,RISARALDA,66594,Municipio,-75.730431,5.340456,
7089,QUINCHÍA,"2,003",1,66,RISARALDA,66594,Municipio,-75.730431,5.340456,
7090,QUINCHÍA,"2,004",1,66,RISARALDA,66594,Municipio,-75.730431,5.340456,
7091,QUINCHÍA,"2,006",2,66,RISARALDA,66594,Municipio,-75.730431,5.340456,
7092,QUINCHÍA,"2,007",1,66,RISARALDA,66594,Municipio,-75.730431,5.340456,
7093,QUINCHÍA,"2,008",1,66,RISARALDA,66594,Municipio,-75.730431,5.340456,
7094,QUINCHÍA,"2,010",2,66,RISARALDA,66594,Municipio,-75.730431,5.340456,
7095,QUINCHÍA,"2,013",1,66,RISARALDA,66594,Municipio,-75.730431,5.340456,
7096,QUINCHÍA,"2,016",2,66,RISARALDA,66594,Municipio,-75.730431,5.340456,
7097,QUINCHÍA,"2,017",2,66,RISARALDA,66594,Municipio,-75.730431,5.340456,
7098,QUINCHÍA,"2,018",1,66,RISARALDA,66594,Municipio,-75.730431,5.340456,
7099,QUINCHÍA,"2,019",1,66,RISARALDA,66594,Municipio,-75.730431,5.340456,
7100,QUIPILE,"2,001",1,25,CUNDINAMARCA,25596,Municipio,-74.533705,4.74481,
7101,QUIPILE,"2,003",1,25,CUNDINAMARCA,25596,Municipio,-74.533705,4.74481,
7102,QUIPILE,"2,008",2,25,CUNDINAMARCA,25596,Municipio,-74.533705,4.74481,
7103,QUIPILE,"2,010",1,25,CUNDINAMARCA,25596,Municipio,-74.533705,4.74481,
7104,QUÍPAMA,"2,001",1,15,BOYACÁ,15580,Municipio,-74.180033,5.52055,
7105,QUÍPAMA,"2,009",1,15,BOYACÁ,15580,Municipio,-74.180033,5.52055,
7106,RAGONVALIA,"2,000",1,54,NORTE DE SANTANDER,54599,Municipio,-72.476708,7.577861,
7107,RAGONVALIA,"2,017",1,54,NORTE DE SANTANDER,54599,Municipio,-72.476708,7.577861,
7108,RAMIRIQUÍ,"2,005",1,15,BOYACÁ,15599,Municipio,-73.334839,5.400303,
7109,RAMIRIQUÍ,"2,009",1,15,BOYACÁ,15599,Municipio,-73.334839,5.400303,
7110,RAMIRIQUÍ,"2,018",1,15,BOYACÁ,15599,Municipio,-73.334839,5.400303,
7111,REMEDIOS,"1,985",1,5,ANTIOQUIA,5604,Municipio,-74.698135,7.029424,
7112,REMEDIOS,"1,987",1,5,ANTIOQUIA,5604,Municipio,-74.698135,7.029424,
7113,REMEDIOS,"1,993",1,5,ANTIOQUIA,5604,Municipio,-74.698135,7.029424,
7114,REMEDIOS,"1,996",1,5,ANTIOQUIA,5604,Municipio,-74.698135,7.029424,
7115,REMEDIOS,"1,998",2,5,ANTIOQUIA,5604,Municipio,-74.698135,7.029424,
7116,REMEDIOS,"2,007",1,5,ANTIOQUIA,5604,Municipio,-74.698135,7.029424,
7117,REMEDIOS,"2,008",1,5,ANTIOQUIA,5604,Municipio,-74.698135,7.029424,
7118,REMEDIOS,"2,011",1,5,ANTIOQUIA,5604,Municipio,-74.698135,7.029424,
7119,REMEDIOS,"2,014",1,5,ANTIOQUIA,5604,Municipio,-74.698135,7.029424,
7120,REMEDIOS,"2,015",1,5,ANTIOQUIA,5604,Municipio,-74.698135,7.029424,
7121,REMEDIOS,"2,016",1,5,ANTIOQUIA,5604,Municipio,-74.698135,7.029424,
7122,REMEDIOS,"2,017",1,5,ANTIOQUIA,5604,Municipio,-74.698135,7.029424,
7123,REMEDIOS,"2,018",2,5,ANTIOQUIA,5604,Municipio,-74.698135,7.029424,
7124,REMEDIOS,"2,019",1,5,ANTIOQUIA,5604,Municipio,-74.698135,7.029424,
7125,REMOLINO,"1,997",1,47,MAGDALENA,47605,Municipio,-74.716172,10.701952,
7126,REMOLINO,"2,004",2,47,MAGDALENA,47605,Municipio,-74.716172,10.701952,
7127,REPELÓN,"1,985",1,8,ATLÁNTICO,8606,Municipio,-75.125534,10.493357,
7128,REPELÓN,"1,993",2,8,ATLÁNTICO,8606,Municipio,-75.125534,10.493357,
7129,REPELÓN,"1,996",1,8,ATLÁNTICO,8606,Municipio,-75.125534,10.493357,
7130,REPELÓN,"1,997",1,8,ATLÁNTICO,8606,Municipio,-75.125534,10.493357,
7131,REPELÓN,"2,006",2,8,ATLÁNTICO,8606,Municipio,-75.125534,10.493357,
7132,REPELÓN,"2,010",1,8,ATLÁNTICO,8606,Municipio,-75.125534,10.493357,
7133,REPELÓN,"2,015",1,8,ATLÁNTICO,8606,Municipio,-75.125534,10.493357,
7134,REPELÓN,"2,016",2,8,ATLÁNTICO,8606,Municipio,-75.125534,10.493357,
7135,RESTREPO,"1,989",1,50,META,50606,Municipio,-73.565408,4.259556,
7136,RESTREPO,"1,989",1,76,VALLE DEL CAUCA,76606,Municipio,-76.523329,3.821351,
7137,RESTREPO,"1,990",1,50,META,50606,Municipio,-73.565408,4.259556,
7138,RESTREPO,"1,990",1,76,VALLE DEL CAUCA,76606,Municipio,-76.523329,3.821351,
7139,RESTREPO,"1,991",1,50,META,50606,Municipio,-73.565408,4.259556,
7140,RESTREPO,"1,991",1,76,VALLE DEL CAUCA,76606,Municipio,-76.523329,3.821351,
7141,RESTREPO,"1,992",1,50,META,50606,Municipio,-73.565408,4.259556,
7142,RESTREPO,"1,992",1,76,VALLE DEL CAUCA,76606,Municipio,-76.523329,3.821351,
7143,RESTREPO,"1,994",1,50,META,50606,Municipio,-73.565408,4.259556,
7144,RESTREPO,"1,994",1,76,VALLE DEL CAUCA,76606,Municipio,-76.523329,3.821351,
7145,RESTREPO,"1,995",4,50,META,50606,Municipio,-73.565408,4.259556,
7146,RESTREPO,"1,995",4,76,VALLE DEL CAUCA,76606,Municipio,-76.523329,3.821351,
7147,RESTREPO,"1,997",1,50,META,50606,Municipio,-73.565408,4.259556,
7148,RESTREPO,"1,997",1,76,VALLE DEL CAUCA,76606,Municipio,-76.523329,3.821351,
7149,RESTREPO,"1,998",1,50,META,50606,Municipio,-73.565408,4.259556,
7150,RESTREPO,"1,998",1,76,VALLE DEL CAUCA,76606,Municipio,-76.523329,3.821351,
7151,RESTREPO,"1,999",3,50,META,50606,Municipio,-73.565408,4.259556,
7152,RESTREPO,"1,999",3,76,VALLE DEL CAUCA,76606,Municipio,-76.523329,3.821351,
7153,RESTREPO,"2,000",1,50,META,50606,Municipio,-73.565408,4.259556,
7154,RESTREPO,"2,000",1,76,VALLE DEL CAUCA,76606,Municipio,-76.523329,3.821351,
7155,RESTREPO,"2,001",1,50,META,50606,Municipio,-73.565408,4.259556,
7156,RESTREPO,"2,001",1,76,VALLE DEL CAUCA,76606,Municipio,-76.523329,3.821351,
7157,RESTREPO,"2,002",1,50,META,50606,Municipio,-73.565408,4.259556,
7158,RESTREPO,"2,002",1,76,VALLE DEL CAUCA,76606,Municipio,-76.523329,3.821351,
7159,RESTREPO,"2,006",2,50,META,50606,Municipio,-73.565408,4.259556,
7160,RESTREPO,"2,006",2,76,VALLE DEL CAUCA,76606,Municipio,-76.523329,3.821351,
7161,RESTREPO,"2,009",4,50,META,50606,Municipio,-73.565408,4.259556,
7162,RESTREPO,"2,009",4,76,VALLE DEL CAUCA,76606,Municipio,-76.523329,3.821351,
7163,RESTREPO,"2,010",3,50,META,50606,Municipio,-73.565408,4.259556,
7164,RESTREPO,"2,010",3,76,VALLE DEL CAUCA,76606,Municipio,-76.523329,3.821351,
7165,RESTREPO,"2,011",2,50,META,50606,Municipio,-73.565408,4.259556,
7166,RESTREPO,"2,011",2,76,VALLE DEL CAUCA,76606,Municipio,-76.523329,3.821351,
7167,RESTREPO,"2,012",2,50,META,50606,Municipio,-73.565408,4.259556,
7168,RESTREPO,"2,012",2,76,VALLE DEL CAUCA,76606,Municipio,-76.523329,3.821351,
7169,RESTREPO,"2,013",1,50,META,50606,Municipio,-73.565408,4.259556,
7170,RESTREPO,"2,013",1,76,VALLE DEL CAUCA,76606,Municipio,-76.523329,3.821351,
7171,RESTREPO,"2,016",2,50,META,50606,Municipio,-73.565408,4.259556,
7172,RESTREPO,"2,016",2,76,VALLE DEL CAUCA,76606,Municipio,-76.523329,3.821351,
7173,RESTREPO,"2,017",2,50,META,50606,Municipio,-73.565408,4.259556,
7174,RESTREPO,"2,017",2,76,VALLE DEL CAUCA,76606,Municipio,-76.523329,3.821351,
7175,RETIRO,"1,986",1,5,ANTIOQUIA,5607,Municipio,-75.501301,6.062454,
7176,RETIRO,"1,991",2,5,ANTIOQUIA,5607,Municipio,-75.501301,6.062454,
7177,RETIRO,"1,996",1,5,ANTIOQUIA,5607,Municipio,-75.501301,6.062454,
7178,RETIRO,"1,997",1,5,ANTIOQUIA,5607,Municipio,-75.501301,6.062454,
7179,RETIRO,"2,004",2,5,ANTIOQUIA,5607,Municipio,-75.501301,6.062454,
7180,RETIRO,"2,006",1,5,ANTIOQUIA,5607,Municipio,-75.501301,6.062454,
7181,RETIRO,"2,007",1,5,ANTIOQUIA,5607,Municipio,-75.501301,6.062454,
7182,RETIRO,"2,008",2,5,ANTIOQUIA,5607,Municipio,-75.501301,6.062454,
7183,RETIRO,"2,014",1,5,ANTIOQUIA,5607,Municipio,-75.501301,6.062454,
7184,RETIRO,"2,015",1,5,ANTIOQUIA,5607,Municipio,-75.501301,6.062454,
7185,RETIRO,"2,017",1,5,ANTIOQUIA,5607,Municipio,-75.501301,6.062454,
7186,RETIRO,"2,018",1,5,ANTIOQUIA,5607,Municipio,-75.501301,6.062454,
7187,RETIRO,"2,019",1,5,ANTIOQUIA,5607,Municipio,-75.501301,6.062454,
7188,RICAURTE,"1,999",1,25,CUNDINAMARCA,25612,Municipio,-74.772861,4.282113,
7189,RICAURTE,"1,999",1,52,NARIÑO,52612,Municipio,-77.995153,1.212492,
7190,RICAURTE,"2,001",3,25,CUNDINAMARCA,25612,Municipio,-74.772861,4.282113,
7191,RICAURTE,"2,001",3,52,NARIÑO,52612,Municipio,-77.995153,1.212492,
7192,RICAURTE,"2,002",1,25,CUNDINAMARCA,25612,Municipio,-74.772861,4.282113,
7193,RICAURTE,"2,002",1,52,NARIÑO,52612,Municipio,-77.995153,1.212492,
7194,RICAURTE,"2,014",1,25,CUNDINAMARCA,25612,Municipio,-74.772861,4.282113,
7195,RICAURTE,"2,014",1,52,NARIÑO,52612,Municipio,-77.995153,1.212492,
7196,RICAURTE,"2,015",1,25,CUNDINAMARCA,25612,Municipio,-74.772861,4.282113,
7197,RICAURTE,"2,015",1,52,NARIÑO,52612,Municipio,-77.995153,1.212492,
7198,RIOBLANCO,"2,015",1,73,TOLIMA,73616,Municipio,-75.644069,3.529932,
7199,RIOBLANCO,"2,017",1,73,TOLIMA,73616,Municipio,-75.644069,3.529932,
7200,RIOFRÍO,"1,988",1,76,VALLE DEL CAUCA,76616,Municipio,-76.288313,4.156908,
7201,RIOFRÍO,"1,994",1,76,VALLE DEL CAUCA,76616,Municipio,-76.288313,4.156908,
7202,RIOFRÍO,"1,998",1,76,VALLE DEL CAUCA,76616,Municipio,-76.288313,4.156908,
7203,RIOFRÍO,"2,003",1,76,VALLE DEL CAUCA,76616,Municipio,-76.288313,4.156908,
7204,RIOFRÍO,"2,004",1,76,VALLE DEL CAUCA,76616,Municipio,-76.288313,4.156908,
7205,RIOFRÍO,"2,008",2,76,VALLE DEL CAUCA,76616,Municipio,-76.288313,4.156908,
7206,RIOFRÍO,"2,009",1,76,VALLE DEL CAUCA,76616,Municipio,-76.288313,4.156908,
7207,RIOFRÍO,"2,010",2,76,VALLE DEL CAUCA,76616,Municipio,-76.288313,4.156908,
7208,RIOFRÍO,"2,012",1,76,VALLE DEL CAUCA,76616,Municipio,-76.288313,4.156908,
7209,RIOFRÍO,"2,017",2,76,VALLE DEL CAUCA,76616,Municipio,-76.288313,4.156908,
7210,RIOFRÍO,"2,019",1,76,VALLE DEL CAUCA,76616,Municipio,-76.288313,4.156908,
7211,RIOHACHA,"1,985",1,44,LA GUAJIRA,44001,Municipio,-72.911795,11.528588,
7212,RIOHACHA,"1,987",2,44,LA GUAJIRA,44001,Municipio,-72.911795,11.528588,
7213,RIOHACHA,"1,988",1,44,LA GUAJIRA,44001,Municipio,-72.911795,11.528588,
7214,RIOHACHA,"1,990",4,44,LA GUAJIRA,44001,Municipio,-72.911795,11.528588,
7215,RIOHACHA,"1,991",4,44,LA GUAJIRA,44001,Municipio,-72.911795,11.528588,
7216,RIOHACHA,"1,992",2,44,LA GUAJIRA,44001,Municipio,-72.911795,11.528588,
7217,RIOHACHA,"1,993",1,44,LA GUAJIRA,44001,Municipio,-72.911795,11.528588,
7218,RIOHACHA,"1,994",2,44,LA GUAJIRA,44001,Municipio,-72.911795,11.528588,
7219,RIOHACHA,"1,995",3,44,LA GUAJIRA,44001,Municipio,-72.911795,11.528588,
7220,RIOHACHA,"1,996",4,44,LA GUAJIRA,44001,Municipio,-72.911795,11.528588,
7221,RIOHACHA,"1,997",3,44,LA GUAJIRA,44001,Municipio,-72.911795,11.528588,
7222,RIOHACHA,"1,998",1,44,LA GUAJIRA,44001,Municipio,-72.911795,11.528588,
7223,RIOHACHA,"1,999",1,44,LA GUAJIRA,44001,Municipio,-72.911795,11.528588,
7224,RIOHACHA,"2,001",1,44,LA GUAJIRA,44001,Municipio,-72.911795,11.528588,
7225,RIOHACHA,"2,003",2,44,LA GUAJIRA,44001,Municipio,-72.911795,11.528588,
7226,RIOHACHA,"2,004",2,44,LA GUAJIRA,44001,Municipio,-72.911795,11.528588,
7227,RIOHACHA,"2,005",1,44,LA GUAJIRA,44001,Municipio,-72.911795,11.528588,
7228,RIOHACHA,"2,006",5,44,LA GUAJIRA,44001,Municipio,-72.911795,11.528588,
7229,RIOHACHA,"2,008",1,44,LA GUAJIRA,44001,Municipio,-72.911795,11.528588,
7230,RIOHACHA,"2,009",1,44,LA GUAJIRA,44001,Municipio,-72.911795,11.528588,
7231,RIOHACHA,"2,010",3,44,LA GUAJIRA,44001,Municipio,-72.911795,11.528588,
7232,RIOHACHA,"2,011",2,44,LA GUAJIRA,44001,Municipio,-72.911795,11.528588,
7233,RIOHACHA,"2,012",2,44,LA GUAJIRA,44001,Municipio,-72.911795,11.528588,
7234,RIOHACHA,"2,013",3,44,LA GUAJIRA,44001,Municipio,-72.911795,11.528588,
7235,RIOHACHA,"2,014",1,44,LA GUAJIRA,44001,Municipio,-72.911795,11.528588,
7236,RIOHACHA,"2,015",8,44,LA GUAJIRA,44001,Municipio,-72.911795,11.528588,
7237,RIOHACHA,"2,017",6,44,LA GUAJIRA,44001,Municipio,-72.911795,11.528588,
7238,RIOHACHA,"2,018",3,44,LA GUAJIRA,44001,Municipio,-72.911795,11.528588,
7239,RIOHACHA,"2,019",8,44,LA GUAJIRA,44001,Municipio,-72.911795,11.528588,
7240,RIONEGRO,"1,985",4,5,ANTIOQUIA,5615,Municipio,-75.377316,6.147148,
7241,RIONEGRO,"1,985",4,68,SANTANDER,68615,Municipio,-73.150177,7.265014,
7242,RIONEGRO,"1,986",2,5,ANTIOQUIA,5615,Municipio,-75.377316,6.147148,
7243,RIONEGRO,"1,986",2,68,SANTANDER,68615,Municipio,-73.150177,7.265014,
7244,RIONEGRO,"1,987",2,5,ANTIOQUIA,5615,Municipio,-75.377316,6.147148,
7245,RIONEGRO,"1,987",2,68,SANTANDER,68615,Municipio,-73.150177,7.265014,
7246,RIONEGRO,"1,988",3,5,ANTIOQUIA,5615,Municipio,-75.377316,6.147148,
7247,RIONEGRO,"1,988",3,68,SANTANDER,68615,Municipio,-73.150177,7.265014,
7248,RIONEGRO,"1,989",7,5,ANTIOQUIA,5615,Municipio,-75.377316,6.147148,
7249,RIONEGRO,"1,989",7,68,SANTANDER,68615,Municipio,-73.150177,7.265014,
7250,RIONEGRO,"1,990",3,5,ANTIOQUIA,5615,Municipio,-75.377316,6.147148,
7251,RIONEGRO,"1,990",3,68,SANTANDER,68615,Municipio,-73.150177,7.265014,
7252,RIONEGRO,"1,991",3,5,ANTIOQUIA,5615,Municipio,-75.377316,6.147148,
7253,RIONEGRO,"1,991",3,68,SANTANDER,68615,Municipio,-73.150177,7.265014,
7254,RIONEGRO,"1,992",3,5,ANTIOQUIA,5615,Municipio,-75.377316,6.147148,
7255,RIONEGRO,"1,992",3,68,SANTANDER,68615,Municipio,-73.150177,7.265014,
7256,RIONEGRO,"1,993",4,5,ANTIOQUIA,5615,Municipio,-75.377316,6.147148,
7257,RIONEGRO,"1,993",4,68,SANTANDER,68615,Municipio,-73.150177,7.265014,
7258,RIONEGRO,"1,994",7,5,ANTIOQUIA,5615,Municipio,-75.377316,6.147148,
7259,RIONEGRO,"1,994",7,68,SANTANDER,68615,Municipio,-73.150177,7.265014,
7260,RIONEGRO,"1,995",2,5,ANTIOQUIA,5615,Municipio,-75.377316,6.147148,
7261,RIONEGRO,"1,995",2,68,SANTANDER,68615,Municipio,-73.150177,7.265014,
7262,RIONEGRO,"1,996",4,5,ANTIOQUIA,5615,Municipio,-75.377316,6.147148,
7263,RIONEGRO,"1,996",4,68,SANTANDER,68615,Municipio,-73.150177,7.265014,
7264,RIONEGRO,"1,997",2,5,ANTIOQUIA,5615,Municipio,-75.377316,6.147148,
7265,RIONEGRO,"1,997",2,68,SANTANDER,68615,Municipio,-73.150177,7.265014,
7266,RIONEGRO,"1,998",8,5,ANTIOQUIA,5615,Municipio,-75.377316,6.147148,
7267,RIONEGRO,"1,998",8,68,SANTANDER,68615,Municipio,-73.150177,7.265014,
7268,RIONEGRO,"1,999",2,5,ANTIOQUIA,5615,Municipio,-75.377316,6.147148,
7269,RIONEGRO,"1,999",2,68,SANTANDER,68615,Municipio,-73.150177,7.265014,
7270,RIONEGRO,"2,000",2,5,ANTIOQUIA,5615,Municipio,-75.377316,6.147148,
7271,RIONEGRO,"2,000",2,68,SANTANDER,68615,Municipio,-73.150177,7.265014,
7272,RIONEGRO,"2,001",6,5,ANTIOQUIA,5615,Municipio,-75.377316,6.147148,
7273,RIONEGRO,"2,001",6,68,SANTANDER,68615,Municipio,-73.150177,7.265014,
7274,RIONEGRO,"2,002",7,5,ANTIOQUIA,5615,Municipio,-75.377316,6.147148,
7275,RIONEGRO,"2,002",7,68,SANTANDER,68615,Municipio,-73.150177,7.265014,
7276,RIONEGRO,"2,003",7,5,ANTIOQUIA,5615,Municipio,-75.377316,6.147148,
7277,RIONEGRO,"2,003",7,68,SANTANDER,68615,Municipio,-73.150177,7.265014,
7278,RIONEGRO,"2,004",6,5,ANTIOQUIA,5615,Municipio,-75.377316,6.147148,
7279,RIONEGRO,"2,004",6,68,SANTANDER,68615,Municipio,-73.150177,7.265014,
7280,RIONEGRO,"2,005",5,5,ANTIOQUIA,5615,Municipio,-75.377316,6.147148,
7281,RIONEGRO,"2,005",5,68,SANTANDER,68615,Municipio,-73.150177,7.265014,
7282,RIONEGRO,"2,006",3,5,ANTIOQUIA,5615,Municipio,-75.377316,6.147148,
7283,RIONEGRO,"2,006",3,68,SANTANDER,68615,Municipio,-73.150177,7.265014,
7284,RIONEGRO,"2,007",8,5,ANTIOQUIA,5615,Municipio,-75.377316,6.147148,
7285,RIONEGRO,"2,007",8,68,SANTANDER,68615,Municipio,-73.150177,7.265014,
7286,RIONEGRO,"2,008",10,5,ANTIOQUIA,5615,Municipio,-75.377316,6.147148,
7287,RIONEGRO,"2,008",10,68,SANTANDER,68615,Municipio,-73.150177,7.265014,
7288,RIONEGRO,"2,009",9,5,ANTIOQUIA,5615,Municipio,-75.377316,6.147148,
7289,RIONEGRO,"2,009",9,68,SANTANDER,68615,Municipio,-73.150177,7.265014,
7290,RIONEGRO,"2,010",9,5,ANTIOQUIA,5615,Municipio,-75.377316,6.147148,
7291,RIONEGRO,"2,010",9,68,SANTANDER,68615,Municipio,-73.150177,7.265014,
7292,RIONEGRO,"2,011",8,5,ANTIOQUIA,5615,Municipio,-75.377316,6.147148,
7293,RIONEGRO,"2,011",8,68,SANTANDER,68615,Municipio,-73.150177,7.265014,
7294,RIONEGRO,"2,012",19,5,ANTIOQUIA,5615,Municipio,-75.377316,6.147148,
7295,RIONEGRO,"2,012",19,68,SANTANDER,68615,Municipio,-73.150177,7.265014,
7296,RIONEGRO,"2,013",19,5,ANTIOQUIA,5615,Municipio,-75.377316,6.147148,
7297,RIONEGRO,"2,013",19,68,SANTANDER,68615,Municipio,-73.150177,7.265014,
7298,RIONEGRO,"2,014",30,5,ANTIOQUIA,5615,Municipio,-75.377316,6.147148,
7299,RIONEGRO,"2,014",30,68,SANTANDER,68615,Municipio,-73.150177,7.265014,
7300,RIONEGRO,"2,015",17,5,ANTIOQUIA,5615,Municipio,-75.377316,6.147148,
7301,RIONEGRO,"2,015",17,68,SANTANDER,68615,Municipio,-73.150177,7.265014,
7302,RIONEGRO,"2,016",14,5,ANTIOQUIA,5615,Municipio,-75.377316,6.147148,
7303,RIONEGRO,"2,016",14,68,SANTANDER,68615,Municipio,-73.150177,7.265014,
7304,RIONEGRO,"2,017",31,5,ANTIOQUIA,5615,Municipio,-75.377316,6.147148,
7305,RIONEGRO,"2,017",31,68,SANTANDER,68615,Municipio,-73.150177,7.265014,
7306,RIONEGRO,"2,018",31,5,ANTIOQUIA,5615,Municipio,-75.377316,6.147148,
7307,RIONEGRO,"2,018",31,68,SANTANDER,68615,Municipio,-73.150177,7.265014,
7308,RIONEGRO,"2,019",43,5,ANTIOQUIA,5615,Municipio,-75.377316,6.147148,
7309,RIONEGRO,"2,019",43,68,SANTANDER,68615,Municipio,-73.150177,7.265014,
7310,RIOSUCIO,"1,985",2,17,CALDAS,17614,Municipio,-75.702104,5.423673,
7311,RIOSUCIO,"1,985",2,27,CHOCÓ,27615,Municipio,-77.113156,7.436704,*
7312,RIOSUCIO,"1,988",2,17,CALDAS,17614,Municipio,-75.702104,5.423673,
7313,RIOSUCIO,"1,988",2,27,CHOCÓ,27615,Municipio,-77.113156,7.436704,*
7314,RIOSUCIO,"1,989",1,17,CALDAS,17614,Municipio,-75.702104,5.423673,
7315,RIOSUCIO,"1,989",1,27,CHOCÓ,27615,Municipio,-77.113156,7.436704,*
7316,RIOSUCIO,"1,990",1,17,CALDAS,17614,Municipio,-75.702104,5.423673,
7317,RIOSUCIO,"1,990",1,27,CHOCÓ,27615,Municipio,-77.113156,7.436704,*
7318,RIOSUCIO,"1,991",1,17,CALDAS,17614,Municipio,-75.702104,5.423673,
7319,RIOSUCIO,"1,991",1,27,CHOCÓ,27615,Municipio,-77.113156,7.436704,*
7320,RIOSUCIO,"1,992",1,17,CALDAS,17614,Municipio,-75.702104,5.423673,
7321,RIOSUCIO,"1,992",1,27,CHOCÓ,27615,Municipio,-77.113156,7.436704,*
7322,RIOSUCIO,"1,993",1,17,CALDAS,17614,Municipio,-75.702104,5.423673,
7323,RIOSUCIO,"1,993",1,27,CHOCÓ,27615,Municipio,-77.113156,7.436704,*
7324,RIOSUCIO,"1,994",5,17,CALDAS,17614,Municipio,-75.702104,5.423673,
7325,RIOSUCIO,"1,994",5,27,CHOCÓ,27615,Municipio,-77.113156,7.436704,*
7326,RIOSUCIO,"1,995",1,17,CALDAS,17614,Municipio,-75.702104,5.423673,
7327,RIOSUCIO,"1,995",1,27,CHOCÓ,27615,Municipio,-77.113156,7.436704,*
7328,RIOSUCIO,"1,996",1,17,CALDAS,17614,Municipio,-75.702104,5.423673,
7329,RIOSUCIO,"1,996",1,27,CHOCÓ,27615,Municipio,-77.113156,7.436704,*
7330,RIOSUCIO,"1,997",2,17,CALDAS,17614,Municipio,-75.702104,5.423673,
7331,RIOSUCIO,"1,997",2,27,CHOCÓ,27615,Municipio,-77.113156,7.436704,*
7332,RIOSUCIO,"1,998",2,17,CALDAS,17614,Municipio,-75.702104,5.423673,
7333,RIOSUCIO,"1,998",2,27,CHOCÓ,27615,Municipio,-77.113156,7.436704,*
7334,RIOSUCIO,"1,999",1,17,CALDAS,17614,Municipio,-75.702104,5.423673,
7335,RIOSUCIO,"1,999",1,27,CHOCÓ,27615,Municipio,-77.113156,7.436704,*
7336,RIOSUCIO,"2,000",3,17,CALDAS,17614,Municipio,-75.702104,5.423673,
7337,RIOSUCIO,"2,000",3,27,CHOCÓ,27615,Municipio,-77.113156,7.436704,*
7338,RIOSUCIO,"2,001",3,17,CALDAS,17614,Municipio,-75.702104,5.423673,
7339,RIOSUCIO,"2,001",3,27,CHOCÓ,27615,Municipio,-77.113156,7.436704,*
7340,RIOSUCIO,"2,003",3,17,CALDAS,17614,Municipio,-75.702104,5.423673,
7341,RIOSUCIO,"2,003",3,27,CHOCÓ,27615,Municipio,-77.113156,7.436704,*
7342,RIOSUCIO,"2,004",2,17,CALDAS,17614,Municipio,-75.702104,5.423673,
7343,RIOSUCIO,"2,004",2,27,CHOCÓ,27615,Municipio,-77.113156,7.436704,*
7344,RIOSUCIO,"2,005",1,17,CALDAS,17614,Municipio,-75.702104,5.423673,
7345,RIOSUCIO,"2,005",1,27,CHOCÓ,27615,Municipio,-77.113156,7.436704,*
7346,RIOSUCIO,"2,006",1,17,CALDAS,17614,Municipio,-75.702104,5.423673,
7347,RIOSUCIO,"2,006",1,27,CHOCÓ,27615,Municipio,-77.113156,7.436704,*
7348,RIOSUCIO,"2,007",1,17,CALDAS,17614,Municipio,-75.702104,5.423673,
7349,RIOSUCIO,"2,007",1,27,CHOCÓ,27615,Municipio,-77.113156,7.436704,*
7350,RIOSUCIO,"2,008",3,17,CALDAS,17614,Municipio,-75.702104,5.423673,
7351,RIOSUCIO,"2,008",3,27,CHOCÓ,27615,Municipio,-77.113156,7.436704,*
7352,RIOSUCIO,"2,009",2,17,CALDAS,17614,Municipio,-75.702104,5.423673,
7353,RIOSUCIO,"2,009",2,27,CHOCÓ,27615,Municipio,-77.113156,7.436704,*
7354,RIOSUCIO,"2,010",2,17,CALDAS,17614,Municipio,-75.702104,5.423673,
7355,RIOSUCIO,"2,010",2,27,CHOCÓ,27615,Municipio,-77.113156,7.436704,*
7356,RIOSUCIO,"2,011",5,17,CALDAS,17614,Municipio,-75.702104,5.423673,
7357,RIOSUCIO,"2,011",5,27,CHOCÓ,27615,Municipio,-77.113156,7.436704,*
7358,RIOSUCIO,"2,012",4,17,CALDAS,17614,Municipio,-75.702104,5.423673,
7359,RIOSUCIO,"2,012",4,27,CHOCÓ,27615,Municipio,-77.113156,7.436704,*
7360,RIOSUCIO,"2,014",3,17,CALDAS,17614,Municipio,-75.702104,5.423673,
7361,RIOSUCIO,"2,014",3,27,CHOCÓ,27615,Municipio,-77.113156,7.436704,*
7362,RIOSUCIO,"2,015",2,17,CALDAS,17614,Municipio,-75.702104,5.423673,
7363,RIOSUCIO,"2,015",2,27,CHOCÓ,27615,Municipio,-77.113156,7.436704,*
7364,RIOSUCIO,"2,016",3,17,CALDAS,17614,Municipio,-75.702104,5.423673,
7365,RIOSUCIO,"2,016",3,27,CHOCÓ,27615,Municipio,-77.113156,7.436704,*
7366,RIOSUCIO,"2,017",5,17,CALDAS,17614,Municipio,-75.702104,5.423673,
7367,RIOSUCIO,"2,017",5,27,CHOCÓ,27615,Municipio,-77.113156,7.436704,*
7368,RIOSUCIO,"2,018",4,17,CALDAS,17614,Municipio,-75.702104,5.423673,
7369,RIOSUCIO,"2,018",4,27,CHOCÓ,27615,Municipio,-77.113156,7.436704,*
7370,RIOSUCIO,"2,019",2,17,CALDAS,17614,Municipio,-75.702104,5.423673,
7371,RIOSUCIO,"2,019",2,27,CHOCÓ,27615,Municipio,-77.113156,7.436704,*
7372,RISARALDA,"1,992",1,17,CALDAS,17616,Municipio,-75.76722,5.164509,
7373,RISARALDA,"2,001",1,17,CALDAS,17616,Municipio,-75.76722,5.164509,
7374,RISARALDA,"2,003",1,17,CALDAS,17616,Municipio,-75.76722,5.164509,
7375,RISARALDA,"2,004",1,17,CALDAS,17616,Municipio,-75.76722,5.164509,
7376,RISARALDA,"2,006",1,17,CALDAS,17616,Municipio,-75.76722,5.164509,
7377,RISARALDA,"2,008",2,17,CALDAS,17616,Municipio,-75.76722,5.164509,
7378,RISARALDA,"2,009",1,17,CALDAS,17616,Municipio,-75.76722,5.164509,
7379,RISARALDA,"2,014",1,17,CALDAS,17616,Municipio,-75.76722,5.164509,
7380,RISARALDA,"2,015",2,17,CALDAS,17616,Municipio,-75.76722,5.164509,
7381,RISARALDA,"2,019",2,17,CALDAS,17616,Municipio,-75.76722,5.164509,
7382,RIVERA,"1,990",1,41,HUILA,41615,Municipio,-75.258753,2.777586,
7383,RIVERA,"1,992",1,41,HUILA,41615,Municipio,-75.258753,2.777586,
7384,RIVERA,"1,993",1,41,HUILA,41615,Municipio,-75.258753,2.777586,
7385,RIVERA,"1,996",1,41,HUILA,41615,Municipio,-75.258753,2.777586,
7386,RIVERA,"1,997",1,41,HUILA,41615,Municipio,-75.258753,2.777586,
7387,RIVERA,"2,000",1,41,HUILA,41615,Municipio,-75.258753,2.777586,
7388,RIVERA,"2,006",1,41,HUILA,41615,Municipio,-75.258753,2.777586,
7389,RIVERA,"2,012",1,41,HUILA,41615,Municipio,-75.258753,2.777586,
7390,RIVERA,"2,014",1,41,HUILA,41615,Municipio,-75.258753,2.777586,
7391,RIVERA,"2,015",2,41,HUILA,41615,Municipio,-75.258753,2.777586,
7392,RIVERA,"2,016",2,41,HUILA,41615,Municipio,-75.258753,2.777586,
7393,RIVERA,"2,017",2,41,HUILA,41615,Municipio,-75.258753,2.777586,
7394,RIVERA,"2,018",1,41,HUILA,41615,Municipio,-75.258753,2.777586,
7395,RIVERA,"2,019",2,41,HUILA,41615,Municipio,-75.258753,2.777586,
7396,ROLDANILLO,"1,987",3,76,VALLE DEL CAUCA,76622,Municipio,-76.152277,4.413601,
7397,ROLDANILLO,"1,988",1,76,VALLE DEL CAUCA,76622,Municipio,-76.152277,4.413601,
7398,ROLDANILLO,"1,990",2,76,VALLE DEL CAUCA,76622,Municipio,-76.152277,4.413601,
7399,ROLDANILLO,"1,992",1,76,VALLE DEL CAUCA,76622,Municipio,-76.152277,4.413601,
7400,ROLDANILLO,"1,993",3,76,VALLE DEL CAUCA,76622,Municipio,-76.152277,4.413601,
7401,ROLDANILLO,"1,995",1,76,VALLE DEL CAUCA,76622,Municipio,-76.152277,4.413601,
7402,ROLDANILLO,"1,996",4,76,VALLE DEL CAUCA,76622,Municipio,-76.152277,4.413601,
7403,ROLDANILLO,"1,997",1,76,VALLE DEL CAUCA,76622,Municipio,-76.152277,4.413601,
7404,ROLDANILLO,"1,998",2,76,VALLE DEL CAUCA,76622,Municipio,-76.152277,4.413601,
7405,ROLDANILLO,"1,999",2,76,VALLE DEL CAUCA,76622,Municipio,-76.152277,4.413601,
7406,ROLDANILLO,"2,001",1,76,VALLE DEL CAUCA,76622,Municipio,-76.152277,4.413601,
7407,ROLDANILLO,"2,002",3,76,VALLE DEL CAUCA,76622,Municipio,-76.152277,4.413601,
7408,ROLDANILLO,"2,003",1,76,VALLE DEL CAUCA,76622,Municipio,-76.152277,4.413601,
7409,ROLDANILLO,"2,004",4,76,VALLE DEL CAUCA,76622,Municipio,-76.152277,4.413601,
7410,ROLDANILLO,"2,005",1,76,VALLE DEL CAUCA,76622,Municipio,-76.152277,4.413601,
7411,ROLDANILLO,"2,006",3,76,VALLE DEL CAUCA,76622,Municipio,-76.152277,4.413601,
7412,ROLDANILLO,"2,007",1,76,VALLE DEL CAUCA,76622,Municipio,-76.152277,4.413601,
7413,ROLDANILLO,"2,008",2,76,VALLE DEL CAUCA,76622,Municipio,-76.152277,4.413601,
7414,ROLDANILLO,"2,009",5,76,VALLE DEL CAUCA,76622,Municipio,-76.152277,4.413601,
7415,ROLDANILLO,"2,010",2,76,VALLE DEL CAUCA,76622,Municipio,-76.152277,4.413601,
7416,ROLDANILLO,"2,011",3,76,VALLE DEL CAUCA,76622,Municipio,-76.152277,4.413601,
7417,ROLDANILLO,"2,013",2,76,VALLE DEL CAUCA,76622,Municipio,-76.152277,4.413601,
7418,ROLDANILLO,"2,014",5,76,VALLE DEL CAUCA,76622,Municipio,-76.152277,4.413601,
7419,ROLDANILLO,"2,016",1,76,VALLE DEL CAUCA,76622,Municipio,-76.152277,4.413601,
7420,ROLDANILLO,"2,018",4,76,VALLE DEL CAUCA,76622,Municipio,-76.152277,4.413601,
7421,ROLDANILLO,"2,019",1,76,VALLE DEL CAUCA,76622,Municipio,-76.152277,4.413601,
7422,RONCESVALLES,"2,007",1,73,TOLIMA,73622,Municipio,-75.605959,4.011567,
7423,RONDÓN,"2,009",1,15,BOYACÁ,15621,Municipio,-73.208474,5.357378,
7424,ROSAS,"2,003",1,19,CAUCA,19622,Municipio,-76.740336,2.260941,
7425,ROSAS,"2,004",1,19,CAUCA,19622,Municipio,-76.740336,2.260941,
7426,ROSAS,"2,006",1,19,CAUCA,19622,Municipio,-76.740336,2.260941,
7427,ROSAS,"2,007",1,19,CAUCA,19622,Municipio,-76.740336,2.260941,
7428,ROVIRA,"1,988",1,73,TOLIMA,73624,Municipio,-75.240648,4.239019,
7429,ROVIRA,"1,993",1,73,TOLIMA,73624,Municipio,-75.240648,4.239019,
7430,ROVIRA,"1,994",1,73,TOLIMA,73624,Municipio,-75.240648,4.239019,
7431,ROVIRA,"1,997",1,73,TOLIMA,73624,Municipio,-75.240648,4.239019,
7432,ROVIRA,"1,999",1,73,TOLIMA,73624,Municipio,-75.240648,4.239019,
7433,ROVIRA,"2,000",2,73,TOLIMA,73624,Municipio,-75.240648,4.239019,
7434,ROVIRA,"2,002",1,73,TOLIMA,73624,Municipio,-75.240648,4.239019,
7435,ROVIRA,"2,004",1,73,TOLIMA,73624,Municipio,-75.240648,4.239019,
7436,ROVIRA,"2,005",1,73,TOLIMA,73624,Municipio,-75.240648,4.239019,
7437,ROVIRA,"2,010",1,73,TOLIMA,73624,Municipio,-75.240648,4.239019,
7438,ROVIRA,"2,011",2,73,TOLIMA,73624,Municipio,-75.240648,4.239019,
7439,ROVIRA,"2,013",1,73,TOLIMA,73624,Municipio,-75.240648,4.239019,
7440,ROVIRA,"2,015",2,73,TOLIMA,73624,Municipio,-75.240648,4.239019,
7441,ROVIRA,"2,016",1,73,TOLIMA,73624,Municipio,-75.240648,4.239019,
7442,ROVIRA,"2,017",1,73,TOLIMA,73624,Municipio,-75.240648,4.239019,
7443,ROVIRA,"2,019",1,73,TOLIMA,73624,Municipio,-75.240648,4.239019,
7444,RÁQUIRA,"2,015",1,15,BOYACÁ,15600,Municipio,-73.632543,5.539136,
7445,RÁQUIRA,"2,016",1,15,BOYACÁ,15600,Municipio,-73.632543,5.539136,
7446,RÍO DE ORO,"1,986",1,20,CESAR,20614,Municipio,-73.386393,8.292292,
7447,RÍO DE ORO,"1,997",1,20,CESAR,20614,Municipio,-73.386393,8.292292,
7448,RÍO DE ORO,"2,007",2,20,CESAR,20614,Municipio,-73.386393,8.292292,
7449,RÍO DE ORO,"2,011",2,20,CESAR,20614,Municipio,-73.386393,8.292292,
7450,RÍO DE ORO,"2,017",1,20,CESAR,20614,Municipio,-73.386393,8.292292,
7451,RÍO VIEJO,"2,019",1,13,BOLÍVAR,13600,Municipio,-73.840466,8.58795,
7452,SABANA DE TORRES,"1,985",1,68,SANTANDER,68655,Municipio,-73.49906,7.391919,
7453,SABANA DE TORRES,"1,986",1,68,SANTANDER,68655,Municipio,-73.49906,7.391919,
7454,SABANA DE TORRES,"1,991",1,68,SANTANDER,68655,Municipio,-73.49906,7.391919,
7455,SABANA DE TORRES,"1,995",2,68,SANTANDER,68655,Municipio,-73.49906,7.391919,
7456,SABANA DE TORRES,"2,002",1,68,SANTANDER,68655,Municipio,-73.49906,7.391919,
7457,SABANA DE TORRES,"2,003",1,68,SANTANDER,68655,Municipio,-73.49906,7.391919,
7458,SABANA DE TORRES,"2,004",2,68,SANTANDER,68655,Municipio,-73.49906,7.391919,
7459,SABANA DE TORRES,"2,011",1,68,SANTANDER,68655,Municipio,-73.49906,7.391919,
7460,SABANA DE TORRES,"2,012",1,68,SANTANDER,68655,Municipio,-73.49906,7.391919,
7461,SABANA DE TORRES,"2,014",1,68,SANTANDER,68655,Municipio,-73.49906,7.391919,
7462,SABANA DE TORRES,"2,016",5,68,SANTANDER,68655,Municipio,-73.49906,7.391919,
7463,SABANA DE TORRES,"2,017",1,68,SANTANDER,68655,Municipio,-73.49906,7.391919,
7464,SABANA DE TORRES,"2,018",2,68,SANTANDER,68655,Municipio,-73.49906,7.391919,
7465,SABANAGRANDE,"1,995",1,8,ATLÁNTICO,8634,Municipio,-74.759496,10.792453,
7466,SABANAGRANDE,"1,997",1,8,ATLÁNTICO,8634,Municipio,-74.759496,10.792453,
7467,SABANAGRANDE,"1,999",2,8,ATLÁNTICO,8634,Municipio,-74.759496,10.792453,
7468,SABANAGRANDE,"2,003",2,8,ATLÁNTICO,8634,Municipio,-74.759496,10.792453,
7469,SABANAGRANDE,"2,006",1,8,ATLÁNTICO,8634,Municipio,-74.759496,10.792453,
7470,SABANAGRANDE,"2,007",2,8,ATLÁNTICO,8634,Municipio,-74.759496,10.792453,
7471,SABANAGRANDE,"2,008",1,8,ATLÁNTICO,8634,Municipio,-74.759496,10.792453,
7472,SABANAGRANDE,"2,015",1,8,ATLÁNTICO,8634,Municipio,-74.759496,10.792453,
7473,SABANALARGA,"1,985",2,5,ANTIOQUIA,5628,Municipio,-75.816645,6.850028,
7474,SABANALARGA,"1,985",2,8,ATLÁNTICO,8638,Municipio,-74.921256,10.632091,
7475,SABANALARGA,"1,985",2,85,CASANARE,85300,Municipio,-73.038696,4.854787,
7476,SABANALARGA,"1,986",1,5,ANTIOQUIA,5628,Municipio,-75.816645,6.850028,
7477,SABANALARGA,"1,986",1,8,ATLÁNTICO,8638,Municipio,-74.921256,10.632091,
7478,SABANALARGA,"1,986",1,85,CASANARE,85300,Municipio,-73.038696,4.854787,
7479,SABANALARGA,"1,987",3,5,ANTIOQUIA,5628,Municipio,-75.816645,6.850028,
7480,SABANALARGA,"1,987",3,8,ATLÁNTICO,8638,Municipio,-74.921256,10.632091,
7481,SABANALARGA,"1,987",3,85,CASANARE,85300,Municipio,-73.038696,4.854787,
7482,SABANALARGA,"1,988",2,5,ANTIOQUIA,5628,Municipio,-75.816645,6.850028,
7483,SABANALARGA,"1,988",2,8,ATLÁNTICO,8638,Municipio,-74.921256,10.632091,
7484,SABANALARGA,"1,988",2,85,CASANARE,85300,Municipio,-73.038696,4.854787,
7485,SABANALARGA,"1,989",1,5,ANTIOQUIA,5628,Municipio,-75.816645,6.850028,
7486,SABANALARGA,"1,989",1,8,ATLÁNTICO,8638,Municipio,-74.921256,10.632091,
7487,SABANALARGA,"1,989",1,85,CASANARE,85300,Municipio,-73.038696,4.854787,
7488,SABANALARGA,"1,990",2,5,ANTIOQUIA,5628,Municipio,-75.816645,6.850028,
7489,SABANALARGA,"1,990",2,8,ATLÁNTICO,8638,Municipio,-74.921256,10.632091,
7490,SABANALARGA,"1,990",2,85,CASANARE,85300,Municipio,-73.038696,4.854787,
7491,SABANALARGA,"1,991",2,5,ANTIOQUIA,5628,Municipio,-75.816645,6.850028,
7492,SABANALARGA,"1,991",2,8,ATLÁNTICO,8638,Municipio,-74.921256,10.632091,
7493,SABANALARGA,"1,991",2,85,CASANARE,85300,Municipio,-73.038696,4.854787,
7494,SABANALARGA,"1,992",2,5,ANTIOQUIA,5628,Municipio,-75.816645,6.850028,
7495,SABANALARGA,"1,992",2,8,ATLÁNTICO,8638,Municipio,-74.921256,10.632091,
7496,SABANALARGA,"1,992",2,85,CASANARE,85300,Municipio,-73.038696,4.854787,
7497,SABANALARGA,"1,993",1,5,ANTIOQUIA,5628,Municipio,-75.816645,6.850028,
7498,SABANALARGA,"1,993",1,8,ATLÁNTICO,8638,Municipio,-74.921256,10.632091,
7499,SABANALARGA,"1,993",1,85,CASANARE,85300,Municipio,-73.038696,4.854787,
7500,SABANALARGA,"1,994",1,5,ANTIOQUIA,5628,Municipio,-75.816645,6.850028,
7501,SABANALARGA,"1,994",1,8,ATLÁNTICO,8638,Municipio,-74.921256,10.632091,
7502,SABANALARGA,"1,994",1,85,CASANARE,85300,Municipio,-73.038696,4.854787,
7503,SABANALARGA,"1,995",2,5,ANTIOQUIA,5628,Municipio,-75.816645,6.850028,
7504,SABANALARGA,"1,995",2,8,ATLÁNTICO,8638,Municipio,-74.921256,10.632091,
7505,SABANALARGA,"1,995",2,85,CASANARE,85300,Municipio,-73.038696,4.854787,
7506,SABANALARGA,"1,998",1,5,ANTIOQUIA,5628,Municipio,-75.816645,6.850028,
7507,SABANALARGA,"1,998",1,8,ATLÁNTICO,8638,Municipio,-74.921256,10.632091,
7508,SABANALARGA,"1,998",1,85,CASANARE,85300,Municipio,-73.038696,4.854787,
7509,SABANALARGA,"1,999",2,5,ANTIOQUIA,5628,Municipio,-75.816645,6.850028,
7510,SABANALARGA,"1,999",2,8,ATLÁNTICO,8638,Municipio,-74.921256,10.632091,
7511,SABANALARGA,"1,999",2,85,CASANARE,85300,Municipio,-73.038696,4.854787,
7512,SABANALARGA,"2,002",1,5,ANTIOQUIA,5628,Municipio,-75.816645,6.850028,
7513,SABANALARGA,"2,002",1,8,ATLÁNTICO,8638,Municipio,-74.921256,10.632091,
7514,SABANALARGA,"2,002",1,85,CASANARE,85300,Municipio,-73.038696,4.854787,
7515,SABANALARGA,"2,003",2,5,ANTIOQUIA,5628,Municipio,-75.816645,6.850028,
7516,SABANALARGA,"2,003",2,8,ATLÁNTICO,8638,Municipio,-74.921256,10.632091,
7517,SABANALARGA,"2,003",2,85,CASANARE,85300,Municipio,-73.038696,4.854787,
7518,SABANALARGA,"2,004",2,5,ANTIOQUIA,5628,Municipio,-75.816645,6.850028,
7519,SABANALARGA,"2,004",2,8,ATLÁNTICO,8638,Municipio,-74.921256,10.632091,
7520,SABANALARGA,"2,004",2,85,CASANARE,85300,Municipio,-73.038696,4.854787,
7521,SABANALARGA,"2,005",1,5,ANTIOQUIA,5628,Municipio,-75.816645,6.850028,
7522,SABANALARGA,"2,005",1,8,ATLÁNTICO,8638,Municipio,-74.921256,10.632091,
7523,SABANALARGA,"2,005",1,85,CASANARE,85300,Municipio,-73.038696,4.854787,
7524,SABANALARGA,"2,006",2,5,ANTIOQUIA,5628,Municipio,-75.816645,6.850028,
7525,SABANALARGA,"2,006",2,8,ATLÁNTICO,8638,Municipio,-74.921256,10.632091,
7526,SABANALARGA,"2,006",2,85,CASANARE,85300,Municipio,-73.038696,4.854787,
7527,SABANALARGA,"2,007",2,5,ANTIOQUIA,5628,Municipio,-75.816645,6.850028,
7528,SABANALARGA,"2,007",2,8,ATLÁNTICO,8638,Municipio,-74.921256,10.632091,
7529,SABANALARGA,"2,007",2,85,CASANARE,85300,Municipio,-73.038696,4.854787,
7530,SABANALARGA,"2,008",2,5,ANTIOQUIA,5628,Municipio,-75.816645,6.850028,
7531,SABANALARGA,"2,008",2,8,ATLÁNTICO,8638,Municipio,-74.921256,10.632091,
7532,SABANALARGA,"2,008",2,85,CASANARE,85300,Municipio,-73.038696,4.854787,
7533,SABANALARGA,"2,009",3,5,ANTIOQUIA,5628,Municipio,-75.816645,6.850028,
7534,SABANALARGA,"2,009",3,8,ATLÁNTICO,8638,Municipio,-74.921256,10.632091,
7535,SABANALARGA,"2,009",3,85,CASANARE,85300,Municipio,-73.038696,4.854787,
7536,SABANALARGA,"2,010",1,5,ANTIOQUIA,5628,Municipio,-75.816645,6.850028,
7537,SABANALARGA,"2,010",1,8,ATLÁNTICO,8638,Municipio,-74.921256,10.632091,
7538,SABANALARGA,"2,010",1,85,CASANARE,85300,Municipio,-73.038696,4.854787,
7539,SABANALARGA,"2,011",1,5,ANTIOQUIA,5628,Municipio,-75.816645,6.850028,
7540,SABANALARGA,"2,011",1,8,ATLÁNTICO,8638,Municipio,-74.921256,10.632091,
7541,SABANALARGA,"2,011",1,85,CASANARE,85300,Municipio,-73.038696,4.854787,
7542,SABANALARGA,"2,012",4,5,ANTIOQUIA,5628,Municipio,-75.816645,6.850028,
7543,SABANALARGA,"2,012",4,8,ATLÁNTICO,8638,Municipio,-74.921256,10.632091,
7544,SABANALARGA,"2,012",4,85,CASANARE,85300,Municipio,-73.038696,4.854787,
7545,SABANALARGA,"2,013",1,5,ANTIOQUIA,5628,Municipio,-75.816645,6.850028,
7546,SABANALARGA,"2,013",1,8,ATLÁNTICO,8638,Municipio,-74.921256,10.632091,
7547,SABANALARGA,"2,013",1,85,CASANARE,85300,Municipio,-73.038696,4.854787,
7548,SABANALARGA,"2,014",2,5,ANTIOQUIA,5628,Municipio,-75.816645,6.850028,
7549,SABANALARGA,"2,014",2,8,ATLÁNTICO,8638,Municipio,-74.921256,10.632091,
7550,SABANALARGA,"2,014",2,85,CASANARE,85300,Municipio,-73.038696,4.854787,
7551,SABANALARGA,"2,015",5,5,ANTIOQUIA,5628,Municipio,-75.816645,6.850028,
7552,SABANALARGA,"2,015",5,8,ATLÁNTICO,8638,Municipio,-74.921256,10.632091,
7553,SABANALARGA,"2,015",5,85,CASANARE,85300,Municipio,-73.038696,4.854787,
7554,SABANALARGA,"2,016",5,5,ANTIOQUIA,5628,Municipio,-75.816645,6.850028,
7555,SABANALARGA,"2,016",5,8,ATLÁNTICO,8638,Municipio,-74.921256,10.632091,
7556,SABANALARGA,"2,016",5,85,CASANARE,85300,Municipio,-73.038696,4.854787,
7557,SABANALARGA,"2,017",5,5,ANTIOQUIA,5628,Municipio,-75.816645,6.850028,
7558,SABANALARGA,"2,017",5,8,ATLÁNTICO,8638,Municipio,-74.921256,10.632091,
7559,SABANALARGA,"2,017",5,85,CASANARE,85300,Municipio,-73.038696,4.854787,
7560,SABANALARGA,"2,018",2,5,ANTIOQUIA,5628,Municipio,-75.816645,6.850028,
7561,SABANALARGA,"2,018",2,8,ATLÁNTICO,8638,Municipio,-74.921256,10.632091,
7562,SABANALARGA,"2,018",2,85,CASANARE,85300,Municipio,-73.038696,4.854787,
7563,SABANALARGA,"2,019",1,5,ANTIOQUIA,5628,Municipio,-75.816645,6.850028,
7564,SABANALARGA,"2,019",1,8,ATLÁNTICO,8638,Municipio,-74.921256,10.632091,
7565,SABANALARGA,"2,019",1,85,CASANARE,85300,Municipio,-73.038696,4.854787,
7566,SABANAS DE SAN ÁNGEL,"2,012",1,47,MAGDALENA,47660,Municipio,-74.213946,10.032536,
7567,SABANETA,"1,987",1,5,ANTIOQUIA,5631,Municipio,-75.615479,6.149903,
7568,SABANETA,"1,989",2,5,ANTIOQUIA,5631,Municipio,-75.615479,6.149903,
7569,SABANETA,"1,991",1,5,ANTIOQUIA,5631,Municipio,-75.615479,6.149903,
7570,SABANETA,"1,992",1,5,ANTIOQUIA,5631,Municipio,-75.615479,6.149903,
7571,SABANETA,"1,995",1,5,ANTIOQUIA,5631,Municipio,-75.615479,6.149903,
7572,SABANETA,"1,997",1,5,ANTIOQUIA,5631,Municipio,-75.615479,6.149903,
7573,SABANETA,"1,998",2,5,ANTIOQUIA,5631,Municipio,-75.615479,6.149903,
7574,SABANETA,"1,999",1,5,ANTIOQUIA,5631,Municipio,-75.615479,6.149903,
7575,SABANETA,"2,000",1,5,ANTIOQUIA,5631,Municipio,-75.615479,6.149903,
7576,SABANETA,"2,001",2,5,ANTIOQUIA,5631,Municipio,-75.615479,6.149903,
7577,SABANETA,"2,002",3,5,ANTIOQUIA,5631,Municipio,-75.615479,6.149903,
7578,SABANETA,"2,004",1,5,ANTIOQUIA,5631,Municipio,-75.615479,6.149903,
7579,SABANETA,"2,005",2,5,ANTIOQUIA,5631,Municipio,-75.615479,6.149903,
7580,SABANETA,"2,006",2,5,ANTIOQUIA,5631,Municipio,-75.615479,6.149903,
7581,SABANETA,"2,008",5,5,ANTIOQUIA,5631,Municipio,-75.615479,6.149903,
7582,SABANETA,"2,009",3,5,ANTIOQUIA,5631,Municipio,-75.615479,6.149903,
7583,SABANETA,"2,010",3,5,ANTIOQUIA,5631,Municipio,-75.615479,6.149903,
7584,SABANETA,"2,012",1,5,ANTIOQUIA,5631,Municipio,-75.615479,6.149903,
7585,SABANETA,"2,013",1,5,ANTIOQUIA,5631,Municipio,-75.615479,6.149903,
7586,SABANETA,"2,016",2,5,ANTIOQUIA,5631,Municipio,-75.615479,6.149903,
7587,SABANETA,"2,018",1,5,ANTIOQUIA,5631,Municipio,-75.615479,6.149903,
7588,SABANETA,"2,019",1,5,ANTIOQUIA,5631,Municipio,-75.615479,6.149903,
7589,SABOYÁ,"1,994",1,15,BOYACÁ,15632,Municipio,-73.764456,5.697756,
7590,SABOYÁ,"2,011",1,15,BOYACÁ,15632,Municipio,-73.764456,5.697756,
7591,SABOYÁ,"2,019",3,15,BOYACÁ,15632,Municipio,-73.764456,5.697756,
7592,SAHAGÚN,"1,985",1,23,CÓRDOBA,23660,Municipio,-75.445834,8.943048,
7593,SAHAGÚN,"1,988",1,23,CÓRDOBA,23660,Municipio,-75.445834,8.943048,
7594,SAHAGÚN,"1,991",2,23,CÓRDOBA,23660,Municipio,-75.445834,8.943048,
7595,SAHAGÚN,"1,992",1,23,CÓRDOBA,23660,Municipio,-75.445834,8.943048,
7596,SAHAGÚN,"1,993",1,23,CÓRDOBA,23660,Municipio,-75.445834,8.943048,
7597,SAHAGÚN,"1,995",1,23,CÓRDOBA,23660,Municipio,-75.445834,8.943048,
7598,SAHAGÚN,"1,997",1,23,CÓRDOBA,23660,Municipio,-75.445834,8.943048,
7599,SAHAGÚN,"1,998",1,23,CÓRDOBA,23660,Municipio,-75.445834,8.943048,
7600,SAHAGÚN,"2,000",1,23,CÓRDOBA,23660,Municipio,-75.445834,8.943048,
7601,SAHAGÚN,"2,001",3,23,CÓRDOBA,23660,Municipio,-75.445834,8.943048,
7602,SAHAGÚN,"2,002",4,23,CÓRDOBA,23660,Municipio,-75.445834,8.943048,
7603,SAHAGÚN,"2,003",1,23,CÓRDOBA,23660,Municipio,-75.445834,8.943048,
7604,SAHAGÚN,"2,004",2,23,CÓRDOBA,23660,Municipio,-75.445834,8.943048,
7605,SAHAGÚN,"2,006",1,23,CÓRDOBA,23660,Municipio,-75.445834,8.943048,
7606,SAHAGÚN,"2,008",1,23,CÓRDOBA,23660,Municipio,-75.445834,8.943048,
7607,SAHAGÚN,"2,009",3,23,CÓRDOBA,23660,Municipio,-75.445834,8.943048,
7608,SAHAGÚN,"2,011",1,23,CÓRDOBA,23660,Municipio,-75.445834,8.943048,
7609,SAHAGÚN,"2,012",1,23,CÓRDOBA,23660,Municipio,-75.445834,8.943048,
7610,SAHAGÚN,"2,013",1,23,CÓRDOBA,23660,Municipio,-75.445834,8.943048,
7611,SAHAGÚN,"2,014",3,23,CÓRDOBA,23660,Municipio,-75.445834,8.943048,
7612,SAHAGÚN,"2,015",5,23,CÓRDOBA,23660,Municipio,-75.445834,8.943048,
7613,SAHAGÚN,"2,016",6,23,CÓRDOBA,23660,Municipio,-75.445834,8.943048,
7614,SAHAGÚN,"2,017",1,23,CÓRDOBA,23660,Municipio,-75.445834,8.943048,
7615,SAHAGÚN,"2,018",5,23,CÓRDOBA,23660,Municipio,-75.445834,8.943048,
7616,SAHAGÚN,"2,019",10,23,CÓRDOBA,23660,Municipio,-75.445834,8.943048,
7617,SALADOBLANCO,"1,987",1,41,HUILA,41660,Municipio,-76.044747,1.9934,
7618,SALADOBLANCO,"1,991",1,41,HUILA,41660,Municipio,-76.044747,1.9934,
7619,SALADOBLANCO,"2,013",1,41,HUILA,41660,Municipio,-76.044747,1.9934,
7620,SALADOBLANCO,"2,017",1,41,HUILA,41660,Municipio,-76.044747,1.9934,
7621,SALADOBLANCO,"2,019",1,41,HUILA,41660,Municipio,-76.044747,1.9934,
7622,SALAMINA,"1,986",2,17,CALDAS,17653,Municipio,-75.487223,5.403025,
7623,SALAMINA,"1,986",2,47,MAGDALENA,47675,Municipio,-74.794189,10.491229,
7624,SALAMINA,"1,987",1,17,CALDAS,17653,Municipio,-75.487223,5.403025,
7625,SALAMINA,"1,987",1,47,MAGDALENA,47675,Municipio,-74.794189,10.491229,
7626,SALAMINA,"1,988",1,17,CALDAS,17653,Municipio,-75.487223,5.403025,
7627,SALAMINA,"1,988",1,47,MAGDALENA,47675,Municipio,-74.794189,10.491229,
7628,SALAMINA,"1,989",1,17,CALDAS,17653,Municipio,-75.487223,5.403025,
7629,SALAMINA,"1,989",1,47,MAGDALENA,47675,Municipio,-74.794189,10.491229,
7630,SALAMINA,"1,992",2,17,CALDAS,17653,Municipio,-75.487223,5.403025,
7631,SALAMINA,"1,992",2,47,MAGDALENA,47675,Municipio,-74.794189,10.491229,
7632,SALAMINA,"1,994",2,17,CALDAS,17653,Municipio,-75.487223,5.403025,
7633,SALAMINA,"1,994",2,47,MAGDALENA,47675,Municipio,-74.794189,10.491229,
7634,SALAMINA,"1,995",1,17,CALDAS,17653,Municipio,-75.487223,5.403025,
7635,SALAMINA,"1,995",1,47,MAGDALENA,47675,Municipio,-74.794189,10.491229,
7636,SALAMINA,"1,996",1,17,CALDAS,17653,Municipio,-75.487223,5.403025,
7637,SALAMINA,"1,996",1,47,MAGDALENA,47675,Municipio,-74.794189,10.491229,
7638,SALAMINA,"1,997",1,17,CALDAS,17653,Municipio,-75.487223,5.403025,
7639,SALAMINA,"1,997",1,47,MAGDALENA,47675,Municipio,-74.794189,10.491229,
7640,SALAMINA,"1,998",2,17,CALDAS,17653,Municipio,-75.487223,5.403025,
7641,SALAMINA,"1,998",2,47,MAGDALENA,47675,Municipio,-74.794189,10.491229,
7642,SALAMINA,"1,999",1,17,CALDAS,17653,Municipio,-75.487223,5.403025,
7643,SALAMINA,"1,999",1,47,MAGDALENA,47675,Municipio,-74.794189,10.491229,
7644,SALAMINA,"2,002",4,17,CALDAS,17653,Municipio,-75.487223,5.403025,
7645,SALAMINA,"2,002",4,47,MAGDALENA,47675,Municipio,-74.794189,10.491229,
7646,SALAMINA,"2,004",2,17,CALDAS,17653,Municipio,-75.487223,5.403025,
7647,SALAMINA,"2,004",2,47,MAGDALENA,47675,Municipio,-74.794189,10.491229,
7648,SALAMINA,"2,005",1,17,CALDAS,17653,Municipio,-75.487223,5.403025,
7649,SALAMINA,"2,005",1,47,MAGDALENA,47675,Municipio,-74.794189,10.491229,
7650,SALAMINA,"2,006",3,17,CALDAS,17653,Municipio,-75.487223,5.403025,
7651,SALAMINA,"2,006",3,47,MAGDALENA,47675,Municipio,-74.794189,10.491229,
7652,SALAMINA,"2,008",1,17,CALDAS,17653,Municipio,-75.487223,5.403025,
7653,SALAMINA,"2,008",1,47,MAGDALENA,47675,Municipio,-74.794189,10.491229,
7654,SALAMINA,"2,010",2,17,CALDAS,17653,Municipio,-75.487223,5.403025,
7655,SALAMINA,"2,010",2,47,MAGDALENA,47675,Municipio,-74.794189,10.491229,
7656,SALAMINA,"2,012",3,17,CALDAS,17653,Municipio,-75.487223,5.403025,
7657,SALAMINA,"2,012",3,47,MAGDALENA,47675,Municipio,-74.794189,10.491229,
7658,SALAMINA,"2,015",2,17,CALDAS,17653,Municipio,-75.487223,5.403025,
7659,SALAMINA,"2,015",2,47,MAGDALENA,47675,Municipio,-74.794189,10.491229,
7660,SALAMINA,"2,016",2,17,CALDAS,17653,Municipio,-75.487223,5.403025,
7661,SALAMINA,"2,016",2,47,MAGDALENA,47675,Municipio,-74.794189,10.491229,
7662,SALAMINA,"2,017",2,17,CALDAS,17653,Municipio,-75.487223,5.403025,
7663,SALAMINA,"2,017",2,47,MAGDALENA,47675,Municipio,-74.794189,10.491229,
7664,SALAMINA,"2,019",2,17,CALDAS,17653,Municipio,-75.487223,5.403025,
7665,SALAMINA,"2,019",2,47,MAGDALENA,47675,Municipio,-74.794189,10.491229,
7666,SALAZAR,"1,985",1,54,NORTE DE SANTANDER,54660,Municipio,-72.813064,7.773683,
7667,SALAZAR,"1,991",1,54,NORTE DE SANTANDER,54660,Municipio,-72.813064,7.773683,
7668,SALAZAR,"1,993",2,54,NORTE DE SANTANDER,54660,Municipio,-72.813064,7.773683,
7669,SALAZAR,"2,001",1,54,NORTE DE SANTANDER,54660,Municipio,-72.813064,7.773683,
7670,SALAZAR,"2,007",1,54,NORTE DE SANTANDER,54660,Municipio,-72.813064,7.773683,
7671,SALAZAR,"2,016",2,54,NORTE DE SANTANDER,54660,Municipio,-72.813064,7.773683,
7672,SALDAÑA,"1,988",1,73,TOLIMA,73671,Municipio,-75.016852,3.929815,
7673,SALDAÑA,"1,989",1,73,TOLIMA,73671,Municipio,-75.016852,3.929815,
7674,SALDAÑA,"1,998",1,73,TOLIMA,73671,Municipio,-75.016852,3.929815,
7675,SALDAÑA,"2,000",1,73,TOLIMA,73671,Municipio,-75.016852,3.929815,
7676,SALDAÑA,"2,002",2,73,TOLIMA,73671,Municipio,-75.016852,3.929815,
7677,SALDAÑA,"2,003",2,73,TOLIMA,73671,Municipio,-75.016852,3.929815,
7678,SALDAÑA,"2,004",1,73,TOLIMA,73671,Municipio,-75.016852,3.929815,
7679,SALDAÑA,"2,008",1,73,TOLIMA,73671,Municipio,-75.016852,3.929815,
7680,SALDAÑA,"2,010",1,73,TOLIMA,73671,Municipio,-75.016852,3.929815,
7681,SALDAÑA,"2,014",1,73,TOLIMA,73671,Municipio,-75.016852,3.929815,
7682,SALDAÑA,"2,016",1,73,TOLIMA,73671,Municipio,-75.016852,3.929815,
7683,SALENTO,"1,986",1,63,QUINDÍO,63690,Municipio,-75.570844,4.637157,
7684,SALENTO,"2,008",1,63,QUINDÍO,63690,Municipio,-75.570844,4.637157,
7685,SALENTO,"2,010",1,63,QUINDÍO,63690,Municipio,-75.570844,4.637157,
7686,SALENTO,"2,013",2,63,QUINDÍO,63690,Municipio,-75.570844,4.637157,
7687,SALGAR,"1,986",1,5,ANTIOQUIA,5642,Municipio,-75.976807,5.964198,
7688,SALGAR,"1,987",1,5,ANTIOQUIA,5642,Municipio,-75.976807,5.964198,
7689,SALGAR,"1,988",1,5,ANTIOQUIA,5642,Municipio,-75.976807,5.964198,
7690,SALGAR,"1,990",1,5,ANTIOQUIA,5642,Municipio,-75.976807,5.964198,
7691,SALGAR,"1,991",2,5,ANTIOQUIA,5642,Municipio,-75.976807,5.964198,
7692,SALGAR,"1,993",1,5,ANTIOQUIA,5642,Municipio,-75.976807,5.964198,
7693,SALGAR,"1,994",1,5,ANTIOQUIA,5642,Municipio,-75.976807,5.964198,
7694,SALGAR,"1,996",1,5,ANTIOQUIA,5642,Municipio,-75.976807,5.964198,
7695,SALGAR,"1,997",1,5,ANTIOQUIA,5642,Municipio,-75.976807,5.964198,
7696,SALGAR,"1,998",1,5,ANTIOQUIA,5642,Municipio,-75.976807,5.964198,
7697,SALGAR,"1,999",1,5,ANTIOQUIA,5642,Municipio,-75.976807,5.964198,
7698,SALGAR,"2,002",1,5,ANTIOQUIA,5642,Municipio,-75.976807,5.964198,
7699,SALGAR,"2,008",2,5,ANTIOQUIA,5642,Municipio,-75.976807,5.964198,
7700,SALGAR,"2,009",1,5,ANTIOQUIA,5642,Municipio,-75.976807,5.964198,
7701,SALGAR,"2,010",1,5,ANTIOQUIA,5642,Municipio,-75.976807,5.964198,
7702,SALGAR,"2,013",1,5,ANTIOQUIA,5642,Municipio,-75.976807,5.964198,
7703,SALGAR,"2,017",4,5,ANTIOQUIA,5642,Municipio,-75.976807,5.964198,
7704,SAMACÁ,"1,996",3,15,BOYACÁ,15646,Municipio,-73.485589,5.492161,
7705,SAMACÁ,"2,004",1,15,BOYACÁ,15646,Municipio,-73.485589,5.492161,
7706,SAMACÁ,"2,011",1,15,BOYACÁ,15646,Municipio,-73.485589,5.492161,
7707,SAMACÁ,"2,013",2,15,BOYACÁ,15646,Municipio,-73.485589,5.492161,
7708,SAMACÁ,"2,016",1,15,BOYACÁ,15646,Municipio,-73.485589,5.492161,
7709,SAMACÁ,"2,017",1,15,BOYACÁ,15646,Municipio,-73.485589,5.492161,
7710,SAMACÁ,"2,018",1,15,BOYACÁ,15646,Municipio,-73.485589,5.492161,
7711,SAMANIEGO,"2,001",1,52,NARIÑO,52678,Municipio,-77.594341,1.335438,
7712,SAMANIEGO,"2,003",1,52,NARIÑO,52678,Municipio,-77.594341,1.335438,
7713,SAMANIEGO,"2,009",1,52,NARIÑO,52678,Municipio,-77.594341,1.335438,
7714,SAMANIEGO,"2,010",2,52,NARIÑO,52678,Municipio,-77.594341,1.335438,
7715,SAMANIEGO,"2,014",1,52,NARIÑO,52678,Municipio,-77.594341,1.335438,
7716,SAMANÁ,"1,986",1,17,CALDAS,17662,Municipio,-74.992263,5.41308,
7717,SAMANÁ,"1,987",3,17,CALDAS,17662,Municipio,-74.992263,5.41308,
7718,SAMANÁ,"1,988",1,17,CALDAS,17662,Municipio,-74.992263,5.41308,
7719,SAMANÁ,"1,989",1,17,CALDAS,17662,Municipio,-74.992263,5.41308,
7720,SAMANÁ,"1,990",2,17,CALDAS,17662,Municipio,-74.992263,5.41308,
7721,SAMANÁ,"1,991",1,17,CALDAS,17662,Municipio,-74.992263,5.41308,
7722,SAMANÁ,"1,996",3,17,CALDAS,17662,Municipio,-74.992263,5.41308,
7723,SAMANÁ,"1,999",1,17,CALDAS,17662,Municipio,-74.992263,5.41308,
7724,SAMANÁ,"2,004",1,17,CALDAS,17662,Municipio,-74.992263,5.41308,
7725,SAMANÁ,"2,005",1,17,CALDAS,17662,Municipio,-74.992263,5.41308,
7726,SAMANÁ,"2,008",2,17,CALDAS,17662,Municipio,-74.992263,5.41308,
7727,SAMANÁ,"2,009",2,17,CALDAS,17662,Municipio,-74.992263,5.41308,
7728,SAMANÁ,"2,011",1,17,CALDAS,17662,Municipio,-74.992263,5.41308,
7729,SAMANÁ,"2,014",3,17,CALDAS,17662,Municipio,-74.992263,5.41308,
7730,SAMANÁ,"2,015",2,17,CALDAS,17662,Municipio,-74.992263,5.41308,
7731,SAMANÁ,"2,016",1,17,CALDAS,17662,Municipio,-74.992263,5.41308,
7732,SAMANÁ,"2,019",2,17,CALDAS,17662,Municipio,-74.992263,5.41308,
7733,SAMPUÉS,"1,994",1,70,SUCRE,70670,Municipio,-75.380222,9.183193,
7734,SAMPUÉS,"1,995",3,70,SUCRE,70670,Municipio,-75.380222,9.183193,
7735,SAMPUÉS,"1,996",1,70,SUCRE,70670,Municipio,-75.380222,9.183193,
7736,SAMPUÉS,"1,997",1,70,SUCRE,70670,Municipio,-75.380222,9.183193,
7737,SAMPUÉS,"1,998",1,70,SUCRE,70670,Municipio,-75.380222,9.183193,
7738,SAMPUÉS,"2,004",1,70,SUCRE,70670,Municipio,-75.380222,9.183193,
7739,SAMPUÉS,"2,009",1,70,SUCRE,70670,Municipio,-75.380222,9.183193,
7740,SAMPUÉS,"2,015",1,70,SUCRE,70670,Municipio,-75.380222,9.183193,
7741,SAMPUÉS,"2,017",1,70,SUCRE,70670,Municipio,-75.380222,9.183193,
7742,SAMPUÉS,"2,018",2,70,SUCRE,70670,Municipio,-75.380222,9.183193,
7743,SAMPUÉS,"2,019",1,70,SUCRE,70670,Municipio,-75.380222,9.183193,
7744,SAN AGUSTÍN,"1,987",1,41,HUILA,41668,Municipio,-76.27036,1.881081,
7745,SAN AGUSTÍN,"1,996",1,41,HUILA,41668,Municipio,-76.27036,1.881081,
7746,SAN AGUSTÍN,"1,997",2,41,HUILA,41668,Municipio,-76.27036,1.881081,
7747,SAN AGUSTÍN,"1,998",1,41,HUILA,41668,Municipio,-76.27036,1.881081,
7748,SAN AGUSTÍN,"2,001",1,41,HUILA,41668,Municipio,-76.27036,1.881081,
7749,SAN AGUSTÍN,"2,005",1,41,HUILA,41668,Municipio,-76.27036,1.881081,
7750,SAN AGUSTÍN,"2,006",1,41,HUILA,41668,Municipio,-76.27036,1.881081,
7751,SAN AGUSTÍN,"2,008",1,41,HUILA,41668,Municipio,-76.27036,1.881081,
7752,SAN AGUSTÍN,"2,009",1,41,HUILA,41668,Municipio,-76.27036,1.881081,
7753,SAN AGUSTÍN,"2,010",2,41,HUILA,41668,Municipio,-76.27036,1.881081,
7754,SAN AGUSTÍN,"2,011",2,41,HUILA,41668,Municipio,-76.27036,1.881081,
7755,SAN AGUSTÍN,"2,014",1,41,HUILA,41668,Municipio,-76.27036,1.881081,
7756,SAN AGUSTÍN,"2,016",2,41,HUILA,41668,Municipio,-76.27036,1.881081,
7757,SAN AGUSTÍN,"2,018",1,41,HUILA,41668,Municipio,-76.27036,1.881081,
7758,SAN ALBERTO,"1,989",1,20,CESAR,20710,Municipio,-73.393889,7.76111,
7759,SAN ALBERTO,"1,995",2,20,CESAR,20710,Municipio,-73.393889,7.76111,
7760,SAN ALBERTO,"1,996",1,20,CESAR,20710,Municipio,-73.393889,7.76111,
7761,SAN ALBERTO,"1,997",1,20,CESAR,20710,Municipio,-73.393889,7.76111,
7762,SAN ALBERTO,"2,001",3,20,CESAR,20710,Municipio,-73.393889,7.76111,
7763,SAN ALBERTO,"2,018",1,20,CESAR,20710,Municipio,-73.393889,7.76111,
7764,SAN ANDRÉS,"1,985",1,68,SANTANDER,68669,Municipio,-72.848864,6.811511,
7765,SAN ANDRÉS,"1,985",1,88,"ARCHIPIÉLAGO DE SAN ANDRÉS, PROVIDENCIA Y SANTA CATALINA",88001,Isla,-81.707181,12.578108,**
7766,SAN ANDRÉS,"1,988",2,68,SANTANDER,68669,Municipio,-72.848864,6.811511,
7767,SAN ANDRÉS,"1,988",2,88,"ARCHIPIÉLAGO DE SAN ANDRÉS, PROVIDENCIA Y SANTA CATALINA",88001,Isla,-81.707181,12.578108,**
7768,SAN ANDRÉS,"1,989",2,68,SANTANDER,68669,Municipio,-72.848864,6.811511,
7769,SAN ANDRÉS,"1,989",2,88,"ARCHIPIÉLAGO DE SAN ANDRÉS, PROVIDENCIA Y SANTA CATALINA",88001,Isla,-81.707181,12.578108,**
7770,SAN ANDRÉS,"1,991",2,68,SANTANDER,68669,Municipio,-72.848864,6.811511,
7771,SAN ANDRÉS,"1,991",2,88,"ARCHIPIÉLAGO DE SAN ANDRÉS, PROVIDENCIA Y SANTA CATALINA",88001,Isla,-81.707181,12.578108,**
7772,SAN ANDRÉS,"1,993",1,68,SANTANDER,68669,Municipio,-72.848864,6.811511,
7773,SAN ANDRÉS,"1,993",1,88,"ARCHIPIÉLAGO DE SAN ANDRÉS, PROVIDENCIA Y SANTA CATALINA",88001,Isla,-81.707181,12.578108,**
7774,SAN ANDRÉS,"1,996",2,68,SANTANDER,68669,Municipio,-72.848864,6.811511,
7775,SAN ANDRÉS,"1,996",2,88,"ARCHIPIÉLAGO DE SAN ANDRÉS, PROVIDENCIA Y SANTA CATALINA",88001,Isla,-81.707181,12.578108,**
7776,SAN ANDRÉS,"1,998",1,68,SANTANDER,68669,Municipio,-72.848864,6.811511,
7777,SAN ANDRÉS,"1,998",1,88,"ARCHIPIÉLAGO DE SAN ANDRÉS, PROVIDENCIA Y SANTA CATALINA",88001,Isla,-81.707181,12.578108,**
7778,SAN ANDRÉS,"1,999",1,68,SANTANDER,68669,Municipio,-72.848864,6.811511,
7779,SAN ANDRÉS,"1,999",1,88,"ARCHIPIÉLAGO DE SAN ANDRÉS, PROVIDENCIA Y SANTA CATALINA",88001,Isla,-81.707181,12.578108,**
7780,SAN ANDRÉS,"2,000",1,68,SANTANDER,68669,Municipio,-72.848864,6.811511,
7781,SAN ANDRÉS,"2,000",1,88,"ARCHIPIÉLAGO DE SAN ANDRÉS, PROVIDENCIA Y SANTA CATALINA",88001,Isla,-81.707181,12.578108,**
7782,SAN ANDRÉS,"2,001",1,68,SANTANDER,68669,Municipio,-72.848864,6.811511,
7783,SAN ANDRÉS,"2,001",1,88,"ARCHIPIÉLAGO DE SAN ANDRÉS, PROVIDENCIA Y SANTA CATALINA",88001,Isla,-81.707181,12.578108,**
7784,SAN ANDRÉS,"2,002",2,68,SANTANDER,68669,Municipio,-72.848864,6.811511,
7785,SAN ANDRÉS,"2,002",2,88,"ARCHIPIÉLAGO DE SAN ANDRÉS, PROVIDENCIA Y SANTA CATALINA",88001,Isla,-81.707181,12.578108,**
7786,SAN ANDRÉS,"2,004",2,68,SANTANDER,68669,Municipio,-72.848864,6.811511,
7787,SAN ANDRÉS,"2,004",2,88,"ARCHIPIÉLAGO DE SAN ANDRÉS, PROVIDENCIA Y SANTA CATALINA",88001,Isla,-81.707181,12.578108,**
7788,SAN ANDRÉS,"2,007",4,68,SANTANDER,68669,Municipio,-72.848864,6.811511,
7789,SAN ANDRÉS,"2,007",4,88,"ARCHIPIÉLAGO DE SAN ANDRÉS, PROVIDENCIA Y SANTA CATALINA",88001,Isla,-81.707181,12.578108,**
7790,SAN ANDRÉS,"2,009",3,68,SANTANDER,68669,Municipio,-72.848864,6.811511,
7791,SAN ANDRÉS,"2,009",3,88,"ARCHIPIÉLAGO DE SAN ANDRÉS, PROVIDENCIA Y SANTA CATALINA",88001,Isla,-81.707181,12.578108,**
7792,SAN ANDRÉS,"2,010",3,68,SANTANDER,68669,Municipio,-72.848864,6.811511,
7793,SAN ANDRÉS,"2,010",3,88,"ARCHIPIÉLAGO DE SAN ANDRÉS, PROVIDENCIA Y SANTA CATALINA",88001,Isla,-81.707181,12.578108,**
7794,SAN ANDRÉS,"2,011",1,68,SANTANDER,68669,Municipio,-72.848864,6.811511,
7795,SAN ANDRÉS,"2,011",1,88,"ARCHIPIÉLAGO DE SAN ANDRÉS, PROVIDENCIA Y SANTA CATALINA",88001,Isla,-81.707181,12.578108,**
7796,SAN ANDRÉS,"2,013",1,68,SANTANDER,68669,Municipio,-72.848864,6.811511,
7797,SAN ANDRÉS,"2,013",1,88,"ARCHIPIÉLAGO DE SAN ANDRÉS, PROVIDENCIA Y SANTA CATALINA",88001,Isla,-81.707181,12.578108,**
7798,SAN ANDRÉS,"2,014",3,68,SANTANDER,68669,Municipio,-72.848864,6.811511,
7799,SAN ANDRÉS,"2,014",3,88,"ARCHIPIÉLAGO DE SAN ANDRÉS, PROVIDENCIA Y SANTA CATALINA",88001,Isla,-81.707181,12.578108,**
7800,SAN ANDRÉS,"2,015",2,68,SANTANDER,68669,Municipio,-72.848864,6.811511,
7801,SAN ANDRÉS,"2,015",2,88,"ARCHIPIÉLAGO DE SAN ANDRÉS, PROVIDENCIA Y SANTA CATALINA",88001,Isla,-81.707181,12.578108,**
7802,SAN ANDRÉS,"2,016",2,68,SANTANDER,68669,Municipio,-72.848864,6.811511,
7803,SAN ANDRÉS,"2,016",2,88,"ARCHIPIÉLAGO DE SAN ANDRÉS, PROVIDENCIA Y SANTA CATALINA",88001,Isla,-81.707181,12.578108,**
7804,SAN ANDRÉS,"2,017",8,68,SANTANDER,68669,Municipio,-72.848864,6.811511,
7805,SAN ANDRÉS,"2,017",8,88,"ARCHIPIÉLAGO DE SAN ANDRÉS, PROVIDENCIA Y SANTA CATALINA",88001,Isla,-81.707181,12.578108,**
7806,SAN ANDRÉS,"2,019",3,68,SANTANDER,68669,Municipio,-72.848864,6.811511,
7807,SAN ANDRÉS,"2,019",3,88,"ARCHIPIÉLAGO DE SAN ANDRÉS, PROVIDENCIA Y SANTA CATALINA",88001,Isla,-81.707181,12.578108,**
7808,SAN ANDRÉS DE CUERQUÍA,"1,985",1,5,ANTIOQUIA,5647,Municipio,-75.674564,6.916676,
7809,SAN ANDRÉS DE CUERQUÍA,"1,986",1,5,ANTIOQUIA,5647,Municipio,-75.674564,6.916676,
7810,SAN ANDRÉS DE CUERQUÍA,"1,992",1,5,ANTIOQUIA,5647,Municipio,-75.674564,6.916676,
7811,SAN ANDRÉS DE CUERQUÍA,"2,006",1,5,ANTIOQUIA,5647,Municipio,-75.674564,6.916676,
7812,SAN ANDRÉS DE CUERQUÍA,"2,008",1,5,ANTIOQUIA,5647,Municipio,-75.674564,6.916676,
7813,SAN ANDRÉS DE CUERQUÍA,"2,015",1,5,ANTIOQUIA,5647,Municipio,-75.674564,6.916676,
7814,SAN ANDRÉS DE SOTAVENTO,"2,004",1,23,CÓRDOBA,23670,Municipio,-75.50879,9.145448,
7815,SAN ANDRÉS DE SOTAVENTO,"2,006",2,23,CÓRDOBA,23670,Municipio,-75.50879,9.145448,
7816,SAN ANDRÉS DE SOTAVENTO,"2,011",1,23,CÓRDOBA,23670,Municipio,-75.50879,9.145448,
7817,SAN ANDRÉS DE SOTAVENTO,"2,016",1,23,CÓRDOBA,23670,Municipio,-75.50879,9.145448,
7818,SAN ANDRÉS DE SOTAVENTO,"2,017",1,23,CÓRDOBA,23670,Municipio,-75.50879,9.145448,
7819,SAN ANDRÉS DE SOTAVENTO,"2,019",1,23,CÓRDOBA,23670,Municipio,-75.50879,9.145448,
7820,SAN ANDRÉS DE TUMACO,"1,987",1,52,NARIÑO,52835,Municipio,-78.764073,1.807399,
7821,SAN ANDRÉS DE TUMACO,"1,990",2,52,NARIÑO,52835,Municipio,-78.764073,1.807399,
7822,SAN ANDRÉS DE TUMACO,"1,993",1,52,NARIÑO,52835,Municipio,-78.764073,1.807399,
7823,SAN ANDRÉS DE TUMACO,"1,995",2,52,NARIÑO,52835,Municipio,-78.764073,1.807399,
7824,SAN ANDRÉS DE TUMACO,"1,996",1,52,NARIÑO,52835,Municipio,-78.764073,1.807399,
7825,SAN ANDRÉS DE TUMACO,"1,997",2,52,NARIÑO,52835,Municipio,-78.764073,1.807399,
7826,SAN ANDRÉS DE TUMACO,"2,001",1,52,NARIÑO,52835,Municipio,-78.764073,1.807399,
7827,SAN ANDRÉS DE TUMACO,"2,002",2,52,NARIÑO,52835,Municipio,-78.764073,1.807399,
7828,SAN ANDRÉS DE TUMACO,"2,003",2,52,NARIÑO,52835,Municipio,-78.764073,1.807399,
7829,SAN ANDRÉS DE TUMACO,"2,004",1,52,NARIÑO,52835,Municipio,-78.764073,1.807399,
7830,SAN ANDRÉS DE TUMACO,"2,005",1,52,NARIÑO,52835,Municipio,-78.764073,1.807399,
7831,SAN ANDRÉS DE TUMACO,"2,006",1,52,NARIÑO,52835,Municipio,-78.764073,1.807399,
7832,SAN ANDRÉS DE TUMACO,"2,007",2,52,NARIÑO,52835,Municipio,-78.764073,1.807399,
7833,SAN ANDRÉS DE TUMACO,"2,008",2,52,NARIÑO,52835,Municipio,-78.764073,1.807399,
7834,SAN ANDRÉS DE TUMACO,"2,009",3,52,NARIÑO,52835,Municipio,-78.764073,1.807399,
7835,SAN ANDRÉS DE TUMACO,"2,010",3,52,NARIÑO,52835,Municipio,-78.764073,1.807399,
7836,SAN ANDRÉS DE TUMACO,"2,011",3,52,NARIÑO,52835,Municipio,-78.764073,1.807399,
7837,SAN ANDRÉS DE TUMACO,"2,012",1,52,NARIÑO,52835,Municipio,-78.764073,1.807399,
7838,SAN ANDRÉS DE TUMACO,"2,013",3,52,NARIÑO,52835,Municipio,-78.764073,1.807399,
7839,SAN ANDRÉS DE TUMACO,"2,014",3,52,NARIÑO,52835,Municipio,-78.764073,1.807399,
7840,SAN ANDRÉS DE TUMACO,"2,015",2,52,NARIÑO,52835,Municipio,-78.764073,1.807399,
7841,SAN ANDRÉS DE TUMACO,"2,016",2,52,NARIÑO,52835,Municipio,-78.764073,1.807399,
7842,SAN ANDRÉS DE TUMACO,"2,018",2,52,NARIÑO,52835,Municipio,-78.764073,1.807399,
7843,SAN ANDRÉS DE TUMACO,"2,019",2,52,NARIÑO,52835,Municipio,-78.764073,1.807399,
7844,SAN ANTERO,"2,004",1,23,CÓRDOBA,23672,Municipio,-75.76112,9.376434,
7845,SAN ANTERO,"2,005",1,23,CÓRDOBA,23672,Municipio,-75.76112,9.376434,
7846,SAN ANTERO,"2,009",1,23,CÓRDOBA,23672,Municipio,-75.76112,9.376434,
7847,SAN ANTERO,"2,013",2,23,CÓRDOBA,23672,Municipio,-75.76112,9.376434,
7848,SAN ANTERO,"2,015",1,23,CÓRDOBA,23672,Municipio,-75.76112,9.376434,
7849,SAN ANTERO,"2,016",2,23,CÓRDOBA,23672,Municipio,-75.76112,9.376434,
7850,SAN ANTERO,"2,018",1,23,CÓRDOBA,23672,Municipio,-75.76112,9.376434,
7851,SAN ANTONIO,"1,992",1,73,TOLIMA,73675,Municipio,-75.480074,3.914146,
7852,SAN ANTONIO,"1,996",1,73,TOLIMA,73675,Municipio,-75.480074,3.914146,
7853,SAN ANTONIO,"2,006",1,73,TOLIMA,73675,Municipio,-75.480074,3.914146,
7854,SAN ANTONIO,"2,012",1,73,TOLIMA,73675,Municipio,-75.480074,3.914146,
7855,SAN ANTONIO,"2,019",1,73,TOLIMA,73675,Municipio,-75.480074,3.914146,
7856,SAN ANTONIO DEL TEQUENDAMA,"1,988",1,25,CUNDINAMARCA,25645,Municipio,-74.351443,4.616138,
7857,SAN ANTONIO DEL TEQUENDAMA,"1,992",1,25,CUNDINAMARCA,25645,Municipio,-74.351443,4.616138,
7858,SAN ANTONIO DEL TEQUENDAMA,"1,995",1,25,CUNDINAMARCA,25645,Municipio,-74.351443,4.616138,
7859,SAN ANTONIO DEL TEQUENDAMA,"2,003",1,25,CUNDINAMARCA,25645,Municipio,-74.351443,4.616138,
7860,SAN ANTONIO DEL TEQUENDAMA,"2,004",2,25,CUNDINAMARCA,25645,Municipio,-74.351443,4.616138,
7861,SAN ANTONIO DEL TEQUENDAMA,"2,009",1,25,CUNDINAMARCA,25645,Municipio,-74.351443,4.616138,
7862,SAN ANTONIO DEL TEQUENDAMA,"2,012",1,25,CUNDINAMARCA,25645,Municipio,-74.351443,4.616138,
7863,SAN ANTONIO DEL TEQUENDAMA,"2,014",1,25,CUNDINAMARCA,25645,Municipio,-74.351443,4.616138,
7864,SAN ANTONIO DEL TEQUENDAMA,"2,016",1,25,CUNDINAMARCA,25645,Municipio,-74.351443,4.616138,
7865,SAN ANTONIO DEL TEQUENDAMA,"2,019",2,25,CUNDINAMARCA,25645,Municipio,-74.351443,4.616138,
7866,SAN BENITO ABAD,"1,989",1,70,SUCRE,70678,Municipio,-75.031089,8.930108,
7867,SAN BENITO ABAD,"1,992",1,70,SUCRE,70678,Municipio,-75.031089,8.930108,
7868,SAN BENITO ABAD,"2,007",1,70,SUCRE,70678,Municipio,-75.031089,8.930108,
7869,SAN BENITO ABAD,"2,008",1,70,SUCRE,70678,Municipio,-75.031089,8.930108,
7870,SAN BENITO ABAD,"2,010",1,70,SUCRE,70678,Municipio,-75.031089,8.930108,
7871,SAN BENITO ABAD,"2,017",1,70,SUCRE,70678,Municipio,-75.031089,8.930108,
7872,SAN BENITO ABAD,"2,019",2,70,SUCRE,70678,Municipio,-75.031089,8.930108,
7873,SAN BERNARDO,"1,987",1,25,CUNDINAMARCA,25649,Municipio,-74.42296,4.179433,
7874,SAN BERNARDO,"1,987",1,52,NARIÑO,52685,Municipio,-77.0475,1.513762,
7875,SAN BERNARDO,"1,996",1,25,CUNDINAMARCA,25649,Municipio,-74.42296,4.179433,
7876,SAN BERNARDO,"1,996",1,52,NARIÑO,52685,Municipio,-77.0475,1.513762,
7877,SAN BERNARDO,"1,997",2,25,CUNDINAMARCA,25649,Municipio,-74.42296,4.179433,
7878,SAN BERNARDO,"1,997",2,52,NARIÑO,52685,Municipio,-77.0475,1.513762,
7879,SAN BERNARDO,"1,999",1,25,CUNDINAMARCA,25649,Municipio,-74.42296,4.179433,
7880,SAN BERNARDO,"1,999",1,52,NARIÑO,52685,Municipio,-77.0475,1.513762,
7881,SAN BERNARDO,"2,003",1,25,CUNDINAMARCA,25649,Municipio,-74.42296,4.179433,
7882,SAN BERNARDO,"2,003",1,52,NARIÑO,52685,Municipio,-77.0475,1.513762,
7883,SAN BERNARDO,"2,007",1,25,CUNDINAMARCA,25649,Municipio,-74.42296,4.179433,
7884,SAN BERNARDO,"2,007",1,52,NARIÑO,52685,Municipio,-77.0475,1.513762,
7885,SAN BERNARDO,"2,009",1,25,CUNDINAMARCA,25649,Municipio,-74.42296,4.179433,
7886,SAN BERNARDO,"2,009",1,52,NARIÑO,52685,Municipio,-77.0475,1.513762,
7887,SAN BERNARDO,"2,013",1,25,CUNDINAMARCA,25649,Municipio,-74.42296,4.179433,
7888,SAN BERNARDO,"2,013",1,52,NARIÑO,52685,Municipio,-77.0475,1.513762,
7889,SAN BERNARDO,"2,016",2,25,CUNDINAMARCA,25649,Municipio,-74.42296,4.179433,
7890,SAN BERNARDO,"2,016",2,52,NARIÑO,52685,Municipio,-77.0475,1.513762,
7891,SAN BERNARDO,"2,018",1,25,CUNDINAMARCA,25649,Municipio,-74.42296,4.179433,
7892,SAN BERNARDO,"2,018",1,52,NARIÑO,52685,Municipio,-77.0475,1.513762,
7893,SAN BERNARDO,"2,019",1,25,CUNDINAMARCA,25649,Municipio,-74.42296,4.179433,
7894,SAN BERNARDO,"2,019",1,52,NARIÑO,52685,Municipio,-77.0475,1.513762,
7895,SAN BERNARDO DEL VIENTO,"1,994",1,23,CÓRDOBA,23675,Municipio,-75.955107,9.35247,
7896,SAN BERNARDO DEL VIENTO,"1,997",1,23,CÓRDOBA,23675,Municipio,-75.955107,9.35247,
7897,SAN BERNARDO DEL VIENTO,"1,999",1,23,CÓRDOBA,23675,Municipio,-75.955107,9.35247,
7898,SAN BERNARDO DEL VIENTO,"2,005",1,23,CÓRDOBA,23675,Municipio,-75.955107,9.35247,
7899,SAN BERNARDO DEL VIENTO,"2,009",1,23,CÓRDOBA,23675,Municipio,-75.955107,9.35247,
7900,SAN CALIXTO,"2,008",1,54,NORTE DE SANTANDER,54670,Municipio,-73.208622,8.40214,
7901,SAN CARLOS,"1,987",1,5,ANTIOQUIA,5649,Municipio,-74.988097,6.187746,
7902,SAN CARLOS,"1,987",1,23,CÓRDOBA,23678,Municipio,-75.698799,8.799282,
7903,SAN CARLOS,"1,989",1,5,ANTIOQUIA,5649,Municipio,-74.988097,6.187746,
7904,SAN CARLOS,"1,989",1,23,CÓRDOBA,23678,Municipio,-75.698799,8.799282,
7905,SAN CARLOS,"1,990",2,5,ANTIOQUIA,5649,Municipio,-74.988097,6.187746,
7906,SAN CARLOS,"1,990",2,23,CÓRDOBA,23678,Municipio,-75.698799,8.799282,
7907,SAN CARLOS,"1,991",1,5,ANTIOQUIA,5649,Municipio,-74.988097,6.187746,
7908,SAN CARLOS,"1,991",1,23,CÓRDOBA,23678,Municipio,-75.698799,8.799282,
7909,SAN CARLOS,"1,993",1,5,ANTIOQUIA,5649,Municipio,-74.988097,6.187746,
7910,SAN CARLOS,"1,993",1,23,CÓRDOBA,23678,Municipio,-75.698799,8.799282,
7911,SAN CARLOS,"1,994",3,5,ANTIOQUIA,5649,Municipio,-74.988097,6.187746,
7912,SAN CARLOS,"1,994",3,23,CÓRDOBA,23678,Municipio,-75.698799,8.799282,
7913,SAN CARLOS,"1,997",1,5,ANTIOQUIA,5649,Municipio,-74.988097,6.187746,
7914,SAN CARLOS,"1,997",1,23,CÓRDOBA,23678,Municipio,-75.698799,8.799282,
7915,SAN CARLOS,"1,998",1,5,ANTIOQUIA,5649,Municipio,-74.988097,6.187746,
7916,SAN CARLOS,"1,998",1,23,CÓRDOBA,23678,Municipio,-75.698799,8.799282,
7917,SAN CARLOS,"1,999",1,5,ANTIOQUIA,5649,Municipio,-74.988097,6.187746,
7918,SAN CARLOS,"1,999",1,23,CÓRDOBA,23678,Municipio,-75.698799,8.799282,
7919,SAN CARLOS,"2,001",1,5,ANTIOQUIA,5649,Municipio,-74.988097,6.187746,
7920,SAN CARLOS,"2,001",1,23,CÓRDOBA,23678,Municipio,-75.698799,8.799282,
7921,SAN CARLOS,"2,002",1,5,ANTIOQUIA,5649,Municipio,-74.988097,6.187746,
7922,SAN CARLOS,"2,002",1,23,CÓRDOBA,23678,Municipio,-75.698799,8.799282,
7923,SAN CARLOS,"2,008",4,5,ANTIOQUIA,5649,Municipio,-74.988097,6.187746,
7924,SAN CARLOS,"2,008",4,23,CÓRDOBA,23678,Municipio,-75.698799,8.799282,
7925,SAN CARLOS,"2,010",1,5,ANTIOQUIA,5649,Municipio,-74.988097,6.187746,
7926,SAN CARLOS,"2,010",1,23,CÓRDOBA,23678,Municipio,-75.698799,8.799282,
7927,SAN CARLOS,"2,013",3,5,ANTIOQUIA,5649,Municipio,-74.988097,6.187746,
7928,SAN CARLOS,"2,013",3,23,CÓRDOBA,23678,Municipio,-75.698799,8.799282,
7929,SAN CARLOS,"2,014",1,5,ANTIOQUIA,5649,Municipio,-74.988097,6.187746,
7930,SAN CARLOS,"2,014",1,23,CÓRDOBA,23678,Municipio,-75.698799,8.799282,
7931,SAN CARLOS,"2,016",1,5,ANTIOQUIA,5649,Municipio,-74.988097,6.187746,
7932,SAN CARLOS,"2,016",1,23,CÓRDOBA,23678,Municipio,-75.698799,8.799282,
7933,SAN CARLOS,"2,019",1,5,ANTIOQUIA,5649,Municipio,-74.988097,6.187746,
7934,SAN CARLOS,"2,019",1,23,CÓRDOBA,23678,Municipio,-75.698799,8.799282,
7935,SAN CARLOS DE GUAROA,"2,005",1,50,META,50680,Municipio,-73.242253,3.71065,
7936,SAN CARLOS DE GUAROA,"2,015",1,50,META,50680,Municipio,-73.242253,3.71065,
7937,SAN CARLOS DE GUAROA,"2,019",1,50,META,50680,Municipio,-73.242253,3.71065,
7938,SAN CAYETANO,"1,990",1,25,CUNDINAMARCA,25653,Municipio,-74.024754,5.332938,
7939,SAN CAYETANO,"1,990",1,54,NORTE DE SANTANDER,54673,Municipio,-72.625459,7.875695,
7940,SAN CAYETANO,"1,995",1,25,CUNDINAMARCA,25653,Municipio,-74.024754,5.332938,
7941,SAN CAYETANO,"1,995",1,54,NORTE DE SANTANDER,54673,Municipio,-72.625459,7.875695,
7942,SAN CAYETANO,"2,014",1,25,CUNDINAMARCA,25653,Municipio,-74.024754,5.332938,
7943,SAN CAYETANO,"2,014",1,54,NORTE DE SANTANDER,54673,Municipio,-72.625459,7.875695,
7944,SAN CRISTÓBAL,"1,997",1,13,BOLÍVAR,13620,Municipio,-75.065076,10.392836,
7945,SAN CRISTÓBAL,"1,998",1,13,BOLÍVAR,13620,Municipio,-75.065076,10.392836,
7946,SAN CRISTÓBAL,"2,003",1,13,BOLÍVAR,13620,Municipio,-75.065076,10.392836,
7947,SAN DIEGO,"1,988",1,20,CESAR,20750,Municipio,-73.181208,10.333039,
7948,SAN DIEGO,"2,016",1,20,CESAR,20750,Municipio,-73.181208,10.333039,
7949,SAN DIEGO,"2,017",1,20,CESAR,20750,Municipio,-73.181208,10.333039,
7950,SAN DIEGO,"2,019",1,20,CESAR,20750,Municipio,-73.181208,10.333039,
7951,SAN EDUARDO,"2,002",1,15,BOYACÁ,15660,Municipio,-73.077747,5.22401,
7952,SAN ESTANISLAO,"1,987",1,13,BOLÍVAR,13647,Municipio,-75.153101,10.398602,
7953,SAN ESTANISLAO,"1,994",4,13,BOLÍVAR,13647,Municipio,-75.153101,10.398602,
7954,SAN ESTANISLAO,"1,995",1,13,BOLÍVAR,13647,Municipio,-75.153101,10.398602,
7955,SAN ESTANISLAO,"1,996",1,13,BOLÍVAR,13647,Municipio,-75.153101,10.398602,
7956,SAN ESTANISLAO,"2,007",1,13,BOLÍVAR,13647,Municipio,-75.153101,10.398602,
7957,SAN ESTANISLAO,"2,010",1,13,BOLÍVAR,13647,Municipio,-75.153101,10.398602,
7958,SAN FRANCISCO,"1,987",3,5,ANTIOQUIA,5652,Municipio,-75.101562,5.963476,
7959,SAN FRANCISCO,"1,987",3,25,CUNDINAMARCA,25658,Municipio,-74.289672,4.972917,
7960,SAN FRANCISCO,"1,987",3,86,PUTUMAYO,86755,Municipio,-76.879283,1.174194,
7961,SAN FRANCISCO,"1,990",3,5,ANTIOQUIA,5652,Municipio,-75.101562,5.963476,
7962,SAN FRANCISCO,"1,990",3,25,CUNDINAMARCA,25658,Municipio,-74.289672,4.972917,
7963,SAN FRANCISCO,"1,990",3,86,PUTUMAYO,86755,Municipio,-76.879283,1.174194,
7964,SAN FRANCISCO,"1,991",1,5,ANTIOQUIA,5652,Municipio,-75.101562,5.963476,
7965,SAN FRANCISCO,"1,991",1,25,CUNDINAMARCA,25658,Municipio,-74.289672,4.972917,
7966,SAN FRANCISCO,"1,991",1,86,PUTUMAYO,86755,Municipio,-76.879283,1.174194,
7967,SAN FRANCISCO,"1,992",1,5,ANTIOQUIA,5652,Municipio,-75.101562,5.963476,
7968,SAN FRANCISCO,"1,992",1,25,CUNDINAMARCA,25658,Municipio,-74.289672,4.972917,
7969,SAN FRANCISCO,"1,992",1,86,PUTUMAYO,86755,Municipio,-76.879283,1.174194,
7970,SAN FRANCISCO,"1,997",1,5,ANTIOQUIA,5652,Municipio,-75.101562,5.963476,
7971,SAN FRANCISCO,"1,997",1,25,CUNDINAMARCA,25658,Municipio,-74.289672,4.972917,
7972,SAN FRANCISCO,"1,997",1,86,PUTUMAYO,86755,Municipio,-76.879283,1.174194,
7973,SAN FRANCISCO,"2,004",2,5,ANTIOQUIA,5652,Municipio,-75.101562,5.963476,
7974,SAN FRANCISCO,"2,004",2,25,CUNDINAMARCA,25658,Municipio,-74.289672,4.972917,
7975,SAN FRANCISCO,"2,004",2,86,PUTUMAYO,86755,Municipio,-76.879283,1.174194,
7976,SAN FRANCISCO,"2,005",2,5,ANTIOQUIA,5652,Municipio,-75.101562,5.963476,
7977,SAN FRANCISCO,"2,005",2,25,CUNDINAMARCA,25658,Municipio,-74.289672,4.972917,
7978,SAN FRANCISCO,"2,005",2,86,PUTUMAYO,86755,Municipio,-76.879283,1.174194,
7979,SAN FRANCISCO,"2,010",1,5,ANTIOQUIA,5652,Municipio,-75.101562,5.963476,
7980,SAN FRANCISCO,"2,010",1,25,CUNDINAMARCA,25658,Municipio,-74.289672,4.972917,
7981,SAN FRANCISCO,"2,010",1,86,PUTUMAYO,86755,Municipio,-76.879283,1.174194,
7982,SAN FRANCISCO,"2,013",1,5,ANTIOQUIA,5652,Municipio,-75.101562,5.963476,
7983,SAN FRANCISCO,"2,013",1,25,CUNDINAMARCA,25658,Municipio,-74.289672,4.972917,
7984,SAN FRANCISCO,"2,013",1,86,PUTUMAYO,86755,Municipio,-76.879283,1.174194,
7985,SAN FRANCISCO,"2,014",1,5,ANTIOQUIA,5652,Municipio,-75.101562,5.963476,
7986,SAN FRANCISCO,"2,014",1,25,CUNDINAMARCA,25658,Municipio,-74.289672,4.972917,
7987,SAN FRANCISCO,"2,014",1,86,PUTUMAYO,86755,Municipio,-76.879283,1.174194,
7988,SAN FRANCISCO,"2,019",2,5,ANTIOQUIA,5652,Municipio,-75.101562,5.963476,
7989,SAN FRANCISCO,"2,019",2,25,CUNDINAMARCA,25658,Municipio,-74.289672,4.972917,
7990,SAN FRANCISCO,"2,019",2,86,PUTUMAYO,86755,Municipio,-76.879283,1.174194,
7991,SAN GIL,"1,986",2,68,SANTANDER,68679,Municipio,-73.134776,6.551952,
7992,SAN GIL,"1,988",2,68,SANTANDER,68679,Municipio,-73.134776,6.551952,
7993,SAN GIL,"1,989",4,68,SANTANDER,68679,Municipio,-73.134776,6.551952,
7994,SAN GIL,"1,990",1,68,SANTANDER,68679,Municipio,-73.134776,6.551952,
7995,SAN GIL,"1,991",4,68,SANTANDER,68679,Municipio,-73.134776,6.551952,
7996,SAN GIL,"1,992",2,68,SANTANDER,68679,Municipio,-73.134776,6.551952,
7997,SAN GIL,"1,993",3,68,SANTANDER,68679,Municipio,-73.134776,6.551952,
7998,SAN GIL,"1,994",3,68,SANTANDER,68679,Municipio,-73.134776,6.551952,
7999,SAN GIL,"1,996",2,68,SANTANDER,68679,Municipio,-73.134776,6.551952,
8000,SAN GIL,"1,997",2,68,SANTANDER,68679,Municipio,-73.134776,6.551952,
8001,SAN GIL,"1,998",2,68,SANTANDER,68679,Municipio,-73.134776,6.551952,
8002,SAN GIL,"1,999",2,68,SANTANDER,68679,Municipio,-73.134776,6.551952,
8003,SAN GIL,"2,001",2,68,SANTANDER,68679,Municipio,-73.134776,6.551952,
8004,SAN GIL,"2,002",2,68,SANTANDER,68679,Municipio,-73.134776,6.551952,
8005,SAN GIL,"2,003",2,68,SANTANDER,68679,Municipio,-73.134776,6.551952,
8006,SAN GIL,"2,004",2,68,SANTANDER,68679,Municipio,-73.134776,6.551952,
8007,SAN GIL,"2,005",2,68,SANTANDER,68679,Municipio,-73.134776,6.551952,
8008,SAN GIL,"2,006",1,68,SANTANDER,68679,Municipio,-73.134776,6.551952,
8009,SAN GIL,"2,007",2,68,SANTANDER,68679,Municipio,-73.134776,6.551952,
8010,SAN GIL,"2,008",1,68,SANTANDER,68679,Municipio,-73.134776,6.551952,
8011,SAN GIL,"2,009",1,68,SANTANDER,68679,Municipio,-73.134776,6.551952,
8012,SAN GIL,"2,010",1,68,SANTANDER,68679,Municipio,-73.134776,6.551952,
8013,SAN GIL,"2,011",4,68,SANTANDER,68679,Municipio,-73.134776,6.551952,
8014,SAN GIL,"2,012",1,68,SANTANDER,68679,Municipio,-73.134776,6.551952,
8015,SAN GIL,"2,013",3,68,SANTANDER,68679,Municipio,-73.134776,6.551952,
8016,SAN GIL,"2,014",6,68,SANTANDER,68679,Municipio,-73.134776,6.551952,
8017,SAN GIL,"2,015",5,68,SANTANDER,68679,Municipio,-73.134776,6.551952,
8018,SAN GIL,"2,016",6,68,SANTANDER,68679,Municipio,-73.134776,6.551952,
8019,SAN GIL,"2,017",9,68,SANTANDER,68679,Municipio,-73.134776,6.551952,
8020,SAN GIL,"2,018",3,68,SANTANDER,68679,Municipio,-73.134776,6.551952,
8021,SAN GIL,"2,019",7,68,SANTANDER,68679,Municipio,-73.134776,6.551952,
8022,SAN JACINTO,"1,986",1,13,BOLÍVAR,13654,Municipio,-75.12105,9.830275,
8023,SAN JACINTO,"1,990",1,13,BOLÍVAR,13654,Municipio,-75.12105,9.830275,
8024,SAN JACINTO,"1,992",2,13,BOLÍVAR,13654,Municipio,-75.12105,9.830275,
8025,SAN JACINTO,"1,993",1,13,BOLÍVAR,13654,Municipio,-75.12105,9.830275,
8026,SAN JACINTO,"1,994",3,13,BOLÍVAR,13654,Municipio,-75.12105,9.830275,
8027,SAN JACINTO,"1,995",2,13,BOLÍVAR,13654,Municipio,-75.12105,9.830275,
8028,SAN JACINTO,"1,996",1,13,BOLÍVAR,13654,Municipio,-75.12105,9.830275,
8029,SAN JACINTO,"1,998",1,13,BOLÍVAR,13654,Municipio,-75.12105,9.830275,
8030,SAN JACINTO,"2,000",2,13,BOLÍVAR,13654,Municipio,-75.12105,9.830275,
8031,SAN JACINTO,"2,001",1,13,BOLÍVAR,13654,Municipio,-75.12105,9.830275,
8032,SAN JACINTO,"2,002",1,13,BOLÍVAR,13654,Municipio,-75.12105,9.830275,
8033,SAN JACINTO,"2,003",1,13,BOLÍVAR,13654,Municipio,-75.12105,9.830275,
8034,SAN JACINTO,"2,007",1,13,BOLÍVAR,13654,Municipio,-75.12105,9.830275,
8035,SAN JACINTO,"2,009",2,13,BOLÍVAR,13654,Municipio,-75.12105,9.830275,
8036,SAN JACINTO,"2,012",2,13,BOLÍVAR,13654,Municipio,-75.12105,9.830275,
8037,SAN JACINTO,"2,013",1,13,BOLÍVAR,13654,Municipio,-75.12105,9.830275,
8038,SAN JACINTO,"2,017",2,13,BOLÍVAR,13654,Municipio,-75.12105,9.830275,
8039,SAN JACINTO,"2,018",1,13,BOLÍVAR,13654,Municipio,-75.12105,9.830275,
8040,SAN JACINTO,"2,019",1,13,BOLÍVAR,13654,Municipio,-75.12105,9.830275,
8041,SAN JERÓNIMO,"1,985",1,5,ANTIOQUIA,5656,Municipio,-75.726975,6.44809,
8042,SAN JERÓNIMO,"2,005",1,5,ANTIOQUIA,5656,Municipio,-75.726975,6.44809,
8043,SAN JERÓNIMO,"2,011",1,5,ANTIOQUIA,5656,Municipio,-75.726975,6.44809,
8044,SAN JERÓNIMO,"2,012",1,5,ANTIOQUIA,5656,Municipio,-75.726975,6.44809,
8045,SAN JERÓNIMO,"2,017",2,5,ANTIOQUIA,5656,Municipio,-75.726975,6.44809,
8046,SAN JERÓNIMO,"2,018",2,5,ANTIOQUIA,5656,Municipio,-75.726975,6.44809,
8047,SAN JOAQUÍN,"1,996",1,68,SANTANDER,68682,Municipio,-72.867638,6.427548,
8048,SAN JOAQUÍN,"1,999",1,68,SANTANDER,68682,Municipio,-72.867638,6.427548,
8049,SAN JOAQUÍN,"2,004",1,68,SANTANDER,68682,Municipio,-72.867638,6.427548,
8050,SAN JOSÉ,"2,012",1,17,CALDAS,17665,Municipio,-75.792063,5.08231,
8051,SAN JOSÉ,"2,018",1,17,CALDAS,17665,Municipio,-75.792063,5.08231,
8052,SAN JOSÉ DE CÚCUTA,"1,985",10,54,NORTE DE SANTANDER,54001,Municipio,-72.508178,7.905725,
8053,SAN JOSÉ DE CÚCUTA,"1,986",20,54,NORTE DE SANTANDER,54001,Municipio,-72.508178,7.905725,
8054,SAN JOSÉ DE CÚCUTA,"1,987",14,54,NORTE DE SANTANDER,54001,Municipio,-72.508178,7.905725,
8055,SAN JOSÉ DE CÚCUTA,"1,988",10,54,NORTE DE SANTANDER,54001,Municipio,-72.508178,7.905725,
8056,SAN JOSÉ DE CÚCUTA,"1,989",18,54,NORTE DE SANTANDER,54001,Municipio,-72.508178,7.905725,
8057,SAN JOSÉ DE CÚCUTA,"1,990",12,54,NORTE DE SANTANDER,54001,Municipio,-72.508178,7.905725,
8058,SAN JOSÉ DE CÚCUTA,"1,991",25,54,NORTE DE SANTANDER,54001,Municipio,-72.508178,7.905725,
8059,SAN JOSÉ DE CÚCUTA,"1,992",29,54,NORTE DE SANTANDER,54001,Municipio,-72.508178,7.905725,
8060,SAN JOSÉ DE CÚCUTA,"1,993",21,54,NORTE DE SANTANDER,54001,Municipio,-72.508178,7.905725,
8061,SAN JOSÉ DE CÚCUTA,"1,994",30,54,NORTE DE SANTANDER,54001,Municipio,-72.508178,7.905725,
8062,SAN JOSÉ DE CÚCUTA,"1,995",25,54,NORTE DE SANTANDER,54001,Municipio,-72.508178,7.905725,
8063,SAN JOSÉ DE CÚCUTA,"1,996",21,54,NORTE DE SANTANDER,54001,Municipio,-72.508178,7.905725,
8064,SAN JOSÉ DE CÚCUTA,"1,997",28,54,NORTE DE SANTANDER,54001,Municipio,-72.508178,7.905725,
8065,SAN JOSÉ DE CÚCUTA,"1,998",22,54,NORTE DE SANTANDER,54001,Municipio,-72.508178,7.905725,
8066,SAN JOSÉ DE CÚCUTA,"1,999",17,54,NORTE DE SANTANDER,54001,Municipio,-72.508178,7.905725,
8067,SAN JOSÉ DE CÚCUTA,"2,000",25,54,NORTE DE SANTANDER,54001,Municipio,-72.508178,7.905725,
8068,SAN JOSÉ DE CÚCUTA,"2,001",22,54,NORTE DE SANTANDER,54001,Municipio,-72.508178,7.905725,
8069,SAN JOSÉ DE CÚCUTA,"2,002",30,54,NORTE DE SANTANDER,54001,Municipio,-72.508178,7.905725,
8070,SAN JOSÉ DE CÚCUTA,"2,003",36,54,NORTE DE SANTANDER,54001,Municipio,-72.508178,7.905725,
8071,SAN JOSÉ DE CÚCUTA,"2,004",32,54,NORTE DE SANTANDER,54001,Municipio,-72.508178,7.905725,
8072,SAN JOSÉ DE CÚCUTA,"2,005",36,54,NORTE DE SANTANDER,54001,Municipio,-72.508178,7.905725,
8073,SAN JOSÉ DE CÚCUTA,"2,006",31,54,NORTE DE SANTANDER,54001,Municipio,-72.508178,7.905725,
8074,SAN JOSÉ DE CÚCUTA,"2,007",24,54,NORTE DE SANTANDER,54001,Municipio,-72.508178,7.905725,
8075,SAN JOSÉ DE CÚCUTA,"2,008",53,54,NORTE DE SANTANDER,54001,Municipio,-72.508178,7.905725,
8076,SAN JOSÉ DE CÚCUTA,"2,009",34,54,NORTE DE SANTANDER,54001,Municipio,-72.508178,7.905725,
8077,SAN JOSÉ DE CÚCUTA,"2,010",61,54,NORTE DE SANTANDER,54001,Municipio,-72.508178,7.905725,
8078,SAN JOSÉ DE CÚCUTA,"2,011",52,54,NORTE DE SANTANDER,54001,Municipio,-72.508178,7.905725,
8079,SAN JOSÉ DE CÚCUTA,"2,012",54,54,NORTE DE SANTANDER,54001,Municipio,-72.508178,7.905725,
8080,SAN JOSÉ DE CÚCUTA,"2,013",60,54,NORTE DE SANTANDER,54001,Municipio,-72.508178,7.905725,
8081,SAN JOSÉ DE CÚCUTA,"2,014",63,54,NORTE DE SANTANDER,54001,Municipio,-72.508178,7.905725,
8082,SAN JOSÉ DE CÚCUTA,"2,015",65,54,NORTE DE SANTANDER,54001,Municipio,-72.508178,7.905725,
8083,SAN JOSÉ DE CÚCUTA,"2,016",100,54,NORTE DE SANTANDER,54001,Municipio,-72.508178,7.905725,
8084,SAN JOSÉ DE CÚCUTA,"2,017",86,54,NORTE DE SANTANDER,54001,Municipio,-72.508178,7.905725,
8085,SAN JOSÉ DE CÚCUTA,"2,018",85,54,NORTE DE SANTANDER,54001,Municipio,-72.508178,7.905725,
8086,SAN JOSÉ DE CÚCUTA,"2,019",113,54,NORTE DE SANTANDER,54001,Municipio,-72.508178,7.905725,
8087,SAN JOSÉ DE LA MONTAÑA,"1,987",1,5,ANTIOQUIA,5658,Municipio,-75.683352,6.85009,
8088,SAN JOSÉ DE MIRANDA,"2,001",1,68,SANTANDER,68684,Municipio,-72.733616,6.658995,
8089,SAN JOSÉ DE MIRANDA,"2,011",1,68,SANTANDER,68684,Municipio,-72.733616,6.658995,
8090,SAN JOSÉ DE PARE,"2,013",1,15,BOYACÁ,15664,Municipio,-73.545397,6.018924,
8091,SAN JOSÉ DE TOLUVIEJO,"1,990",1,70,SUCRE,70823,Municipio,-75.44085,9.451819,
8092,SAN JOSÉ DE TOLUVIEJO,"2,004",1,70,SUCRE,70823,Municipio,-75.44085,9.451819,
8093,SAN JOSÉ DEL FRAGUA,"1,998",1,18,CAQUETÁ,18610,Municipio,-75.973796,1.330266,
8094,SAN JOSÉ DEL FRAGUA,"2,006",1,18,CAQUETÁ,18610,Municipio,-75.973796,1.330266,
8095,SAN JOSÉ DEL FRAGUA,"2,015",1,18,CAQUETÁ,18610,Municipio,-75.973796,1.330266,
8096,SAN JOSÉ DEL FRAGUA,"2,019",1,18,CAQUETÁ,18610,Municipio,-75.973796,1.330266,
8097,SAN JOSÉ DEL GUAVIARE,"1,995",1,95,GUAVIARE,95001,Municipio,-72.639254,2.565932,
8098,SAN JOSÉ DEL GUAVIARE,"1,997",1,95,GUAVIARE,95001,Municipio,-72.639254,2.565932,
8099,SAN JOSÉ DEL GUAVIARE,"1,998",1,95,GUAVIARE,95001,Municipio,-72.639254,2.565932,
8100,SAN JOSÉ DEL GUAVIARE,"2,004",1,95,GUAVIARE,95001,Municipio,-72.639254,2.565932,
8101,SAN JOSÉ DEL GUAVIARE,"2,007",1,95,GUAVIARE,95001,Municipio,-72.639254,2.565932,
8102,SAN JOSÉ DEL GUAVIARE,"2,008",1,95,GUAVIARE,95001,Municipio,-72.639254,2.565932,
8103,SAN JOSÉ DEL GUAVIARE,"2,009",2,95,GUAVIARE,95001,Municipio,-72.639254,2.565932,
8104,SAN JOSÉ DEL GUAVIARE,"2,010",2,95,GUAVIARE,95001,Municipio,-72.639254,2.565932,
8105,SAN JOSÉ DEL GUAVIARE,"2,011",1,95,GUAVIARE,95001,Municipio,-72.639254,2.565932,
8106,SAN JOSÉ DEL GUAVIARE,"2,012",2,95,GUAVIARE,95001,Municipio,-72.639254,2.565932,
8107,SAN JOSÉ DEL GUAVIARE,"2,014",1,95,GUAVIARE,95001,Municipio,-72.639254,2.565932,
8108,SAN JOSÉ DEL GUAVIARE,"2,015",1,95,GUAVIARE,95001,Municipio,-72.639254,2.565932,
8109,SAN JOSÉ DEL GUAVIARE,"2,016",1,95,GUAVIARE,95001,Municipio,-72.639254,2.565932,
8110,SAN JOSÉ DEL GUAVIARE,"2,017",1,95,GUAVIARE,95001,Municipio,-72.639254,2.565932,
8111,SAN JOSÉ DEL GUAVIARE,"2,018",1,95,GUAVIARE,95001,Municipio,-72.639254,2.565932,
8112,SAN JOSÉ DEL GUAVIARE,"2,019",2,95,GUAVIARE,95001,Municipio,-72.639254,2.565932,
8113,SAN JOSÉ DEL PALMAR,"1,997",1,27,CHOCÓ,27660,Municipio,-76.234227,4.896954,
8114,SAN JOSÉ DEL PALMAR,"2,009",1,27,CHOCÓ,27660,Municipio,-76.234227,4.896954,
8115,SAN JOSÉ DEL PALMAR,"2,019",1,27,CHOCÓ,27660,Municipio,-76.234227,4.896954,
8116,SAN JUAN DE ARAMA,"2,004",1,50,META,50683,Municipio,-73.875832,3.373728,
8117,SAN JUAN DE BETULIA,"1,989",1,70,SUCRE,70702,Municipio,-75.243565,9.273066,
8118,SAN JUAN DE BETULIA,"1,993",1,70,SUCRE,70702,Municipio,-75.243565,9.273066,
8119,SAN JUAN DE BETULIA,"1,997",1,70,SUCRE,70702,Municipio,-75.243565,9.273066,
8120,SAN JUAN DE BETULIA,"2,005",2,70,SUCRE,70702,Municipio,-75.243565,9.273066,
8121,SAN JUAN DE BETULIA,"2,008",1,70,SUCRE,70702,Municipio,-75.243565,9.273066,
8122,SAN JUAN DE BETULIA,"2,009",1,70,SUCRE,70702,Municipio,-75.243565,9.273066,
8123,SAN JUAN DE RIOSECO,"1,986",1,25,CUNDINAMARCA,25662,Municipio,-74.621919,4.847575,
8124,SAN JUAN DE RIOSECO,"1,991",1,25,CUNDINAMARCA,25662,Municipio,-74.621919,4.847575,
8125,SAN JUAN DE RIOSECO,"1,996",1,25,CUNDINAMARCA,25662,Municipio,-74.621919,4.847575,
8126,SAN JUAN DE RIOSECO,"2,003",2,25,CUNDINAMARCA,25662,Municipio,-74.621919,4.847575,
8127,SAN JUAN DE RIOSECO,"2,005",1,25,CUNDINAMARCA,25662,Municipio,-74.621919,4.847575,
8128,SAN JUAN DE RIOSECO,"2,008",1,25,CUNDINAMARCA,25662,Municipio,-74.621919,4.847575,
8129,SAN JUAN DE RIOSECO,"2,010",1,25,CUNDINAMARCA,25662,Municipio,-74.621919,4.847575,
8130,SAN JUAN DE RIOSECO,"2,013",1,25,CUNDINAMARCA,25662,Municipio,-74.621919,4.847575,
8131,SAN JUAN DE RIOSECO,"2,016",1,25,CUNDINAMARCA,25662,Municipio,-74.621919,4.847575,
8132,SAN JUAN DE RIOSECO,"2,017",1,25,CUNDINAMARCA,25662,Municipio,-74.621919,4.847575,
8133,SAN JUAN DE URABÁ,"2,016",1,5,ANTIOQUIA,5659,Municipio,-76.52857,8.758964,
8134,SAN JUAN DEL CESAR,"1,988",2,44,LA GUAJIRA,44650,Municipio,-73.000629,10.769546,
8135,SAN JUAN DEL CESAR,"1,989",1,44,LA GUAJIRA,44650,Municipio,-73.000629,10.769546,
8136,SAN JUAN DEL CESAR,"1,990",1,44,LA GUAJIRA,44650,Municipio,-73.000629,10.769546,
8137,SAN JUAN DEL CESAR,"1,991",1,44,LA GUAJIRA,44650,Municipio,-73.000629,10.769546,
8138,SAN JUAN DEL CESAR,"1,992",1,44,LA GUAJIRA,44650,Municipio,-73.000629,10.769546,
8139,SAN JUAN DEL CESAR,"1,994",1,44,LA GUAJIRA,44650,Municipio,-73.000629,10.769546,
8140,SAN JUAN DEL CESAR,"1,997",2,44,LA GUAJIRA,44650,Municipio,-73.000629,10.769546,
8141,SAN JUAN DEL CESAR,"2,002",1,44,LA GUAJIRA,44650,Municipio,-73.000629,10.769546,
8142,SAN JUAN DEL CESAR,"2,004",1,44,LA GUAJIRA,44650,Municipio,-73.000629,10.769546,
8143,SAN JUAN DEL CESAR,"2,006",1,44,LA GUAJIRA,44650,Municipio,-73.000629,10.769546,
8144,SAN JUAN DEL CESAR,"2,009",2,44,LA GUAJIRA,44650,Municipio,-73.000629,10.769546,
8145,SAN JUAN DEL CESAR,"2,010",2,44,LA GUAJIRA,44650,Municipio,-73.000629,10.769546,
8146,SAN JUAN DEL CESAR,"2,011",3,44,LA GUAJIRA,44650,Municipio,-73.000629,10.769546,
8147,SAN JUAN DEL CESAR,"2,013",2,44,LA GUAJIRA,44650,Municipio,-73.000629,10.769546,
8148,SAN JUAN DEL CESAR,"2,014",2,44,LA GUAJIRA,44650,Municipio,-73.000629,10.769546,
8149,SAN JUAN DEL CESAR,"2,015",3,44,LA GUAJIRA,44650,Municipio,-73.000629,10.769546,
8150,SAN JUAN DEL CESAR,"2,016",3,44,LA GUAJIRA,44650,Municipio,-73.000629,10.769546,
8151,SAN JUAN DEL CESAR,"2,017",3,44,LA GUAJIRA,44650,Municipio,-73.000629,10.769546,
8152,SAN JUAN DEL CESAR,"2,018",1,44,LA GUAJIRA,44650,Municipio,-73.000629,10.769546,
8153,SAN JUAN DEL CESAR,"2,019",1,44,LA GUAJIRA,44650,Municipio,-73.000629,10.769546,
8154,SAN JUAN NEPOMUCENO,"1,985",1,13,BOLÍVAR,13657,Municipio,-75.081761,9.953751,
8155,SAN JUAN NEPOMUCENO,"1,987",1,13,BOLÍVAR,13657,Municipio,-75.081761,9.953751,
8156,SAN JUAN NEPOMUCENO,"1,992",1,13,BOLÍVAR,13657,Municipio,-75.081761,9.953751,
8157,SAN JUAN NEPOMUCENO,"1,993",1,13,BOLÍVAR,13657,Municipio,-75.081761,9.953751,
8158,SAN JUAN NEPOMUCENO,"1,996",1,13,BOLÍVAR,13657,Municipio,-75.081761,9.953751,
8159,SAN JUAN NEPOMUCENO,"1,997",2,13,BOLÍVAR,13657,Municipio,-75.081761,9.953751,
8160,SAN JUAN NEPOMUCENO,"1,999",2,13,BOLÍVAR,13657,Municipio,-75.081761,9.953751,
8161,SAN JUAN NEPOMUCENO,"2,000",1,13,BOLÍVAR,13657,Municipio,-75.081761,9.953751,
8162,SAN JUAN NEPOMUCENO,"2,002",1,13,BOLÍVAR,13657,Municipio,-75.081761,9.953751,
8163,SAN JUAN NEPOMUCENO,"2,003",2,13,BOLÍVAR,13657,Municipio,-75.081761,9.953751,
8164,SAN JUAN NEPOMUCENO,"2,004",1,13,BOLÍVAR,13657,Municipio,-75.081761,9.953751,
8165,SAN JUAN NEPOMUCENO,"2,007",1,13,BOLÍVAR,13657,Municipio,-75.081761,9.953751,
8166,SAN JUAN NEPOMUCENO,"2,008",1,13,BOLÍVAR,13657,Municipio,-75.081761,9.953751,
8167,SAN JUAN NEPOMUCENO,"2,011",4,13,BOLÍVAR,13657,Municipio,-75.081761,9.953751,
8168,SAN JUAN NEPOMUCENO,"2,012",1,13,BOLÍVAR,13657,Municipio,-75.081761,9.953751,
8169,SAN JUAN NEPOMUCENO,"2,014",3,13,BOLÍVAR,13657,Municipio,-75.081761,9.953751,
8170,SAN JUAN NEPOMUCENO,"2,016",1,13,BOLÍVAR,13657,Municipio,-75.081761,9.953751,
8171,SAN JUAN NEPOMUCENO,"2,017",2,13,BOLÍVAR,13657,Municipio,-75.081761,9.953751,
8172,SAN JUAN NEPOMUCENO,"2,018",4,13,BOLÍVAR,13657,Municipio,-75.081761,9.953751,
8173,SAN JUAN NEPOMUCENO,"2,019",2,13,BOLÍVAR,13657,Municipio,-75.081761,9.953751,
8174,SAN LORENZO,"2,005",1,52,NARIÑO,52687,Municipio,-77.21542,1.503362,
8175,SAN LORENZO,"2,014",3,52,NARIÑO,52687,Municipio,-77.21542,1.503362,
8176,SAN LORENZO,"2,015",2,52,NARIÑO,52687,Municipio,-77.21542,1.503362,
8177,SAN LORENZO,"2,018",1,52,NARIÑO,52687,Municipio,-77.21542,1.503362,
8178,SAN LUIS,"1,985",1,5,ANTIOQUIA,5660,Municipio,-74.993619,6.043017,
8179,SAN LUIS,"1,985",1,73,TOLIMA,73678,Municipio,-75.095804,4.133721,
8180,SAN LUIS,"1,998",1,5,ANTIOQUIA,5660,Municipio,-74.993619,6.043017,
8181,SAN LUIS,"1,998",1,73,TOLIMA,73678,Municipio,-75.095804,4.133721,
8182,SAN LUIS,"2,005",1,5,ANTIOQUIA,5660,Municipio,-74.993619,6.043017,
8183,SAN LUIS,"2,005",1,73,TOLIMA,73678,Municipio,-75.095804,4.133721,
8184,SAN LUIS,"2,006",2,5,ANTIOQUIA,5660,Municipio,-74.993619,6.043017,
8185,SAN LUIS,"2,006",2,73,TOLIMA,73678,Municipio,-75.095804,4.133721,
8186,SAN LUIS,"2,007",1,5,ANTIOQUIA,5660,Municipio,-74.993619,6.043017,
8187,SAN LUIS,"2,007",1,73,TOLIMA,73678,Municipio,-75.095804,4.133721,
8188,SAN LUIS,"2,012",1,5,ANTIOQUIA,5660,Municipio,-74.993619,6.043017,
8189,SAN LUIS,"2,012",1,73,TOLIMA,73678,Municipio,-75.095804,4.133721,
8190,SAN LUIS,"2,015",1,5,ANTIOQUIA,5660,Municipio,-74.993619,6.043017,
8191,SAN LUIS,"2,015",1,73,TOLIMA,73678,Municipio,-75.095804,4.133721,
8192,SAN LUIS,"2,016",3,5,ANTIOQUIA,5660,Municipio,-74.993619,6.043017,
8193,SAN LUIS,"2,016",3,73,TOLIMA,73678,Municipio,-75.095804,4.133721,
8194,SAN LUIS,"2,017",2,5,ANTIOQUIA,5660,Municipio,-74.993619,6.043017,
8195,SAN LUIS,"2,017",2,73,TOLIMA,73678,Municipio,-75.095804,4.133721,
8196,SAN LUIS,"2,019",1,5,ANTIOQUIA,5660,Municipio,-74.993619,6.043017,
8197,SAN LUIS,"2,019",1,73,TOLIMA,73678,Municipio,-75.095804,4.133721,
8198,SAN LUIS DE GACENO,"1,997",1,15,BOYACÁ,15667,Municipio,-73.168076,4.81976,
8199,SAN LUIS DE GACENO,"1,999",1,15,BOYACÁ,15667,Municipio,-73.168076,4.81976,
8200,SAN LUIS DE GACENO,"2,018",1,15,BOYACÁ,15667,Municipio,-73.168076,4.81976,
8201,SAN LUIS DE SINCÉ,"1,985",4,70,SUCRE,70742,Municipio,-75.145999,9.244308,
8202,SAN LUIS DE SINCÉ,"1,986",1,70,SUCRE,70742,Municipio,-75.145999,9.244308,
8203,SAN LUIS DE SINCÉ,"1,987",1,70,SUCRE,70742,Municipio,-75.145999,9.244308,
8204,SAN LUIS DE SINCÉ,"1,989",3,70,SUCRE,70742,Municipio,-75.145999,9.244308,
8205,SAN LUIS DE SINCÉ,"1,992",1,70,SUCRE,70742,Municipio,-75.145999,9.244308,
8206,SAN LUIS DE SINCÉ,"1,994",1,70,SUCRE,70742,Municipio,-75.145999,9.244308,
8207,SAN LUIS DE SINCÉ,"1,995",1,70,SUCRE,70742,Municipio,-75.145999,9.244308,
8208,SAN LUIS DE SINCÉ,"1,997",2,70,SUCRE,70742,Municipio,-75.145999,9.244308,
8209,SAN LUIS DE SINCÉ,"2,000",1,70,SUCRE,70742,Municipio,-75.145999,9.244308,
8210,SAN LUIS DE SINCÉ,"2,002",1,70,SUCRE,70742,Municipio,-75.145999,9.244308,
8211,SAN LUIS DE SINCÉ,"2,005",1,70,SUCRE,70742,Municipio,-75.145999,9.244308,
8212,SAN LUIS DE SINCÉ,"2,006",1,70,SUCRE,70742,Municipio,-75.145999,9.244308,
8213,SAN LUIS DE SINCÉ,"2,008",1,70,SUCRE,70742,Municipio,-75.145999,9.244308,
8214,SAN LUIS DE SINCÉ,"2,011",1,70,SUCRE,70742,Municipio,-75.145999,9.244308,
8215,SAN LUIS DE SINCÉ,"2,012",1,70,SUCRE,70742,Municipio,-75.145999,9.244308,
8216,SAN LUIS DE SINCÉ,"2,013",2,70,SUCRE,70742,Municipio,-75.145999,9.244308,
8217,SAN LUIS DE SINCÉ,"2,014",1,70,SUCRE,70742,Municipio,-75.145999,9.244308,
8218,SAN LUIS DE SINCÉ,"2,015",1,70,SUCRE,70742,Municipio,-75.145999,9.244308,
8219,SAN LUIS DE SINCÉ,"2,018",2,70,SUCRE,70742,Municipio,-75.145999,9.244308,
8220,SAN LUIS DE SINCÉ,"2,019",2,70,SUCRE,70742,Municipio,-75.145999,9.244308,
8221,SAN MARCOS,"1,985",1,70,SUCRE,70708,Municipio,-75.133831,8.661774,
8222,SAN MARCOS,"1,987",1,70,SUCRE,70708,Municipio,-75.133831,8.661774,
8223,SAN MARCOS,"1,988",1,70,SUCRE,70708,Municipio,-75.133831,8.661774,
8224,SAN MARCOS,"1,989",1,70,SUCRE,70708,Municipio,-75.133831,8.661774,
8225,SAN MARCOS,"1,995",2,70,SUCRE,70708,Municipio,-75.133831,8.661774,
8226,SAN MARCOS,"1,996",2,70,SUCRE,70708,Municipio,-75.133831,8.661774,
8227,SAN MARCOS,"1,999",1,70,SUCRE,70708,Municipio,-75.133831,8.661774,
8228,SAN MARCOS,"2,002",2,70,SUCRE,70708,Municipio,-75.133831,8.661774,
8229,SAN MARCOS,"2,008",2,70,SUCRE,70708,Municipio,-75.133831,8.661774,
8230,SAN MARCOS,"2,009",1,70,SUCRE,70708,Municipio,-75.133831,8.661774,
8231,SAN MARCOS,"2,013",1,70,SUCRE,70708,Municipio,-75.133831,8.661774,
8232,SAN MARCOS,"2,014",1,70,SUCRE,70708,Municipio,-75.133831,8.661774,
8233,SAN MARCOS,"2,016",1,70,SUCRE,70708,Municipio,-75.133831,8.661774,
8234,SAN MARCOS,"2,019",1,70,SUCRE,70708,Municipio,-75.133831,8.661774,
8235,SAN MARTÍN,"1,986",1,20,CESAR,20770,Municipio,-73.510914,7.999855,
8236,SAN MARTÍN,"1,986",1,50,META,50689,Municipio,-73.695812,3.701899,
8237,SAN MARTÍN,"1,994",1,20,CESAR,20770,Municipio,-73.510914,7.999855,
8238,SAN MARTÍN,"1,994",1,50,META,50689,Municipio,-73.695812,3.701899,
8239,SAN MARTÍN,"1,998",2,20,CESAR,20770,Municipio,-73.510914,7.999855,
8240,SAN MARTÍN,"1,998",2,50,META,50689,Municipio,-73.695812,3.701899,
8241,SAN MARTÍN,"2,000",1,20,CESAR,20770,Municipio,-73.510914,7.999855,
8242,SAN MARTÍN,"2,000",1,50,META,50689,Municipio,-73.695812,3.701899,
8243,SAN MARTÍN,"2,003",1,20,CESAR,20770,Municipio,-73.510914,7.999855,
8244,SAN MARTÍN,"2,003",1,50,META,50689,Municipio,-73.695812,3.701899,
8245,SAN MARTÍN,"2,004",2,20,CESAR,20770,Municipio,-73.510914,7.999855,
8246,SAN MARTÍN,"2,004",2,50,META,50689,Municipio,-73.695812,3.701899,
8247,SAN MARTÍN,"2,005",1,20,CESAR,20770,Municipio,-73.510914,7.999855,
8248,SAN MARTÍN,"2,005",1,50,META,50689,Municipio,-73.695812,3.701899,
8249,SAN MARTÍN,"2,006",2,20,CESAR,20770,Municipio,-73.510914,7.999855,
8250,SAN MARTÍN,"2,006",2,50,META,50689,Municipio,-73.695812,3.701899,
8251,SAN MARTÍN,"2,007",1,20,CESAR,20770,Municipio,-73.510914,7.999855,
8252,SAN MARTÍN,"2,007",1,50,META,50689,Municipio,-73.695812,3.701899,
8253,SAN MARTÍN,"2,009",1,20,CESAR,20770,Municipio,-73.510914,7.999855,
8254,SAN MARTÍN,"2,009",1,50,META,50689,Municipio,-73.695812,3.701899,
8255,SAN MARTÍN,"2,010",3,20,CESAR,20770,Municipio,-73.510914,7.999855,
8256,SAN MARTÍN,"2,010",3,50,META,50689,Municipio,-73.695812,3.701899,
8257,SAN MARTÍN,"2,012",2,20,CESAR,20770,Municipio,-73.510914,7.999855,
8258,SAN MARTÍN,"2,012",2,50,META,50689,Municipio,-73.695812,3.701899,
8259,SAN MARTÍN,"2,016",1,20,CESAR,20770,Municipio,-73.510914,7.999855,
8260,SAN MARTÍN,"2,016",1,50,META,50689,Municipio,-73.695812,3.701899,
8261,SAN MARTÍN,"2,017",2,20,CESAR,20770,Municipio,-73.510914,7.999855,
8262,SAN MARTÍN,"2,017",2,50,META,50689,Municipio,-73.695812,3.701899,
8263,SAN MARTÍN,"2,019",1,20,CESAR,20770,Municipio,-73.510914,7.999855,
8264,SAN MARTÍN,"2,019",1,50,META,50689,Municipio,-73.695812,3.701899,
8265,SAN MARTÍN DE LOBA,"1,999",1,13,BOLÍVAR,13667,Municipio,-74.039134,8.937485,
8266,SAN MARTÍN DE LOBA,"2,018",1,13,BOLÍVAR,13667,Municipio,-74.039134,8.937485,
8267,SAN MATEO,"2,005",1,15,BOYACÁ,15673,Municipio,-72.555264,6.401683,
8268,SAN MIGUEL,"2,018",1,68,SANTANDER,68686,Municipio,-72.644123,6.575315,
8269,SAN MIGUEL,"2,018",1,86,PUTUMAYO,86757,Municipio,-76.91217,0.34346,
8270,SAN MIGUEL DE SEMA,"1,999",1,15,BOYACÁ,15676,Municipio,-73.722009,5.518083,
8271,SAN MIGUEL DE SEMA,"2,000",1,15,BOYACÁ,15676,Municipio,-73.722009,5.518083,
8272,SAN MIGUEL DE SEMA,"2,004",1,15,BOYACÁ,15676,Municipio,-73.722009,5.518083,
8273,SAN MIGUEL DE SEMA,"2,016",1,15,BOYACÁ,15676,Municipio,-73.722009,5.518083,
8274,SAN ONOFRE,"1,988",1,70,SUCRE,70713,Municipio,-75.522398,9.736955,
8275,SAN ONOFRE,"1,994",1,70,SUCRE,70713,Municipio,-75.522398,9.736955,
8276,SAN ONOFRE,"1,995",2,70,SUCRE,70713,Municipio,-75.522398,9.736955,
8277,SAN ONOFRE,"1,996",1,70,SUCRE,70713,Municipio,-75.522398,9.736955,
8278,SAN ONOFRE,"2,000",1,70,SUCRE,70713,Municipio,-75.522398,9.736955,
8279,SAN ONOFRE,"2,003",1,70,SUCRE,70713,Municipio,-75.522398,9.736955,
8280,SAN ONOFRE,"2,005",1,70,SUCRE,70713,Municipio,-75.522398,9.736955,
8281,SAN ONOFRE,"2,006",2,70,SUCRE,70713,Municipio,-75.522398,9.736955,
8282,SAN ONOFRE,"2,010",1,70,SUCRE,70713,Municipio,-75.522398,9.736955,
8283,SAN ONOFRE,"2,011",2,70,SUCRE,70713,Municipio,-75.522398,9.736955,
8284,SAN ONOFRE,"2,013",1,70,SUCRE,70713,Municipio,-75.522398,9.736955,
8285,SAN ONOFRE,"2,014",1,70,SUCRE,70713,Municipio,-75.522398,9.736955,
8286,SAN ONOFRE,"2,015",1,70,SUCRE,70713,Municipio,-75.522398,9.736955,
8287,SAN ONOFRE,"2,019",1,70,SUCRE,70713,Municipio,-75.522398,9.736955,
8288,SAN PABLO,"1,989",1,13,BOLÍVAR,13670,Municipio,-73.924602,7.476747,
8289,SAN PABLO,"1,989",1,52,NARIÑO,52693,Municipio,-77.013984,1.669429,
8290,SAN PABLO,"1,993",1,13,BOLÍVAR,13670,Municipio,-73.924602,7.476747,
8291,SAN PABLO,"1,993",1,52,NARIÑO,52693,Municipio,-77.013984,1.669429,
8292,SAN PABLO,"1,994",1,13,BOLÍVAR,13670,Municipio,-73.924602,7.476747,
8293,SAN PABLO,"1,994",1,52,NARIÑO,52693,Municipio,-77.013984,1.669429,
8294,SAN PABLO,"2,004",3,13,BOLÍVAR,13670,Municipio,-73.924602,7.476747,
8295,SAN PABLO,"2,004",3,52,NARIÑO,52693,Municipio,-77.013984,1.669429,
8296,SAN PABLO,"2,005",2,13,BOLÍVAR,13670,Municipio,-73.924602,7.476747,
8297,SAN PABLO,"2,005",2,52,NARIÑO,52693,Municipio,-77.013984,1.669429,
8298,SAN PABLO,"2,006",1,13,BOLÍVAR,13670,Municipio,-73.924602,7.476747,
8299,SAN PABLO,"2,006",1,52,NARIÑO,52693,Municipio,-77.013984,1.669429,
8300,SAN PABLO,"2,008",1,13,BOLÍVAR,13670,Municipio,-73.924602,7.476747,
8301,SAN PABLO,"2,008",1,52,NARIÑO,52693,Municipio,-77.013984,1.669429,
8302,SAN PABLO,"2,010",2,13,BOLÍVAR,13670,Municipio,-73.924602,7.476747,
8303,SAN PABLO,"2,010",2,52,NARIÑO,52693,Municipio,-77.013984,1.669429,
8304,SAN PABLO,"2,014",2,13,BOLÍVAR,13670,Municipio,-73.924602,7.476747,
8305,SAN PABLO,"2,014",2,52,NARIÑO,52693,Municipio,-77.013984,1.669429,
8306,SAN PABLO,"2,015",1,13,BOLÍVAR,13670,Municipio,-73.924602,7.476747,
8307,SAN PABLO,"2,015",1,52,NARIÑO,52693,Municipio,-77.013984,1.669429,
8308,SAN PABLO,"2,016",1,13,BOLÍVAR,13670,Municipio,-73.924602,7.476747,
8309,SAN PABLO,"2,016",1,52,NARIÑO,52693,Municipio,-77.013984,1.669429,
8310,SAN PABLO,"2,017",3,13,BOLÍVAR,13670,Municipio,-73.924602,7.476747,
8311,SAN PABLO,"2,017",3,52,NARIÑO,52693,Municipio,-77.013984,1.669429,
8312,SAN PABLO,"2,019",2,13,BOLÍVAR,13670,Municipio,-73.924602,7.476747,
8313,SAN PABLO,"2,019",2,52,NARIÑO,52693,Municipio,-77.013984,1.669429,
8314,SAN PABLO DE BORBUR,"2,012",1,15,BOYACÁ,15681,Municipio,-74.069963,5.650743,
8315,SAN PABLO DE BORBUR,"2,016",1,15,BOYACÁ,15681,Municipio,-74.069963,5.650743,
8316,SAN PABLO DE BORBUR,"2,019",1,15,BOYACÁ,15681,Municipio,-74.069963,5.650743,
8317,SAN PEDRO,"1,993",2,70,SUCRE,70717,Municipio,-75.063647,9.39625,
8318,SAN PEDRO,"1,993",2,76,VALLE DEL CAUCA,76670,Municipio,-76.228692,3.995073,
8319,SAN PEDRO,"1,995",1,70,SUCRE,70717,Municipio,-75.063647,9.39625,
8320,SAN PEDRO,"1,995",1,76,VALLE DEL CAUCA,76670,Municipio,-76.228692,3.995073,
8321,SAN PEDRO,"1,996",1,70,SUCRE,70717,Municipio,-75.063647,9.39625,
8322,SAN PEDRO,"1,996",1,76,VALLE DEL CAUCA,76670,Municipio,-76.228692,3.995073,
8323,SAN PEDRO,"1,998",3,70,SUCRE,70717,Municipio,-75.063647,9.39625,
8324,SAN PEDRO,"1,998",3,76,VALLE DEL CAUCA,76670,Municipio,-76.228692,3.995073,
8325,SAN PEDRO,"2,001",1,70,SUCRE,70717,Municipio,-75.063647,9.39625,
8326,SAN PEDRO,"2,001",1,76,VALLE DEL CAUCA,76670,Municipio,-76.228692,3.995073,
8327,SAN PEDRO,"2,002",2,70,SUCRE,70717,Municipio,-75.063647,9.39625,
8328,SAN PEDRO,"2,002",2,76,VALLE DEL CAUCA,76670,Municipio,-76.228692,3.995073,
8329,SAN PEDRO,"2,003",1,70,SUCRE,70717,Municipio,-75.063647,9.39625,
8330,SAN PEDRO,"2,003",1,76,VALLE DEL CAUCA,76670,Municipio,-76.228692,3.995073,
8331,SAN PEDRO,"2,013",1,70,SUCRE,70717,Municipio,-75.063647,9.39625,
8332,SAN PEDRO,"2,013",1,76,VALLE DEL CAUCA,76670,Municipio,-76.228692,3.995073,
8333,SAN PEDRO,"2,014",2,70,SUCRE,70717,Municipio,-75.063647,9.39625,
8334,SAN PEDRO,"2,014",2,76,VALLE DEL CAUCA,76670,Municipio,-76.228692,3.995073,
8335,SAN PEDRO,"2,015",1,70,SUCRE,70717,Municipio,-75.063647,9.39625,
8336,SAN PEDRO,"2,015",1,76,VALLE DEL CAUCA,76670,Municipio,-76.228692,3.995073,
8337,SAN PEDRO,"2,016",2,70,SUCRE,70717,Municipio,-75.063647,9.39625,
8338,SAN PEDRO,"2,016",2,76,VALLE DEL CAUCA,76670,Municipio,-76.228692,3.995073,
8339,SAN PEDRO,"2,018",1,70,SUCRE,70717,Municipio,-75.063647,9.39625,
8340,SAN PEDRO,"2,018",1,76,VALLE DEL CAUCA,76670,Municipio,-76.228692,3.995073,
8341,SAN PEDRO,"2,019",2,70,SUCRE,70717,Municipio,-75.063647,9.39625,
8342,SAN PEDRO,"2,019",2,76,VALLE DEL CAUCA,76670,Municipio,-76.228692,3.995073,
8343,SAN PEDRO DE CARTAGO,"2,014",1,52,NARIÑO,52694,Municipio,-77.11941,1.551572,
8344,SAN PEDRO DE LOS MILAGROS,"1,986",1,5,ANTIOQUIA,5664,Municipio,-75.556743,6.46012,
8345,SAN PEDRO DE LOS MILAGROS,"1,994",2,5,ANTIOQUIA,5664,Municipio,-75.556743,6.46012,
8346,SAN PEDRO DE LOS MILAGROS,"1,995",1,5,ANTIOQUIA,5664,Municipio,-75.556743,6.46012,
8347,SAN PEDRO DE LOS MILAGROS,"1,998",2,5,ANTIOQUIA,5664,Municipio,-75.556743,6.46012,
8348,SAN PEDRO DE LOS MILAGROS,"2,001",1,5,ANTIOQUIA,5664,Municipio,-75.556743,6.46012,
8349,SAN PEDRO DE LOS MILAGROS,"2,003",3,5,ANTIOQUIA,5664,Municipio,-75.556743,6.46012,
8350,SAN PEDRO DE LOS MILAGROS,"2,006",1,5,ANTIOQUIA,5664,Municipio,-75.556743,6.46012,
8351,SAN PEDRO DE LOS MILAGROS,"2,007",1,5,ANTIOQUIA,5664,Municipio,-75.556743,6.46012,
8352,SAN PEDRO DE LOS MILAGROS,"2,009",3,5,ANTIOQUIA,5664,Municipio,-75.556743,6.46012,
8353,SAN PEDRO DE LOS MILAGROS,"2,011",2,5,ANTIOQUIA,5664,Municipio,-75.556743,6.46012,
8354,SAN PEDRO DE LOS MILAGROS,"2,012",1,5,ANTIOQUIA,5664,Municipio,-75.556743,6.46012,
8355,SAN PEDRO DE LOS MILAGROS,"2,015",2,5,ANTIOQUIA,5664,Municipio,-75.556743,6.46012,
8356,SAN PEDRO DE LOS MILAGROS,"2,016",1,5,ANTIOQUIA,5664,Municipio,-75.556743,6.46012,
8357,SAN PEDRO DE LOS MILAGROS,"2,017",1,5,ANTIOQUIA,5664,Municipio,-75.556743,6.46012,
8358,SAN PEDRO DE LOS MILAGROS,"2,018",1,5,ANTIOQUIA,5664,Municipio,-75.556743,6.46012,
8359,SAN PEDRO DE LOS MILAGROS,"2,019",1,5,ANTIOQUIA,5664,Municipio,-75.556743,6.46012,
8360,SAN PEDRO DE URABÁ,"2,002",1,5,ANTIOQUIA,5665,Municipio,-76.380567,8.276884,
8361,SAN PEDRO DE URABÁ,"2,006",1,5,ANTIOQUIA,5665,Municipio,-76.380567,8.276884,
8362,SAN PEDRO DE URABÁ,"2,012",1,5,ANTIOQUIA,5665,Municipio,-76.380567,8.276884,
8363,SAN PEDRO DE URABÁ,"2,013",1,5,ANTIOQUIA,5665,Municipio,-76.380567,8.276884,
8364,SAN PEDRO DE URABÁ,"2,015",1,5,ANTIOQUIA,5665,Municipio,-76.380567,8.276884,
8365,SAN PEDRO DE URABÁ,"2,017",2,5,ANTIOQUIA,5665,Municipio,-76.380567,8.276884,
8366,SAN PEDRO DE URABÁ,"2,018",2,5,ANTIOQUIA,5665,Municipio,-76.380567,8.276884,
8367,SAN PEDRO DE URABÁ,"2,019",2,5,ANTIOQUIA,5665,Municipio,-76.380567,8.276884,
8368,SAN PELAYO,"1,986",1,23,CÓRDOBA,23686,Municipio,-75.835615,8.958436,
8369,SAN PELAYO,"1,992",1,23,CÓRDOBA,23686,Municipio,-75.835615,8.958436,
8370,SAN PELAYO,"1,996",1,23,CÓRDOBA,23686,Municipio,-75.835615,8.958436,
8371,SAN PELAYO,"1,997",1,23,CÓRDOBA,23686,Municipio,-75.835615,8.958436,
8372,SAN PELAYO,"1,998",1,23,CÓRDOBA,23686,Municipio,-75.835615,8.958436,
8373,SAN PELAYO,"1,999",1,23,CÓRDOBA,23686,Municipio,-75.835615,8.958436,
8374,SAN PELAYO,"2,005",1,23,CÓRDOBA,23686,Municipio,-75.835615,8.958436,
8375,SAN PELAYO,"2,006",1,23,CÓRDOBA,23686,Municipio,-75.835615,8.958436,
8376,SAN PELAYO,"2,012",1,23,CÓRDOBA,23686,Municipio,-75.835615,8.958436,
8377,SAN PELAYO,"2,014",1,23,CÓRDOBA,23686,Municipio,-75.835615,8.958436,
8378,SAN PELAYO,"2,016",1,23,CÓRDOBA,23686,Municipio,-75.835615,8.958436,
8379,SAN RAFAEL,"1,985",1,5,ANTIOQUIA,5667,Municipio,-75.02849,6.293759,
8380,SAN RAFAEL,"1,986",2,5,ANTIOQUIA,5667,Municipio,-75.02849,6.293759,
8381,SAN RAFAEL,"1,988",1,5,ANTIOQUIA,5667,Municipio,-75.02849,6.293759,
8382,SAN RAFAEL,"1,990",1,5,ANTIOQUIA,5667,Municipio,-75.02849,6.293759,
8383,SAN RAFAEL,"2,000",1,5,ANTIOQUIA,5667,Municipio,-75.02849,6.293759,
8384,SAN RAFAEL,"2,005",3,5,ANTIOQUIA,5667,Municipio,-75.02849,6.293759,
8385,SAN RAFAEL,"2,006",1,5,ANTIOQUIA,5667,Municipio,-75.02849,6.293759,
8386,SAN RAFAEL,"2,015",1,5,ANTIOQUIA,5667,Municipio,-75.02849,6.293759,
8387,SAN RAFAEL,"2,018",2,5,ANTIOQUIA,5667,Municipio,-75.02849,6.293759,
8388,SAN RAFAEL,"2,019",1,5,ANTIOQUIA,5667,Municipio,-75.02849,6.293759,
8389,SAN ROQUE,"1,990",1,5,ANTIOQUIA,5670,Municipio,-75.019109,6.485939,
8390,SAN ROQUE,"1,993",1,5,ANTIOQUIA,5670,Municipio,-75.019109,6.485939,
8391,SAN ROQUE,"1,996",1,5,ANTIOQUIA,5670,Municipio,-75.019109,6.485939,
8392,SAN ROQUE,"1,997",2,5,ANTIOQUIA,5670,Municipio,-75.019109,6.485939,
8393,SAN ROQUE,"1,998",2,5,ANTIOQUIA,5670,Municipio,-75.019109,6.485939,
8394,SAN ROQUE,"2,001",1,5,ANTIOQUIA,5670,Municipio,-75.019109,6.485939,
8395,SAN ROQUE,"2,004",1,5,ANTIOQUIA,5670,Municipio,-75.019109,6.485939,
8396,SAN ROQUE,"2,006",1,5,ANTIOQUIA,5670,Municipio,-75.019109,6.485939,
8397,SAN ROQUE,"2,007",1,5,ANTIOQUIA,5670,Municipio,-75.019109,6.485939,
8398,SAN ROQUE,"2,008",2,5,ANTIOQUIA,5670,Municipio,-75.019109,6.485939,
8399,SAN ROQUE,"2,012",1,5,ANTIOQUIA,5670,Municipio,-75.019109,6.485939,
8400,SAN ROQUE,"2,017",1,5,ANTIOQUIA,5670,Municipio,-75.019109,6.485939,
8401,SAN SEBASTIÁN,"1,991",1,19,CAUCA,19693,Municipio,-76.769467,1.838451,
8402,SAN SEBASTIÁN,"2,004",1,19,CAUCA,19693,Municipio,-76.769467,1.838451,
8403,SAN SEBASTIÁN,"2,013",1,19,CAUCA,19693,Municipio,-76.769467,1.838451,
8404,SAN SEBASTIÁN DE BUENAVISTA,"2,001",1,47,MAGDALENA,47692,Municipio,-74.351498,9.241656,
8405,SAN SEBASTIÁN DE BUENAVISTA,"2,007",1,47,MAGDALENA,47692,Municipio,-74.351498,9.241656,
8406,SAN SEBASTIÁN DE BUENAVISTA,"2,015",1,47,MAGDALENA,47692,Municipio,-74.351498,9.241656,
8407,SAN SEBASTIÁN DE MARIQUITA,"1,987",1,73,TOLIMA,73443,Municipio,-74.889276,5.199708,
8408,SAN SEBASTIÁN DE MARIQUITA,"1,989",1,73,TOLIMA,73443,Municipio,-74.889276,5.199708,
8409,SAN SEBASTIÁN DE MARIQUITA,"1,992",1,73,TOLIMA,73443,Municipio,-74.889276,5.199708,
8410,SAN SEBASTIÁN DE MARIQUITA,"1,993",3,73,TOLIMA,73443,Municipio,-74.889276,5.199708,
8411,SAN SEBASTIÁN DE MARIQUITA,"1,994",1,73,TOLIMA,73443,Municipio,-74.889276,5.199708,
8412,SAN SEBASTIÁN DE MARIQUITA,"1,995",1,73,TOLIMA,73443,Municipio,-74.889276,5.199708,
8413,SAN SEBASTIÁN DE MARIQUITA,"1,997",2,73,TOLIMA,73443,Municipio,-74.889276,5.199708,
8414,SAN SEBASTIÁN DE MARIQUITA,"1,998",2,73,TOLIMA,73443,Municipio,-74.889276,5.199708,
8415,SAN SEBASTIÁN DE MARIQUITA,"1,999",1,73,TOLIMA,73443,Municipio,-74.889276,5.199708,
8416,SAN SEBASTIÁN DE MARIQUITA,"2,001",2,73,TOLIMA,73443,Municipio,-74.889276,5.199708,
8417,SAN SEBASTIÁN DE MARIQUITA,"2,002",1,73,TOLIMA,73443,Municipio,-74.889276,5.199708,
8418,SAN SEBASTIÁN DE MARIQUITA,"2,003",2,73,TOLIMA,73443,Municipio,-74.889276,5.199708,
8419,SAN SEBASTIÁN DE MARIQUITA,"2,004",2,73,TOLIMA,73443,Municipio,-74.889276,5.199708,
8420,SAN SEBASTIÁN DE MARIQUITA,"2,005",1,73,TOLIMA,73443,Municipio,-74.889276,5.199708,
8421,SAN SEBASTIÁN DE MARIQUITA,"2,006",4,73,TOLIMA,73443,Municipio,-74.889276,5.199708,
8422,SAN SEBASTIÁN DE MARIQUITA,"2,007",3,73,TOLIMA,73443,Municipio,-74.889276,5.199708,
8423,SAN SEBASTIÁN DE MARIQUITA,"2,008",2,73,TOLIMA,73443,Municipio,-74.889276,5.199708,
8424,SAN SEBASTIÁN DE MARIQUITA,"2,010",1,73,TOLIMA,73443,Municipio,-74.889276,5.199708,
8425,SAN SEBASTIÁN DE MARIQUITA,"2,011",1,73,TOLIMA,73443,Municipio,-74.889276,5.199708,
8426,SAN SEBASTIÁN DE MARIQUITA,"2,012",3,73,TOLIMA,73443,Municipio,-74.889276,5.199708,
8427,SAN SEBASTIÁN DE MARIQUITA,"2,013",1,73,TOLIMA,73443,Municipio,-74.889276,5.199708,
8428,SAN SEBASTIÁN DE MARIQUITA,"2,014",1,73,TOLIMA,73443,Municipio,-74.889276,5.199708,
8429,SAN SEBASTIÁN DE MARIQUITA,"2,015",2,73,TOLIMA,73443,Municipio,-74.889276,5.199708,
8430,SAN SEBASTIÁN DE MARIQUITA,"2,016",1,73,TOLIMA,73443,Municipio,-74.889276,5.199708,
8431,SAN SEBASTIÁN DE MARIQUITA,"2,018",1,73,TOLIMA,73443,Municipio,-74.889276,5.199708,
8432,SAN SEBASTIÁN DE MARIQUITA,"2,019",3,73,TOLIMA,73443,Municipio,-74.889276,5.199708,
8433,SAN VICENTE DE CHUCURÍ,"1,987",1,68,SANTANDER,68689,Municipio,-73.411024,6.880383,
8434,SAN VICENTE DE CHUCURÍ,"1,991",1,68,SANTANDER,68689,Municipio,-73.411024,6.880383,
8435,SAN VICENTE DE CHUCURÍ,"1,993",3,68,SANTANDER,68689,Municipio,-73.411024,6.880383,
8436,SAN VICENTE DE CHUCURÍ,"1,994",1,68,SANTANDER,68689,Municipio,-73.411024,6.880383,
8437,SAN VICENTE DE CHUCURÍ,"1,999",1,68,SANTANDER,68689,Municipio,-73.411024,6.880383,
8438,SAN VICENTE DE CHUCURÍ,"2,001",2,68,SANTANDER,68689,Municipio,-73.411024,6.880383,
8439,SAN VICENTE DE CHUCURÍ,"2,003",1,68,SANTANDER,68689,Municipio,-73.411024,6.880383,
8440,SAN VICENTE DE CHUCURÍ,"2,005",1,68,SANTANDER,68689,Municipio,-73.411024,6.880383,
8441,SAN VICENTE DE CHUCURÍ,"2,006",1,68,SANTANDER,68689,Municipio,-73.411024,6.880383,
8442,SAN VICENTE DE CHUCURÍ,"2,008",1,68,SANTANDER,68689,Municipio,-73.411024,6.880383,
8443,SAN VICENTE DE CHUCURÍ,"2,011",1,68,SANTANDER,68689,Municipio,-73.411024,6.880383,
8444,SAN VICENTE DE CHUCURÍ,"2,012",1,68,SANTANDER,68689,Municipio,-73.411024,6.880383,
8445,SAN VICENTE DE CHUCURÍ,"2,013",1,68,SANTANDER,68689,Municipio,-73.411024,6.880383,
8446,SAN VICENTE DE CHUCURÍ,"2,014",1,68,SANTANDER,68689,Municipio,-73.411024,6.880383,
8447,SAN VICENTE DE CHUCURÍ,"2,017",2,68,SANTANDER,68689,Municipio,-73.411024,6.880383,
8448,SAN VICENTE DE CHUCURÍ,"2,019",3,68,SANTANDER,68689,Municipio,-73.411024,6.880383,
8449,SAN VICENTE DEL CAGUÁN,"1,994",1,18,CAQUETÁ,18753,Municipio,-74.767894,2.119413,
8450,SAN VICENTE DEL CAGUÁN,"1,997",1,18,CAQUETÁ,18753,Municipio,-74.767894,2.119413,
8451,SAN VICENTE DEL CAGUÁN,"2,001",1,18,CAQUETÁ,18753,Municipio,-74.767894,2.119413,
8452,SAN VICENTE DEL CAGUÁN,"2,003",1,18,CAQUETÁ,18753,Municipio,-74.767894,2.119413,
8453,SAN VICENTE DEL CAGUÁN,"2,004",1,18,CAQUETÁ,18753,Municipio,-74.767894,2.119413,
8454,SAN VICENTE DEL CAGUÁN,"2,007",1,18,CAQUETÁ,18753,Municipio,-74.767894,2.119413,
8455,SAN VICENTE DEL CAGUÁN,"2,009",1,18,CAQUETÁ,18753,Municipio,-74.767894,2.119413,
8456,SAN VICENTE DEL CAGUÁN,"2,010",1,18,CAQUETÁ,18753,Municipio,-74.767894,2.119413,
8457,SAN VICENTE FERRER,"1,989",1,5,ANTIOQUIA,5674,Municipio,-75.332616,6.282164,
8458,SAN VICENTE FERRER,"1,993",1,5,ANTIOQUIA,5674,Municipio,-75.332616,6.282164,
8459,SAN VICENTE FERRER,"1,997",2,5,ANTIOQUIA,5674,Municipio,-75.332616,6.282164,
8460,SAN VICENTE FERRER,"1,998",2,5,ANTIOQUIA,5674,Municipio,-75.332616,6.282164,
8461,SAN VICENTE FERRER,"2,001",1,5,ANTIOQUIA,5674,Municipio,-75.332616,6.282164,
8462,SAN VICENTE FERRER,"2,004",1,5,ANTIOQUIA,5674,Municipio,-75.332616,6.282164,
8463,SAN VICENTE FERRER,"2,006",2,5,ANTIOQUIA,5674,Municipio,-75.332616,6.282164,
8464,SAN VICENTE FERRER,"2,007",2,5,ANTIOQUIA,5674,Municipio,-75.332616,6.282164,
8465,SAN VICENTE FERRER,"2,011",1,5,ANTIOQUIA,5674,Municipio,-75.332616,6.282164,
8466,SAN VICENTE FERRER,"2,012",1,5,ANTIOQUIA,5674,Municipio,-75.332616,6.282164,
8467,SAN VICENTE FERRER,"2,016",1,5,ANTIOQUIA,5674,Municipio,-75.332616,6.282164,
8468,SAN VICENTE FERRER,"2,018",1,5,ANTIOQUIA,5674,Municipio,-75.332616,6.282164,
8469,SAN ZENÓN,"2,009",1,47,MAGDALENA,47703,Municipio,-74.498992,9.245061,
8470,SANDONÁ,"1,986",1,52,NARIÑO,52683,Municipio,-77.47313,1.283438,
8471,SANDONÁ,"1,987",1,52,NARIÑO,52683,Municipio,-77.47313,1.283438,
8472,SANDONÁ,"2,000",1,52,NARIÑO,52683,Municipio,-77.47313,1.283438,
8473,SANDONÁ,"2,006",1,52,NARIÑO,52683,Municipio,-77.47313,1.283438,
8474,SANDONÁ,"2,007",1,52,NARIÑO,52683,Municipio,-77.47313,1.283438,
8475,SANDONÁ,"2,008",1,52,NARIÑO,52683,Municipio,-77.47313,1.283438,
8476,SANDONÁ,"2,010",1,52,NARIÑO,52683,Municipio,-77.47313,1.283438,
8477,SANDONÁ,"2,012",3,52,NARIÑO,52683,Municipio,-77.47313,1.283438,
8478,SANDONÁ,"2,013",1,52,NARIÑO,52683,Municipio,-77.47313,1.283438,
8479,SANDONÁ,"2,015",1,52,NARIÑO,52683,Municipio,-77.47313,1.283438,
8480,SANDONÁ,"2,017",2,52,NARIÑO,52683,Municipio,-77.47313,1.283438,
8481,SANDONÁ,"2,018",1,52,NARIÑO,52683,Municipio,-77.47313,1.283438,
8482,SANDONÁ,"2,019",1,52,NARIÑO,52683,Municipio,-77.47313,1.283438,
8483,SANTA ANA,"1,985",1,47,MAGDALENA,47707,Municipio,-74.566845,9.324294,
8484,SANTA ANA,"1,986",2,47,MAGDALENA,47707,Municipio,-74.566845,9.324294,
8485,SANTA ANA,"1,994",1,47,MAGDALENA,47707,Municipio,-74.566845,9.324294,
8486,SANTA ANA,"2,000",1,47,MAGDALENA,47707,Municipio,-74.566845,9.324294,
8487,SANTA ANA,"2,001",2,47,MAGDALENA,47707,Municipio,-74.566845,9.324294,
8488,SANTA ANA,"2,002",1,47,MAGDALENA,47707,Municipio,-74.566845,9.324294,
8489,SANTA ANA,"2,008",1,47,MAGDALENA,47707,Municipio,-74.566845,9.324294,
8490,SANTA ANA,"2,013",1,47,MAGDALENA,47707,Municipio,-74.566845,9.324294,
8491,SANTA ANA,"2,016",1,47,MAGDALENA,47707,Municipio,-74.566845,9.324294,
8492,SANTA ANA,"2,018",1,47,MAGDALENA,47707,Municipio,-74.566845,9.324294,
8493,SANTA ANA,"2,019",1,47,MAGDALENA,47707,Municipio,-74.566845,9.324294,
8494,SANTA BÁRBARA,"1,985",1,5,ANTIOQUIA,5679,Municipio,-75.567351,5.875527,
8495,SANTA BÁRBARA,"1,985",1,52,NARIÑO,52696,Municipio,-77.979916,2.449653,
8496,SANTA BÁRBARA,"1,985",1,68,SANTANDER,68705,Municipio,-72.907445,6.990996,
8497,SANTA BÁRBARA,"1,986",1,5,ANTIOQUIA,5679,Municipio,-75.567351,5.875527,
8498,SANTA BÁRBARA,"1,986",1,52,NARIÑO,52696,Municipio,-77.979916,2.449653,
8499,SANTA BÁRBARA,"1,986",1,68,SANTANDER,68705,Municipio,-72.907445,6.990996,
8500,SANTA BÁRBARA,"1,987",2,5,ANTIOQUIA,5679,Municipio,-75.567351,5.875527,
8501,SANTA BÁRBARA,"1,987",2,52,NARIÑO,52696,Municipio,-77.979916,2.449653,
8502,SANTA BÁRBARA,"1,987",2,68,SANTANDER,68705,Municipio,-72.907445,6.990996,
8503,SANTA BÁRBARA,"1,989",1,5,ANTIOQUIA,5679,Municipio,-75.567351,5.875527,
8504,SANTA BÁRBARA,"1,989",1,52,NARIÑO,52696,Municipio,-77.979916,2.449653,
8505,SANTA BÁRBARA,"1,989",1,68,SANTANDER,68705,Municipio,-72.907445,6.990996,
8506,SANTA BÁRBARA,"1,990",1,5,ANTIOQUIA,5679,Municipio,-75.567351,5.875527,
8507,SANTA BÁRBARA,"1,990",1,52,NARIÑO,52696,Municipio,-77.979916,2.449653,
8508,SANTA BÁRBARA,"1,990",1,68,SANTANDER,68705,Municipio,-72.907445,6.990996,
8509,SANTA BÁRBARA,"1,991",1,5,ANTIOQUIA,5679,Municipio,-75.567351,5.875527,
8510,SANTA BÁRBARA,"1,991",1,52,NARIÑO,52696,Municipio,-77.979916,2.449653,
8511,SANTA BÁRBARA,"1,991",1,68,SANTANDER,68705,Municipio,-72.907445,6.990996,
8512,SANTA BÁRBARA,"1,992",4,5,ANTIOQUIA,5679,Municipio,-75.567351,5.875527,
8513,SANTA BÁRBARA,"1,992",4,52,NARIÑO,52696,Municipio,-77.979916,2.449653,
8514,SANTA BÁRBARA,"1,992",4,68,SANTANDER,68705,Municipio,-72.907445,6.990996,
8515,SANTA BÁRBARA,"1,993",1,5,ANTIOQUIA,5679,Municipio,-75.567351,5.875527,
8516,SANTA BÁRBARA,"1,993",1,52,NARIÑO,52696,Municipio,-77.979916,2.449653,
8517,SANTA BÁRBARA,"1,993",1,68,SANTANDER,68705,Municipio,-72.907445,6.990996,
8518,SANTA BÁRBARA,"1,994",2,5,ANTIOQUIA,5679,Municipio,-75.567351,5.875527,
8519,SANTA BÁRBARA,"1,994",2,52,NARIÑO,52696,Municipio,-77.979916,2.449653,
8520,SANTA BÁRBARA,"1,994",2,68,SANTANDER,68705,Municipio,-72.907445,6.990996,
8521,SANTA BÁRBARA,"1,995",2,5,ANTIOQUIA,5679,Municipio,-75.567351,5.875527,
8522,SANTA BÁRBARA,"1,995",2,52,NARIÑO,52696,Municipio,-77.979916,2.449653,
8523,SANTA BÁRBARA,"1,995",2,68,SANTANDER,68705,Municipio,-72.907445,6.990996,
8524,SANTA BÁRBARA,"1,996",2,5,ANTIOQUIA,5679,Municipio,-75.567351,5.875527,
8525,SANTA BÁRBARA,"1,996",2,52,NARIÑO,52696,Municipio,-77.979916,2.449653,
8526,SANTA BÁRBARA,"1,996",2,68,SANTANDER,68705,Municipio,-72.907445,6.990996,
8527,SANTA BÁRBARA,"1,999",2,5,ANTIOQUIA,5679,Municipio,-75.567351,5.875527,
8528,SANTA BÁRBARA,"1,999",2,52,NARIÑO,52696,Municipio,-77.979916,2.449653,
8529,SANTA BÁRBARA,"1,999",2,68,SANTANDER,68705,Municipio,-72.907445,6.990996,
8530,SANTA BÁRBARA,"2,000",2,5,ANTIOQUIA,5679,Municipio,-75.567351,5.875527,
8531,SANTA BÁRBARA,"2,000",2,52,NARIÑO,52696,Municipio,-77.979916,2.449653,
8532,SANTA BÁRBARA,"2,000",2,68,SANTANDER,68705,Municipio,-72.907445,6.990996,
8533,SANTA BÁRBARA,"2,002",1,5,ANTIOQUIA,5679,Municipio,-75.567351,5.875527,
8534,SANTA BÁRBARA,"2,002",1,52,NARIÑO,52696,Municipio,-77.979916,2.449653,
8535,SANTA BÁRBARA,"2,002",1,68,SANTANDER,68705,Municipio,-72.907445,6.990996,
8536,SANTA BÁRBARA,"2,004",1,5,ANTIOQUIA,5679,Municipio,-75.567351,5.875527,
8537,SANTA BÁRBARA,"2,004",1,52,NARIÑO,52696,Municipio,-77.979916,2.449653,
8538,SANTA BÁRBARA,"2,004",1,68,SANTANDER,68705,Municipio,-72.907445,6.990996,
8539,SANTA BÁRBARA,"2,005",1,5,ANTIOQUIA,5679,Municipio,-75.567351,5.875527,
8540,SANTA BÁRBARA,"2,005",1,52,NARIÑO,52696,Municipio,-77.979916,2.449653,
8541,SANTA BÁRBARA,"2,005",1,68,SANTANDER,68705,Municipio,-72.907445,6.990996,
8542,SANTA BÁRBARA,"2,006",3,5,ANTIOQUIA,5679,Municipio,-75.567351,5.875527,
8543,SANTA BÁRBARA,"2,006",3,52,NARIÑO,52696,Municipio,-77.979916,2.449653,
8544,SANTA BÁRBARA,"2,006",3,68,SANTANDER,68705,Municipio,-72.907445,6.990996,
8545,SANTA BÁRBARA,"2,007",1,5,ANTIOQUIA,5679,Municipio,-75.567351,5.875527,
8546,SANTA BÁRBARA,"2,007",1,52,NARIÑO,52696,Municipio,-77.979916,2.449653,
8547,SANTA BÁRBARA,"2,007",1,68,SANTANDER,68705,Municipio,-72.907445,6.990996,
8548,SANTA BÁRBARA,"2,009",3,5,ANTIOQUIA,5679,Municipio,-75.567351,5.875527,
8549,SANTA BÁRBARA,"2,009",3,52,NARIÑO,52696,Municipio,-77.979916,2.449653,
8550,SANTA BÁRBARA,"2,009",3,68,SANTANDER,68705,Municipio,-72.907445,6.990996,
8551,SANTA BÁRBARA,"2,010",5,5,ANTIOQUIA,5679,Municipio,-75.567351,5.875527,
8552,SANTA BÁRBARA,"2,010",5,52,NARIÑO,52696,Municipio,-77.979916,2.449653,
8553,SANTA BÁRBARA,"2,010",5,68,SANTANDER,68705,Municipio,-72.907445,6.990996,
8554,SANTA BÁRBARA,"2,011",2,5,ANTIOQUIA,5679,Municipio,-75.567351,5.875527,
8555,SANTA BÁRBARA,"2,011",2,52,NARIÑO,52696,Municipio,-77.979916,2.449653,
8556,SANTA BÁRBARA,"2,011",2,68,SANTANDER,68705,Municipio,-72.907445,6.990996,
8557,SANTA BÁRBARA,"2,012",4,5,ANTIOQUIA,5679,Municipio,-75.567351,5.875527,
8558,SANTA BÁRBARA,"2,012",4,52,NARIÑO,52696,Municipio,-77.979916,2.449653,
8559,SANTA BÁRBARA,"2,012",4,68,SANTANDER,68705,Municipio,-72.907445,6.990996,
8560,SANTA BÁRBARA,"2,013",1,5,ANTIOQUIA,5679,Municipio,-75.567351,5.875527,
8561,SANTA BÁRBARA,"2,013",1,52,NARIÑO,52696,Municipio,-77.979916,2.449653,
8562,SANTA BÁRBARA,"2,013",1,68,SANTANDER,68705,Municipio,-72.907445,6.990996,
8563,SANTA BÁRBARA,"2,014",2,5,ANTIOQUIA,5679,Municipio,-75.567351,5.875527,
8564,SANTA BÁRBARA,"2,014",2,52,NARIÑO,52696,Municipio,-77.979916,2.449653,
8565,SANTA BÁRBARA,"2,014",2,68,SANTANDER,68705,Municipio,-72.907445,6.990996,
8566,SANTA BÁRBARA,"2,015",2,5,ANTIOQUIA,5679,Municipio,-75.567351,5.875527,
8567,SANTA BÁRBARA,"2,015",2,52,NARIÑO,52696,Municipio,-77.979916,2.449653,
8568,SANTA BÁRBARA,"2,015",2,68,SANTANDER,68705,Municipio,-72.907445,6.990996,
8569,SANTA BÁRBARA DE PINTO,"2,007",1,47,MAGDALENA,47720,Municipio,-74.704667,9.432263,
8570,SANTA CATALINA,"1,996",1,13,BOLÍVAR,13673,Municipio,-75.287855,10.605294,
8571,SANTA CATALINA,"1,997",1,13,BOLÍVAR,13673,Municipio,-75.287855,10.605294,
8572,SANTA CATALINA,"2,013",1,13,BOLÍVAR,13673,Municipio,-75.287855,10.605294,
8573,SANTA CRUZ DE MOMPOX,"1,985",1,13,BOLÍVAR,13468,Municipio,-74.42818,9.244241,
8574,SANTA CRUZ DE MOMPOX,"1,987",5,13,BOLÍVAR,13468,Municipio,-74.42818,9.244241,
8575,SANTA CRUZ DE MOMPOX,"1,990",1,13,BOLÍVAR,13468,Municipio,-74.42818,9.244241,
8576,SANTA CRUZ DE MOMPOX,"1,991",1,13,BOLÍVAR,13468,Municipio,-74.42818,9.244241,
8577,SANTA CRUZ DE MOMPOX,"1,994",3,13,BOLÍVAR,13468,Municipio,-74.42818,9.244241,
8578,SANTA CRUZ DE MOMPOX,"1,995",3,13,BOLÍVAR,13468,Municipio,-74.42818,9.244241,
8579,SANTA CRUZ DE MOMPOX,"1,996",3,13,BOLÍVAR,13468,Municipio,-74.42818,9.244241,
8580,SANTA CRUZ DE MOMPOX,"1,997",3,13,BOLÍVAR,13468,Municipio,-74.42818,9.244241,
8581,SANTA CRUZ DE MOMPOX,"1,999",1,13,BOLÍVAR,13468,Municipio,-74.42818,9.244241,
8582,SANTA CRUZ DE MOMPOX,"2,000",1,13,BOLÍVAR,13468,Municipio,-74.42818,9.244241,
8583,SANTA CRUZ DE MOMPOX,"2,006",2,13,BOLÍVAR,13468,Municipio,-74.42818,9.244241,
8584,SANTA CRUZ DE MOMPOX,"2,010",2,13,BOLÍVAR,13468,Municipio,-74.42818,9.244241,
8585,SANTA CRUZ DE MOMPOX,"2,012",1,13,BOLÍVAR,13468,Municipio,-74.42818,9.244241,
8586,SANTA CRUZ DE MOMPOX,"2,014",1,13,BOLÍVAR,13468,Municipio,-74.42818,9.244241,
8587,SANTA CRUZ DE MOMPOX,"2,015",1,13,BOLÍVAR,13468,Municipio,-74.42818,9.244241,
8588,SANTA CRUZ DE MOMPOX,"2,019",2,13,BOLÍVAR,13468,Municipio,-74.42818,9.244241,
8589,SANTA FÉ DE ANTIOQUIA,"1,985",1,5,ANTIOQUIA,5042,Municipio,-75.826648,6.556484,
8590,SANTA FÉ DE ANTIOQUIA,"1,992",1,5,ANTIOQUIA,5042,Municipio,-75.826648,6.556484,
8591,SANTA FÉ DE ANTIOQUIA,"1,994",2,5,ANTIOQUIA,5042,Municipio,-75.826648,6.556484,
8592,SANTA FÉ DE ANTIOQUIA,"1,995",1,5,ANTIOQUIA,5042,Municipio,-75.826648,6.556484,
8593,SANTA FÉ DE ANTIOQUIA,"1,998",4,5,ANTIOQUIA,5042,Municipio,-75.826648,6.556484,
8594,SANTA FÉ DE ANTIOQUIA,"1,999",2,5,ANTIOQUIA,5042,Municipio,-75.826648,6.556484,
8595,SANTA FÉ DE ANTIOQUIA,"2,002",1,5,ANTIOQUIA,5042,Municipio,-75.826648,6.556484,
8596,SANTA FÉ DE ANTIOQUIA,"2,003",2,5,ANTIOQUIA,5042,Municipio,-75.826648,6.556484,
8597,SANTA FÉ DE ANTIOQUIA,"2,004",2,5,ANTIOQUIA,5042,Municipio,-75.826648,6.556484,
8598,SANTA FÉ DE ANTIOQUIA,"2,005",1,5,ANTIOQUIA,5042,Municipio,-75.826648,6.556484,
8599,SANTA FÉ DE ANTIOQUIA,"2,007",3,5,ANTIOQUIA,5042,Municipio,-75.826648,6.556484,
8600,SANTA FÉ DE ANTIOQUIA,"2,008",2,5,ANTIOQUIA,5042,Municipio,-75.826648,6.556484,
8601,SANTA FÉ DE ANTIOQUIA,"2,009",1,5,ANTIOQUIA,5042,Municipio,-75.826648,6.556484,
8602,SANTA FÉ DE ANTIOQUIA,"2,010",1,5,ANTIOQUIA,5042,Municipio,-75.826648,6.556484,
8603,SANTA FÉ DE ANTIOQUIA,"2,011",2,5,ANTIOQUIA,5042,Municipio,-75.826648,6.556484,
8604,SANTA FÉ DE ANTIOQUIA,"2,014",1,5,ANTIOQUIA,5042,Municipio,-75.826648,6.556484,
8605,SANTA FÉ DE ANTIOQUIA,"2,015",1,5,ANTIOQUIA,5042,Municipio,-75.826648,6.556484,
8606,SANTA HELENA DEL OPÓN,"2,016",2,68,SANTANDER,68720,Municipio,-73.616716,6.339565,
8607,SANTA ISABEL,"1,985",2,73,TOLIMA,73686,Municipio,-75.097934,4.713606,
8608,SANTA ISABEL,"1,988",1,73,TOLIMA,73686,Municipio,-75.097934,4.713606,
8609,SANTA ISABEL,"1,994",1,73,TOLIMA,73686,Municipio,-75.097934,4.713606,
8610,SANTA ISABEL,"1,999",1,73,TOLIMA,73686,Municipio,-75.097934,4.713606,
8611,SANTA ISABEL,"2,000",1,73,TOLIMA,73686,Municipio,-75.097934,4.713606,
8612,SANTA ISABEL,"2,001",1,73,TOLIMA,73686,Municipio,-75.097934,4.713606,
8613,SANTA ISABEL,"2,003",1,73,TOLIMA,73686,Municipio,-75.097934,4.713606,
8614,SANTA ISABEL,"2,004",1,73,TOLIMA,73686,Municipio,-75.097934,4.713606,
8615,SANTA ISABEL,"2,018",1,73,TOLIMA,73686,Municipio,-75.097934,4.713606,
8616,SANTA MARTA,"1,985",6,47,MAGDALENA,47001,Municipio,-74.199829,11.204679,
8617,SANTA MARTA,"1,986",2,47,MAGDALENA,47001,Municipio,-74.199829,11.204679,
8618,SANTA MARTA,"1,987",10,47,MAGDALENA,47001,Municipio,-74.199829,11.204679,
8619,SANTA MARTA,"1,988",6,47,MAGDALENA,47001,Municipio,-74.199829,11.204679,
8620,SANTA MARTA,"1,989",7,47,MAGDALENA,47001,Municipio,-74.199829,11.204679,
8621,SANTA MARTA,"1,990",7,47,MAGDALENA,47001,Municipio,-74.199829,11.204679,
8622,SANTA MARTA,"1,991",10,47,MAGDALENA,47001,Municipio,-74.199829,11.204679,
8623,SANTA MARTA,"1,992",1,47,MAGDALENA,47001,Municipio,-74.199829,11.204679,
8624,SANTA MARTA,"1,993",7,47,MAGDALENA,47001,Municipio,-74.199829,11.204679,
8625,SANTA MARTA,"1,994",5,47,MAGDALENA,47001,Municipio,-74.199829,11.204679,
8626,SANTA MARTA,"1,995",7,47,MAGDALENA,47001,Municipio,-74.199829,11.204679,
8627,SANTA MARTA,"1,996",8,47,MAGDALENA,47001,Municipio,-74.199829,11.204679,
8628,SANTA MARTA,"1,997",7,47,MAGDALENA,47001,Municipio,-74.199829,11.204679,
8629,SANTA MARTA,"1,998",11,47,MAGDALENA,47001,Municipio,-74.199829,11.204679,
8630,SANTA MARTA,"1,999",17,47,MAGDALENA,47001,Municipio,-74.199829,11.204679,
8631,SANTA MARTA,"2,000",11,47,MAGDALENA,47001,Municipio,-74.199829,11.204679,
8632,SANTA MARTA,"2,001",7,47,MAGDALENA,47001,Municipio,-74.199829,11.204679,
8633,SANTA MARTA,"2,002",13,47,MAGDALENA,47001,Municipio,-74.199829,11.204679,
8634,SANTA MARTA,"2,003",13,47,MAGDALENA,47001,Municipio,-74.199829,11.204679,
8635,SANTA MARTA,"2,004",10,47,MAGDALENA,47001,Municipio,-74.199829,11.204679,
8636,SANTA MARTA,"2,005",22,47,MAGDALENA,47001,Municipio,-74.199829,11.204679,
8637,SANTA MARTA,"2,006",15,47,MAGDALENA,47001,Municipio,-74.199829,11.204679,
8638,SANTA MARTA,"2,007",13,47,MAGDALENA,47001,Municipio,-74.199829,11.204679,
8639,SANTA MARTA,"2,008",24,47,MAGDALENA,47001,Municipio,-74.199829,11.204679,
8640,SANTA MARTA,"2,009",28,47,MAGDALENA,47001,Municipio,-74.199829,11.204679,
8641,SANTA MARTA,"2,010",29,47,MAGDALENA,47001,Municipio,-74.199829,11.204679,
8642,SANTA MARTA,"2,011",21,47,MAGDALENA,47001,Municipio,-74.199829,11.204679,
8643,SANTA MARTA,"2,012",30,47,MAGDALENA,47001,Municipio,-74.199829,11.204679,
8644,SANTA MARTA,"2,013",35,47,MAGDALENA,47001,Municipio,-74.199829,11.204679,
8645,SANTA MARTA,"2,014",44,47,MAGDALENA,47001,Municipio,-74.199829,11.204679,
8646,SANTA MARTA,"2,015",31,47,MAGDALENA,47001,Municipio,-74.199829,11.204679,
8647,SANTA MARTA,"2,016",34,47,MAGDALENA,47001,Municipio,-74.199829,11.204679,
8648,SANTA MARTA,"2,017",35,47,MAGDALENA,47001,Municipio,-74.199829,11.204679,
8649,SANTA MARTA,"2,018",32,47,MAGDALENA,47001,Municipio,-74.199829,11.204679,
8650,SANTA MARTA,"2,019",36,47,MAGDALENA,47001,Municipio,-74.199829,11.204679,
8651,SANTA MARÍA,"1,992",1,15,BOYACÁ,15690,Municipio,-73.263518,4.857193,
8652,SANTA MARÍA,"1,992",1,41,HUILA,41676,Municipio,-75.586223,2.939603,
8653,SANTA MARÍA,"2,005",1,15,BOYACÁ,15690,Municipio,-73.263518,4.857193,
8654,SANTA MARÍA,"2,005",1,41,HUILA,41676,Municipio,-75.586223,2.939603,
8655,SANTA MARÍA,"2,006",1,15,BOYACÁ,15690,Municipio,-73.263518,4.857193,
8656,SANTA MARÍA,"2,006",1,41,HUILA,41676,Municipio,-75.586223,2.939603,
8657,SANTA MARÍA,"2,009",2,15,BOYACÁ,15690,Municipio,-73.263518,4.857193,
8658,SANTA MARÍA,"2,009",2,41,HUILA,41676,Municipio,-75.586223,2.939603,
8659,SANTA MARÍA,"2,011",1,15,BOYACÁ,15690,Municipio,-73.263518,4.857193,
8660,SANTA MARÍA,"2,011",1,41,HUILA,41676,Municipio,-75.586223,2.939603,
8661,SANTA MARÍA,"2,013",1,15,BOYACÁ,15690,Municipio,-73.263518,4.857193,
8662,SANTA MARÍA,"2,013",1,41,HUILA,41676,Municipio,-75.586223,2.939603,
8663,SANTA MARÍA,"2,014",1,15,BOYACÁ,15690,Municipio,-73.263518,4.857193,
8664,SANTA MARÍA,"2,014",1,41,HUILA,41676,Municipio,-75.586223,2.939603,
8665,SANTA MARÍA,"2,016",1,15,BOYACÁ,15690,Municipio,-73.263518,4.857193,
8666,SANTA MARÍA,"2,016",1,41,HUILA,41676,Municipio,-75.586223,2.939603,
8667,SANTA ROSA,"1,995",1,13,BOLÍVAR,13683,Municipio,-75.369824,10.444396,
8668,SANTA ROSA,"1,995",1,19,CAUCA,19701,Municipio,-76.573252,1.700916,
8669,SANTA ROSA,"1,997",1,13,BOLÍVAR,13683,Municipio,-75.369824,10.444396,
8670,SANTA ROSA,"1,997",1,19,CAUCA,19701,Municipio,-76.573252,1.700916,
8671,SANTA ROSA,"2,008",2,13,BOLÍVAR,13683,Municipio,-75.369824,10.444396,
8672,SANTA ROSA,"2,008",2,19,CAUCA,19701,Municipio,-76.573252,1.700916,
8673,SANTA ROSA,"2,010",1,13,BOLÍVAR,13683,Municipio,-75.369824,10.444396,
8674,SANTA ROSA,"2,010",1,19,CAUCA,19701,Municipio,-76.573252,1.700916,
8675,SANTA ROSA,"2,012",1,13,BOLÍVAR,13683,Municipio,-75.369824,10.444396,
8676,SANTA ROSA,"2,012",1,19,CAUCA,19701,Municipio,-76.573252,1.700916,
8677,SANTA ROSA DE CABAL,"1,985",1,66,RISARALDA,66682,Municipio,-75.623268,4.876271,
8678,SANTA ROSA DE CABAL,"1,986",3,66,RISARALDA,66682,Municipio,-75.623268,4.876271,
8679,SANTA ROSA DE CABAL,"1,987",2,66,RISARALDA,66682,Municipio,-75.623268,4.876271,
8680,SANTA ROSA DE CABAL,"1,988",1,66,RISARALDA,66682,Municipio,-75.623268,4.876271,
8681,SANTA ROSA DE CABAL,"1,989",1,66,RISARALDA,66682,Municipio,-75.623268,4.876271,
8682,SANTA ROSA DE CABAL,"1,990",2,66,RISARALDA,66682,Municipio,-75.623268,4.876271,
8683,SANTA ROSA DE CABAL,"1,991",3,66,RISARALDA,66682,Municipio,-75.623268,4.876271,
8684,SANTA ROSA DE CABAL,"1,992",3,66,RISARALDA,66682,Municipio,-75.623268,4.876271,
8685,SANTA ROSA DE CABAL,"1,993",4,66,RISARALDA,66682,Municipio,-75.623268,4.876271,
8686,SANTA ROSA DE CABAL,"1,994",4,66,RISARALDA,66682,Municipio,-75.623268,4.876271,
8687,SANTA ROSA DE CABAL,"1,995",2,66,RISARALDA,66682,Municipio,-75.623268,4.876271,
8688,SANTA ROSA DE CABAL,"1,997",6,66,RISARALDA,66682,Municipio,-75.623268,4.876271,
8689,SANTA ROSA DE CABAL,"1,998",6,66,RISARALDA,66682,Municipio,-75.623268,4.876271,
8690,SANTA ROSA DE CABAL,"1,999",5,66,RISARALDA,66682,Municipio,-75.623268,4.876271,
8691,SANTA ROSA DE CABAL,"2,000",2,66,RISARALDA,66682,Municipio,-75.623268,4.876271,
8692,SANTA ROSA DE CABAL,"2,001",2,66,RISARALDA,66682,Municipio,-75.623268,4.876271,
8693,SANTA ROSA DE CABAL,"2,002",3,66,RISARALDA,66682,Municipio,-75.623268,4.876271,
8694,SANTA ROSA DE CABAL,"2,004",1,66,RISARALDA,66682,Municipio,-75.623268,4.876271,
8695,SANTA ROSA DE CABAL,"2,005",1,66,RISARALDA,66682,Municipio,-75.623268,4.876271,
8696,SANTA ROSA DE CABAL,"2,008",1,66,RISARALDA,66682,Municipio,-75.623268,4.876271,
8697,SANTA ROSA DE CABAL,"2,009",2,66,RISARALDA,66682,Municipio,-75.623268,4.876271,
8698,SANTA ROSA DE CABAL,"2,010",3,66,RISARALDA,66682,Municipio,-75.623268,4.876271,
8699,SANTA ROSA DE CABAL,"2,011",6,66,RISARALDA,66682,Municipio,-75.623268,4.876271,
8700,SANTA ROSA DE CABAL,"2,012",2,66,RISARALDA,66682,Municipio,-75.623268,4.876271,
8701,SANTA ROSA DE CABAL,"2,013",6,66,RISARALDA,66682,Municipio,-75.623268,4.876271,
8702,SANTA ROSA DE CABAL,"2,014",4,66,RISARALDA,66682,Municipio,-75.623268,4.876271,
8703,SANTA ROSA DE CABAL,"2,016",5,66,RISARALDA,66682,Municipio,-75.623268,4.876271,
8704,SANTA ROSA DE CABAL,"2,017",2,66,RISARALDA,66682,Municipio,-75.623268,4.876271,
8705,SANTA ROSA DE CABAL,"2,018",1,66,RISARALDA,66682,Municipio,-75.623268,4.876271,
8706,SANTA ROSA DE CABAL,"2,019",1,66,RISARALDA,66682,Municipio,-75.623268,4.876271,
8707,SANTA ROSA DE OSOS,"1,987",1,5,ANTIOQUIA,5686,Municipio,-75.460723,6.643366,
8708,SANTA ROSA DE OSOS,"1,992",1,5,ANTIOQUIA,5686,Municipio,-75.460723,6.643366,
8709,SANTA ROSA DE OSOS,"1,993",1,5,ANTIOQUIA,5686,Municipio,-75.460723,6.643366,
8710,SANTA ROSA DE OSOS,"1,994",2,5,ANTIOQUIA,5686,Municipio,-75.460723,6.643366,
8711,SANTA ROSA DE OSOS,"1,995",1,5,ANTIOQUIA,5686,Municipio,-75.460723,6.643366,
8712,SANTA ROSA DE OSOS,"1,997",1,5,ANTIOQUIA,5686,Municipio,-75.460723,6.643366,
8713,SANTA ROSA DE OSOS,"1,998",1,5,ANTIOQUIA,5686,Municipio,-75.460723,6.643366,
8714,SANTA ROSA DE OSOS,"2,001",1,5,ANTIOQUIA,5686,Municipio,-75.460723,6.643366,
8715,SANTA ROSA DE OSOS,"2,002",2,5,ANTIOQUIA,5686,Municipio,-75.460723,6.643366,
8716,SANTA ROSA DE OSOS,"2,006",1,5,ANTIOQUIA,5686,Municipio,-75.460723,6.643366,
8717,SANTA ROSA DE OSOS,"2,007",1,5,ANTIOQUIA,5686,Municipio,-75.460723,6.643366,
8718,SANTA ROSA DE OSOS,"2,008",1,5,ANTIOQUIA,5686,Municipio,-75.460723,6.643366,
8719,SANTA ROSA DE OSOS,"2,009",1,5,ANTIOQUIA,5686,Municipio,-75.460723,6.643366,
8720,SANTA ROSA DE OSOS,"2,010",2,5,ANTIOQUIA,5686,Municipio,-75.460723,6.643366,
8721,SANTA ROSA DE OSOS,"2,011",3,5,ANTIOQUIA,5686,Municipio,-75.460723,6.643366,
8722,SANTA ROSA DE OSOS,"2,013",1,5,ANTIOQUIA,5686,Municipio,-75.460723,6.643366,
8723,SANTA ROSA DE OSOS,"2,014",1,5,ANTIOQUIA,5686,Municipio,-75.460723,6.643366,
8724,SANTA ROSA DE OSOS,"2,015",2,5,ANTIOQUIA,5686,Municipio,-75.460723,6.643366,
8725,SANTA ROSA DE OSOS,"2,016",1,5,ANTIOQUIA,5686,Municipio,-75.460723,6.643366,
8726,SANTA ROSA DE OSOS,"2,017",1,5,ANTIOQUIA,5686,Municipio,-75.460723,6.643366,
8727,SANTA ROSA DE OSOS,"2,019",3,5,ANTIOQUIA,5686,Municipio,-75.460723,6.643366,
8728,SANTA ROSA DE VITERBO,"1,987",1,15,BOYACÁ,15693,Municipio,-72.982461,5.874547,
8729,SANTA ROSA DE VITERBO,"1,994",1,15,BOYACÁ,15693,Municipio,-72.982461,5.874547,
8730,SANTA ROSA DE VITERBO,"1,996",1,15,BOYACÁ,15693,Municipio,-72.982461,5.874547,
8731,SANTA ROSA DE VITERBO,"1,997",1,15,BOYACÁ,15693,Municipio,-72.982461,5.874547,
8732,SANTA ROSA DE VITERBO,"1,998",1,15,BOYACÁ,15693,Municipio,-72.982461,5.874547,
8733,SANTA ROSA DE VITERBO,"1,999",1,15,BOYACÁ,15693,Municipio,-72.982461,5.874547,
8734,SANTA ROSA DE VITERBO,"2,008",1,15,BOYACÁ,15693,Municipio,-72.982461,5.874547,
8735,SANTA ROSA DE VITERBO,"2,010",1,15,BOYACÁ,15693,Municipio,-72.982461,5.874547,
8736,SANTA ROSA DE VITERBO,"2,011",2,15,BOYACÁ,15693,Municipio,-72.982461,5.874547,
8737,SANTA ROSA DE VITERBO,"2,013",1,15,BOYACÁ,15693,Municipio,-72.982461,5.874547,
8738,SANTA ROSA DE VITERBO,"2,015",1,15,BOYACÁ,15693,Municipio,-72.982461,5.874547,
8739,SANTA ROSA DE VITERBO,"2,018",2,15,BOYACÁ,15693,Municipio,-72.982461,5.874547,
8740,SANTA ROSA DEL SUR,"1,993",1,13,BOLÍVAR,13688,Municipio,-74.052243,7.963938,
8741,SANTA ROSA DEL SUR,"2,000",1,13,BOLÍVAR,13688,Municipio,-74.052243,7.963938,
8742,SANTA ROSA DEL SUR,"2,004",1,13,BOLÍVAR,13688,Municipio,-74.052243,7.963938,
8743,SANTA ROSA DEL SUR,"2,010",1,13,BOLÍVAR,13688,Municipio,-74.052243,7.963938,
8744,SANTA ROSA DEL SUR,"2,015",1,13,BOLÍVAR,13688,Municipio,-74.052243,7.963938,
8745,SANTA ROSA DEL SUR,"2,016",1,13,BOLÍVAR,13688,Municipio,-74.052243,7.963938,
8746,SANTA ROSALÍA,"2,019",2,99,VICHADA,99624,Municipio,-70.859499,5.136393,
8747,SANTA SOFÍA,"2,001",1,15,BOYACÁ,15696,Municipio,-73.602707,5.713269,
8748,SANTA SOFÍA,"2,005",1,15,BOYACÁ,15696,Municipio,-73.602707,5.713269,
8749,SANTA SOFÍA,"2,018",1,15,BOYACÁ,15696,Municipio,-73.602707,5.713269,
8750,SANTACRUZ,"1,997",1,52,NARIÑO,52699,Municipio,-77.677035,1.222589,
8751,SANTACRUZ,"2,010",2,52,NARIÑO,52699,Municipio,-77.677035,1.222589,
8752,SANTACRUZ,"2,011",2,52,NARIÑO,52699,Municipio,-77.677035,1.222589,
8753,SANTANA,"1,998",1,15,BOYACÁ,15686,Municipio,-73.481639,6.056866,
8754,SANTANA,"2,002",1,15,BOYACÁ,15686,Municipio,-73.481639,6.056866,
8755,SANTANA,"2,006",1,15,BOYACÁ,15686,Municipio,-73.481639,6.056866,
8756,SANTANA,"2,014",1,15,BOYACÁ,15686,Municipio,-73.481639,6.056866,
8757,SANTANDER DE QUILICHAO,"1,985",2,19,CAUCA,19698,Municipio,-76.485141,3.015008,
8758,SANTANDER DE QUILICHAO,"1,988",1,19,CAUCA,19698,Municipio,-76.485141,3.015008,
8759,SANTANDER DE QUILICHAO,"1,989",1,19,CAUCA,19698,Municipio,-76.485141,3.015008,
8760,SANTANDER DE QUILICHAO,"1,990",1,19,CAUCA,19698,Municipio,-76.485141,3.015008,
8761,SANTANDER DE QUILICHAO,"1,991",5,19,CAUCA,19698,Municipio,-76.485141,3.015008,
8762,SANTANDER DE QUILICHAO,"1,992",2,19,CAUCA,19698,Municipio,-76.485141,3.015008,
8763,SANTANDER DE QUILICHAO,"1,995",2,19,CAUCA,19698,Municipio,-76.485141,3.015008,
8764,SANTANDER DE QUILICHAO,"1,996",2,19,CAUCA,19698,Municipio,-76.485141,3.015008,
8765,SANTANDER DE QUILICHAO,"1,997",1,19,CAUCA,19698,Municipio,-76.485141,3.015008,
8766,SANTANDER DE QUILICHAO,"1,998",2,19,CAUCA,19698,Municipio,-76.485141,3.015008,
8767,SANTANDER DE QUILICHAO,"1,999",1,19,CAUCA,19698,Municipio,-76.485141,3.015008,
8768,SANTANDER DE QUILICHAO,"2,000",1,19,CAUCA,19698,Municipio,-76.485141,3.015008,
8769,SANTANDER DE QUILICHAO,"2,001",6,19,CAUCA,19698,Municipio,-76.485141,3.015008,
8770,SANTANDER DE QUILICHAO,"2,003",2,19,CAUCA,19698,Municipio,-76.485141,3.015008,
8771,SANTANDER DE QUILICHAO,"2,005",4,19,CAUCA,19698,Municipio,-76.485141,3.015008,
8772,SANTANDER DE QUILICHAO,"2,006",5,19,CAUCA,19698,Municipio,-76.485141,3.015008,
8773,SANTANDER DE QUILICHAO,"2,008",2,19,CAUCA,19698,Municipio,-76.485141,3.015008,
8774,SANTANDER DE QUILICHAO,"2,009",3,19,CAUCA,19698,Municipio,-76.485141,3.015008,
8775,SANTANDER DE QUILICHAO,"2,010",2,19,CAUCA,19698,Municipio,-76.485141,3.015008,
8776,SANTANDER DE QUILICHAO,"2,011",1,19,CAUCA,19698,Municipio,-76.485141,3.015008,
8777,SANTANDER DE QUILICHAO,"2,012",4,19,CAUCA,19698,Municipio,-76.485141,3.015008,
8778,SANTANDER DE QUILICHAO,"2,013",3,19,CAUCA,19698,Municipio,-76.485141,3.015008,
8779,SANTANDER DE QUILICHAO,"2,014",1,19,CAUCA,19698,Municipio,-76.485141,3.015008,
8780,SANTANDER DE QUILICHAO,"2,015",3,19,CAUCA,19698,Municipio,-76.485141,3.015008,
8781,SANTANDER DE QUILICHAO,"2,016",6,19,CAUCA,19698,Municipio,-76.485141,3.015008,
8782,SANTANDER DE QUILICHAO,"2,017",2,19,CAUCA,19698,Municipio,-76.485141,3.015008,
8783,SANTANDER DE QUILICHAO,"2,018",2,19,CAUCA,19698,Municipio,-76.485141,3.015008,
8784,SANTANDER DE QUILICHAO,"2,019",5,19,CAUCA,19698,Municipio,-76.485141,3.015008,
8785,SANTIAGO,"2,003",1,54,NORTE DE SANTANDER,54680,Municipio,-72.716203,7.865856,
8786,SANTIAGO,"2,003",1,86,PUTUMAYO,86760,Municipio,-77.002641,1.147076,
8787,SANTIAGO,"2,011",1,54,NORTE DE SANTANDER,54680,Municipio,-72.716203,7.865856,
8788,SANTIAGO,"2,011",1,86,PUTUMAYO,86760,Municipio,-77.002641,1.147076,
8789,SANTIAGO,"2,017",1,54,NORTE DE SANTANDER,54680,Municipio,-72.716203,7.865856,
8790,SANTIAGO,"2,017",1,86,PUTUMAYO,86760,Municipio,-77.002641,1.147076,
8791,SANTIAGO DE CALI,"1,985",45,76,VALLE DEL CAUCA,76001,Municipio,-76.52133,3.413686,
8792,SANTIAGO DE CALI,"1,986",45,76,VALLE DEL CAUCA,76001,Municipio,-76.52133,3.413686,
8793,SANTIAGO DE CALI,"1,987",68,76,VALLE DEL CAUCA,76001,Municipio,-76.52133,3.413686,
8794,SANTIAGO DE CALI,"1,988",71,76,VALLE DEL CAUCA,76001,Municipio,-76.52133,3.413686,
8795,SANTIAGO DE CALI,"1,989",59,76,VALLE DEL CAUCA,76001,Municipio,-76.52133,3.413686,
8796,SANTIAGO DE CALI,"1,990",64,76,VALLE DEL CAUCA,76001,Municipio,-76.52133,3.413686,
8797,SANTIAGO DE CALI,"1,991",65,76,VALLE DEL CAUCA,76001,Municipio,-76.52133,3.413686,
8798,SANTIAGO DE CALI,"1,992",96,76,VALLE DEL CAUCA,76001,Municipio,-76.52133,3.413686,
8799,SANTIAGO DE CALI,"1,993",97,76,VALLE DEL CAUCA,76001,Municipio,-76.52133,3.413686,
8800,SANTIAGO DE CALI,"1,994",97,76,VALLE DEL CAUCA,76001,Municipio,-76.52133,3.413686,
8801,SANTIAGO DE CALI,"1,995",108,76,VALLE DEL CAUCA,76001,Municipio,-76.52133,3.413686,
8802,SANTIAGO DE CALI,"1,996",111,76,VALLE DEL CAUCA,76001,Municipio,-76.52133,3.413686,
8803,SANTIAGO DE CALI,"1,997",132,76,VALLE DEL CAUCA,76001,Municipio,-76.52133,3.413686,
8804,SANTIAGO DE CALI,"1,998",90,76,VALLE DEL CAUCA,76001,Municipio,-76.52133,3.413686,
8805,SANTIAGO DE CALI,"1,999",104,76,VALLE DEL CAUCA,76001,Municipio,-76.52133,3.413686,
8806,SANTIAGO DE CALI,"2,000",124,76,VALLE DEL CAUCA,76001,Municipio,-76.52133,3.413686,
8807,SANTIAGO DE CALI,"2,001",123,76,VALLE DEL CAUCA,76001,Municipio,-76.52133,3.413686,
8808,SANTIAGO DE CALI,"2,002",105,76,VALLE DEL CAUCA,76001,Municipio,-76.52133,3.413686,
8809,SANTIAGO DE CALI,"2,003",116,76,VALLE DEL CAUCA,76001,Municipio,-76.52133,3.413686,
8810,SANTIAGO DE CALI,"2,004",123,76,VALLE DEL CAUCA,76001,Municipio,-76.52133,3.413686,
8811,SANTIAGO DE CALI,"2,005",140,76,VALLE DEL CAUCA,76001,Municipio,-76.52133,3.413686,
8812,SANTIAGO DE CALI,"2,006",211,76,VALLE DEL CAUCA,76001,Municipio,-76.52133,3.413686,
8813,SANTIAGO DE CALI,"2,007",207,76,VALLE DEL CAUCA,76001,Municipio,-76.52133,3.413686,
8814,SANTIAGO DE CALI,"2,008",221,76,VALLE DEL CAUCA,76001,Municipio,-76.52133,3.413686,
8815,SANTIAGO DE CALI,"2,009",238,76,VALLE DEL CAUCA,76001,Municipio,-76.52133,3.413686,
8816,SANTIAGO DE CALI,"2,010",249,76,VALLE DEL CAUCA,76001,Municipio,-76.52133,3.413686,
8817,SANTIAGO DE CALI,"2,011",262,76,VALLE DEL CAUCA,76001,Municipio,-76.52133,3.413686,
8818,SANTIAGO DE CALI,"2,012",293,76,VALLE DEL CAUCA,76001,Municipio,-76.52133,3.413686,
8819,SANTIAGO DE CALI,"2,013",287,76,VALLE DEL CAUCA,76001,Municipio,-76.52133,3.413686,
8820,SANTIAGO DE CALI,"2,014",289,76,VALLE DEL CAUCA,76001,Municipio,-76.52133,3.413686,
8821,SANTIAGO DE CALI,"2,015",336,76,VALLE DEL CAUCA,76001,Municipio,-76.52133,3.413686,
8822,SANTIAGO DE CALI,"2,016",330,76,VALLE DEL CAUCA,76001,Municipio,-76.52133,3.413686,
8823,SANTIAGO DE CALI,"2,017",335,76,VALLE DEL CAUCA,76001,Municipio,-76.52133,3.413686,
8824,SANTIAGO DE CALI,"2,018",305,76,VALLE DEL CAUCA,76001,Municipio,-76.52133,3.413686,
8825,SANTIAGO DE CALI,"2,019",401,76,VALLE DEL CAUCA,76001,Municipio,-76.52133,3.413686,
8826,SANTIAGO DE TOLÚ,"1,989",1,70,SUCRE,70820,Municipio,-75.581112,9.525387,
8827,SANTIAGO DE TOLÚ,"1,993",1,70,SUCRE,70820,Municipio,-75.581112,9.525387,
8828,SANTIAGO DE TOLÚ,"2,000",1,70,SUCRE,70820,Municipio,-75.581112,9.525387,
8829,SANTIAGO DE TOLÚ,"2,007",2,70,SUCRE,70820,Municipio,-75.581112,9.525387,
8830,SANTIAGO DE TOLÚ,"2,010",1,70,SUCRE,70820,Municipio,-75.581112,9.525387,
8831,SANTIAGO DE TOLÚ,"2,011",1,70,SUCRE,70820,Municipio,-75.581112,9.525387,
8832,SANTIAGO DE TOLÚ,"2,016",1,70,SUCRE,70820,Municipio,-75.581112,9.525387,
8833,SANTIAGO DE TOLÚ,"2,017",1,70,SUCRE,70820,Municipio,-75.581112,9.525387,
8834,SANTO DOMINGO,"1,985",1,5,ANTIOQUIA,5690,Municipio,-75.164903,6.473032,
8835,SANTO DOMINGO,"1,986",1,5,ANTIOQUIA,5690,Municipio,-75.164903,6.473032,
8836,SANTO DOMINGO,"2,000",1,5,ANTIOQUIA,5690,Municipio,-75.164903,6.473032,
8837,SANTO DOMINGO,"2,003",1,5,ANTIOQUIA,5690,Municipio,-75.164903,6.473032,
8838,SANTO DOMINGO,"2,006",1,5,ANTIOQUIA,5690,Municipio,-75.164903,6.473032,
8839,SANTO DOMINGO,"2,008",2,5,ANTIOQUIA,5690,Municipio,-75.164903,6.473032,
8840,SANTO DOMINGO,"2,009",1,5,ANTIOQUIA,5690,Municipio,-75.164903,6.473032,
8841,SANTO DOMINGO,"2,014",1,5,ANTIOQUIA,5690,Municipio,-75.164903,6.473032,
8842,SANTO DOMINGO,"2,015",1,5,ANTIOQUIA,5690,Municipio,-75.164903,6.473032,
8843,SANTO DOMINGO,"2,018",1,5,ANTIOQUIA,5690,Municipio,-75.164903,6.473032,
8844,SANTO TOMÁS,"1,986",1,8,ATLÁNTICO,8685,Municipio,-74.757859,10.758735,
8845,SANTO TOMÁS,"1,996",1,8,ATLÁNTICO,8685,Municipio,-74.757859,10.758735,
8846,SANTO TOMÁS,"1,998",1,8,ATLÁNTICO,8685,Municipio,-74.757859,10.758735,
8847,SANTO TOMÁS,"2,000",1,8,ATLÁNTICO,8685,Municipio,-74.757859,10.758735,
8848,SANTO TOMÁS,"2,002",2,8,ATLÁNTICO,8685,Municipio,-74.757859,10.758735,
8849,SANTO TOMÁS,"2,003",1,8,ATLÁNTICO,8685,Municipio,-74.757859,10.758735,
8850,SANTO TOMÁS,"2,005",2,8,ATLÁNTICO,8685,Municipio,-74.757859,10.758735,
8851,SANTO TOMÁS,"2,009",1,8,ATLÁNTICO,8685,Municipio,-74.757859,10.758735,
8852,SANTO TOMÁS,"2,011",1,8,ATLÁNTICO,8685,Municipio,-74.757859,10.758735,
8853,SANTO TOMÁS,"2,012",1,8,ATLÁNTICO,8685,Municipio,-74.757859,10.758735,
8854,SANTO TOMÁS,"2,013",1,8,ATLÁNTICO,8685,Municipio,-74.757859,10.758735,
8855,SANTO TOMÁS,"2,014",1,8,ATLÁNTICO,8685,Municipio,-74.757859,10.758735,
8856,SANTO TOMÁS,"2,015",1,8,ATLÁNTICO,8685,Municipio,-74.757859,10.758735,
8857,SANTUARIO,"1,994",1,66,RISARALDA,66687,Municipio,-75.964628,5.074911,
8858,SANTUARIO,"1,995",1,66,RISARALDA,66687,Municipio,-75.964628,5.074911,
8859,SANTUARIO,"1,998",1,66,RISARALDA,66687,Municipio,-75.964628,5.074911,
8860,SANTUARIO,"1,999",1,66,RISARALDA,66687,Municipio,-75.964628,5.074911,
8861,SANTUARIO,"2,001",1,66,RISARALDA,66687,Municipio,-75.964628,5.074911,
8862,SANTUARIO,"2,003",1,66,RISARALDA,66687,Municipio,-75.964628,5.074911,
8863,SANTUARIO,"2,004",2,66,RISARALDA,66687,Municipio,-75.964628,5.074911,
8864,SANTUARIO,"2,010",1,66,RISARALDA,66687,Municipio,-75.964628,5.074911,
8865,SANTUARIO,"2,011",2,66,RISARALDA,66687,Municipio,-75.964628,5.074911,
8866,SANTUARIO,"2,012",1,66,RISARALDA,66687,Municipio,-75.964628,5.074911,
8867,SANTUARIO,"2,015",1,66,RISARALDA,66687,Municipio,-75.964628,5.074911,
8868,SANTUARIO,"2,016",1,66,RISARALDA,66687,Municipio,-75.964628,5.074911,
8869,SANTUARIO,"2,019",1,66,RISARALDA,66687,Municipio,-75.964628,5.074911,
8870,SAPUYES,"2,013",1,52,NARIÑO,52720,Municipio,-77.62028,1.037536,
8871,SAPUYES,"2,014",2,52,NARIÑO,52720,Municipio,-77.62028,1.037536,
8872,SARAVENA,"1,988",2,81,ARAUCA,81736,Municipio,-71.872812,6.953926,
8873,SARAVENA,"1,989",1,81,ARAUCA,81736,Municipio,-71.872812,6.953926,
8874,SARAVENA,"1,991",2,81,ARAUCA,81736,Municipio,-71.872812,6.953926,
8875,SARAVENA,"1,993",1,81,ARAUCA,81736,Municipio,-71.872812,6.953926,
8876,SARAVENA,"1,996",1,81,ARAUCA,81736,Municipio,-71.872812,6.953926,
8877,SARAVENA,"1,997",1,81,ARAUCA,81736,Municipio,-71.872812,6.953926,
8878,SARAVENA,"2,000",2,81,ARAUCA,81736,Municipio,-71.872812,6.953926,
8879,SARAVENA,"2,001",1,81,ARAUCA,81736,Municipio,-71.872812,6.953926,
8880,SARAVENA,"2,002",1,81,ARAUCA,81736,Municipio,-71.872812,6.953926,
8881,SARAVENA,"2,003",2,81,ARAUCA,81736,Municipio,-71.872812,6.953926,
8882,SARAVENA,"2,004",1,81,ARAUCA,81736,Municipio,-71.872812,6.953926,
8883,SARAVENA,"2,009",2,81,ARAUCA,81736,Municipio,-71.872812,6.953926,
8884,SARAVENA,"2,010",1,81,ARAUCA,81736,Municipio,-71.872812,6.953926,
8885,SARAVENA,"2,011",3,81,ARAUCA,81736,Municipio,-71.872812,6.953926,
8886,SARAVENA,"2,012",2,81,ARAUCA,81736,Municipio,-71.872812,6.953926,
8887,SARAVENA,"2,013",2,81,ARAUCA,81736,Municipio,-71.872812,6.953926,
8888,SARAVENA,"2,014",1,81,ARAUCA,81736,Municipio,-71.872812,6.953926,
8889,SARAVENA,"2,015",7,81,ARAUCA,81736,Municipio,-71.872812,6.953926,
8890,SARAVENA,"2,016",3,81,ARAUCA,81736,Municipio,-71.872812,6.953926,
8891,SARAVENA,"2,017",3,81,ARAUCA,81736,Municipio,-71.872812,6.953926,
8892,SARAVENA,"2,018",5,81,ARAUCA,81736,Municipio,-71.872812,6.953926,
8893,SARAVENA,"2,019",3,81,ARAUCA,81736,Municipio,-71.872812,6.953926,
8894,SARDINATA,"1,991",1,54,NORTE DE SANTANDER,54720,Municipio,-72.800577,8.082105,
8895,SARDINATA,"1,999",1,54,NORTE DE SANTANDER,54720,Municipio,-72.800577,8.082105,
8896,SARDINATA,"2,000",1,54,NORTE DE SANTANDER,54720,Municipio,-72.800577,8.082105,
8897,SARDINATA,"2,004",1,54,NORTE DE SANTANDER,54720,Municipio,-72.800577,8.082105,
8898,SARDINATA,"2,012",1,54,NORTE DE SANTANDER,54720,Municipio,-72.800577,8.082105,
8899,SARDINATA,"2,018",1,54,NORTE DE SANTANDER,54720,Municipio,-72.800577,8.082105,
8900,SASAIMA,"1,986",1,25,CUNDINAMARCA,25718,Municipio,-74.432628,4.962167,
8901,SASAIMA,"1,998",2,25,CUNDINAMARCA,25718,Municipio,-74.432628,4.962167,
8902,SASAIMA,"2,003",1,25,CUNDINAMARCA,25718,Municipio,-74.432628,4.962167,
8903,SASAIMA,"2,006",1,25,CUNDINAMARCA,25718,Municipio,-74.432628,4.962167,
8904,SASAIMA,"2,007",4,25,CUNDINAMARCA,25718,Municipio,-74.432628,4.962167,
8905,SASAIMA,"2,009",1,25,CUNDINAMARCA,25718,Municipio,-74.432628,4.962167,
8906,SASAIMA,"2,010",1,25,CUNDINAMARCA,25718,Municipio,-74.432628,4.962167,
8907,SASAIMA,"2,011",1,25,CUNDINAMARCA,25718,Municipio,-74.432628,4.962167,
8908,SASAIMA,"2,017",1,25,CUNDINAMARCA,25718,Municipio,-74.432628,4.962167,
8909,SASAIMA,"2,019",1,25,CUNDINAMARCA,25718,Municipio,-74.432628,4.962167,
8910,SATIVANORTE,"1,995",1,15,BOYACÁ,15720,Municipio,-72.708458,6.131132,
8911,SATIVANORTE,"1,996",1,15,BOYACÁ,15720,Municipio,-72.708458,6.131132,
8912,SATIVANORTE,"2,011",1,15,BOYACÁ,15720,Municipio,-72.708458,6.131132,
8913,SEGOVIA,"1,985",1,5,ANTIOQUIA,5736,Municipio,-74.701596,7.079648,
8914,SEGOVIA,"1,987",1,5,ANTIOQUIA,5736,Municipio,-74.701596,7.079648,
8915,SEGOVIA,"1,989",1,5,ANTIOQUIA,5736,Municipio,-74.701596,7.079648,
8916,SEGOVIA,"1,990",1,5,ANTIOQUIA,5736,Municipio,-74.701596,7.079648,
8917,SEGOVIA,"1,991",3,5,ANTIOQUIA,5736,Municipio,-74.701596,7.079648,
8918,SEGOVIA,"1,992",1,5,ANTIOQUIA,5736,Municipio,-74.701596,7.079648,
8919,SEGOVIA,"1,993",1,5,ANTIOQUIA,5736,Municipio,-74.701596,7.079648,
8920,SEGOVIA,"1,994",1,5,ANTIOQUIA,5736,Municipio,-74.701596,7.079648,
8921,SEGOVIA,"1,995",2,5,ANTIOQUIA,5736,Municipio,-74.701596,7.079648,
8922,SEGOVIA,"1,996",2,5,ANTIOQUIA,5736,Municipio,-74.701596,7.079648,
8923,SEGOVIA,"1,998",1,5,ANTIOQUIA,5736,Municipio,-74.701596,7.079648,
8924,SEGOVIA,"2,001",1,5,ANTIOQUIA,5736,Municipio,-74.701596,7.079648,
8925,SEGOVIA,"2,003",1,5,ANTIOQUIA,5736,Municipio,-74.701596,7.079648,
8926,SEGOVIA,"2,005",3,5,ANTIOQUIA,5736,Municipio,-74.701596,7.079648,
8927,SEGOVIA,"2,006",1,5,ANTIOQUIA,5736,Municipio,-74.701596,7.079648,
8928,SEGOVIA,"2,008",1,5,ANTIOQUIA,5736,Municipio,-74.701596,7.079648,
8929,SEGOVIA,"2,009",2,5,ANTIOQUIA,5736,Municipio,-74.701596,7.079648,
8930,SEGOVIA,"2,010",1,5,ANTIOQUIA,5736,Municipio,-74.701596,7.079648,
8931,SEGOVIA,"2,017",1,5,ANTIOQUIA,5736,Municipio,-74.701596,7.079648,
8932,SEGOVIA,"2,018",2,5,ANTIOQUIA,5736,Municipio,-74.701596,7.079648,
8933,SEGOVIA,"2,019",1,5,ANTIOQUIA,5736,Municipio,-74.701596,7.079648,
8934,SESQUILÉ,"1,988",1,25,CUNDINAMARCA,25736,Municipio,-73.796099,5.04476,
8935,SESQUILÉ,"1,991",1,25,CUNDINAMARCA,25736,Municipio,-73.796099,5.04476,
8936,SESQUILÉ,"1,992",1,25,CUNDINAMARCA,25736,Municipio,-73.796099,5.04476,
8937,SESQUILÉ,"2,004",1,25,CUNDINAMARCA,25736,Municipio,-73.796099,5.04476,
8938,SESQUILÉ,"2,009",1,25,CUNDINAMARCA,25736,Municipio,-73.796099,5.04476,
8939,SESQUILÉ,"2,012",2,25,CUNDINAMARCA,25736,Municipio,-73.796099,5.04476,
8940,SESQUILÉ,"2,014",1,25,CUNDINAMARCA,25736,Municipio,-73.796099,5.04476,
8941,SESQUILÉ,"2,015",1,25,CUNDINAMARCA,25736,Municipio,-73.796099,5.04476,
8942,SESQUILÉ,"2,017",1,25,CUNDINAMARCA,25736,Municipio,-73.796099,5.04476,
8943,SESQUILÉ,"2,018",1,25,CUNDINAMARCA,25736,Municipio,-73.796099,5.04476,
8944,SESQUILÉ,"2,019",1,25,CUNDINAMARCA,25736,Municipio,-73.796099,5.04476,
8945,SEVILLA,"1,985",1,76,VALLE DEL CAUCA,76736,Municipio,-75.931629,4.270714,
8946,SEVILLA,"1,986",5,76,VALLE DEL CAUCA,76736,Municipio,-75.931629,4.270714,
8947,SEVILLA,"1,987",2,76,VALLE DEL CAUCA,76736,Municipio,-75.931629,4.270714,
8948,SEVILLA,"1,988",2,76,VALLE DEL CAUCA,76736,Municipio,-75.931629,4.270714,
8949,SEVILLA,"1,989",1,76,VALLE DEL CAUCA,76736,Municipio,-75.931629,4.270714,
8950,SEVILLA,"1,990",4,76,VALLE DEL CAUCA,76736,Municipio,-75.931629,4.270714,
8951,SEVILLA,"1,991",1,76,VALLE DEL CAUCA,76736,Municipio,-75.931629,4.270714,
8952,SEVILLA,"1,992",2,76,VALLE DEL CAUCA,76736,Municipio,-75.931629,4.270714,
8953,SEVILLA,"1,993",1,76,VALLE DEL CAUCA,76736,Municipio,-75.931629,4.270714,
8954,SEVILLA,"1,994",2,76,VALLE DEL CAUCA,76736,Municipio,-75.931629,4.270714,
8955,SEVILLA,"1,995",3,76,VALLE DEL CAUCA,76736,Municipio,-75.931629,4.270714,
8956,SEVILLA,"1,996",3,76,VALLE DEL CAUCA,76736,Municipio,-75.931629,4.270714,
8957,SEVILLA,"1,997",3,76,VALLE DEL CAUCA,76736,Municipio,-75.931629,4.270714,
8958,SEVILLA,"1,998",5,76,VALLE DEL CAUCA,76736,Municipio,-75.931629,4.270714,
8959,SEVILLA,"1,999",2,76,VALLE DEL CAUCA,76736,Municipio,-75.931629,4.270714,
8960,SEVILLA,"2,000",1,76,VALLE DEL CAUCA,76736,Municipio,-75.931629,4.270714,
8961,SEVILLA,"2,001",3,76,VALLE DEL CAUCA,76736,Municipio,-75.931629,4.270714,
8962,SEVILLA,"2,002",1,76,VALLE DEL CAUCA,76736,Municipio,-75.931629,4.270714,
8963,SEVILLA,"2,004",2,76,VALLE DEL CAUCA,76736,Municipio,-75.931629,4.270714,
8964,SEVILLA,"2,005",2,76,VALLE DEL CAUCA,76736,Municipio,-75.931629,4.270714,
8965,SEVILLA,"2,007",4,76,VALLE DEL CAUCA,76736,Municipio,-75.931629,4.270714,
8966,SEVILLA,"2,008",3,76,VALLE DEL CAUCA,76736,Municipio,-75.931629,4.270714,
8967,SEVILLA,"2,009",1,76,VALLE DEL CAUCA,76736,Municipio,-75.931629,4.270714,
8968,SEVILLA,"2,010",5,76,VALLE DEL CAUCA,76736,Municipio,-75.931629,4.270714,
8969,SEVILLA,"2,011",2,76,VALLE DEL CAUCA,76736,Municipio,-75.931629,4.270714,
8970,SEVILLA,"2,012",3,76,VALLE DEL CAUCA,76736,Municipio,-75.931629,4.270714,
8971,SEVILLA,"2,013",7,76,VALLE DEL CAUCA,76736,Municipio,-75.931629,4.270714,
8972,SEVILLA,"2,015",2,76,VALLE DEL CAUCA,76736,Municipio,-75.931629,4.270714,
8973,SEVILLA,"2,016",4,76,VALLE DEL CAUCA,76736,Municipio,-75.931629,4.270714,
8974,SEVILLA,"2,017",3,76,VALLE DEL CAUCA,76736,Municipio,-75.931629,4.270714,
8975,SEVILLA,"2,018",3,76,VALLE DEL CAUCA,76736,Municipio,-75.931629,4.270714,
8976,SEVILLA,"2,019",2,76,VALLE DEL CAUCA,76736,Municipio,-75.931629,4.270714,
8977,SIACHOQUE,"2,004",1,15,BOYACÁ,15740,Municipio,-73.24466,5.511811,
8978,SIACHOQUE,"2,011",1,15,BOYACÁ,15740,Municipio,-73.24466,5.511811,
8979,SIACHOQUE,"2,014",1,15,BOYACÁ,15740,Municipio,-73.24466,5.511811,
8980,SIBATÉ,"1,985",2,25,CUNDINAMARCA,25740,Municipio,-74.257874,4.492625,
8981,SIBATÉ,"1,986",1,25,CUNDINAMARCA,25740,Municipio,-74.257874,4.492625,
8982,SIBATÉ,"1,990",1,25,CUNDINAMARCA,25740,Municipio,-74.257874,4.492625,
8983,SIBATÉ,"1,993",1,25,CUNDINAMARCA,25740,Municipio,-74.257874,4.492625,
8984,SIBATÉ,"1,996",1,25,CUNDINAMARCA,25740,Municipio,-74.257874,4.492625,
8985,SIBATÉ,"1,997",2,25,CUNDINAMARCA,25740,Municipio,-74.257874,4.492625,
8986,SIBATÉ,"2,002",1,25,CUNDINAMARCA,25740,Municipio,-74.257874,4.492625,
8987,SIBATÉ,"2,005",1,25,CUNDINAMARCA,25740,Municipio,-74.257874,4.492625,
8988,SIBATÉ,"2,007",1,25,CUNDINAMARCA,25740,Municipio,-74.257874,4.492625,
8989,SIBATÉ,"2,008",3,25,CUNDINAMARCA,25740,Municipio,-74.257874,4.492625,
8990,SIBATÉ,"2,009",1,25,CUNDINAMARCA,25740,Municipio,-74.257874,4.492625,
8991,SIBATÉ,"2,010",2,25,CUNDINAMARCA,25740,Municipio,-74.257874,4.492625,
8992,SIBATÉ,"2,011",2,25,CUNDINAMARCA,25740,Municipio,-74.257874,4.492625,
8993,SIBATÉ,"2,013",1,25,CUNDINAMARCA,25740,Municipio,-74.257874,4.492625,
8994,SIBUNDOY,"2,006",1,86,PUTUMAYO,86749,Municipio,-76.917814,1.20026,
8995,SIBUNDOY,"2,009",1,86,PUTUMAYO,86749,Municipio,-76.917814,1.20026,
8996,SIBUNDOY,"2,010",2,86,PUTUMAYO,86749,Municipio,-76.917814,1.20026,
8997,SIBUNDOY,"2,011",1,86,PUTUMAYO,86749,Municipio,-76.917814,1.20026,
8998,SIBUNDOY,"2,013",1,86,PUTUMAYO,86749,Municipio,-76.917814,1.20026,
8999,SIBUNDOY,"2,017",1,86,PUTUMAYO,86749,Municipio,-76.917814,1.20026,
9000,SIBUNDOY,"2,019",1,86,PUTUMAYO,86749,Municipio,-76.917814,1.20026,
9001,SILOS,"2,009",1,54,NORTE DE SANTANDER,54743,Municipio,-72.757128,7.204736,
9002,SILOS,"2,013",1,54,NORTE DE SANTANDER,54743,Municipio,-72.757128,7.204736,
9003,SILVANIA,"1,996",1,25,CUNDINAMARCA,25743,Municipio,-74.405534,4.381981,
9004,SILVANIA,"1,997",2,25,CUNDINAMARCA,25743,Municipio,-74.405534,4.381981,
9005,SILVANIA,"2,000",1,25,CUNDINAMARCA,25743,Municipio,-74.405534,4.381981,
9006,SILVANIA,"2,004",1,25,CUNDINAMARCA,25743,Municipio,-74.405534,4.381981,
9007,SILVANIA,"2,010",1,25,CUNDINAMARCA,25743,Municipio,-74.405534,4.381981,
9008,SILVANIA,"2,015",1,25,CUNDINAMARCA,25743,Municipio,-74.405534,4.381981,
9009,SILVANIA,"2,016",1,25,CUNDINAMARCA,25743,Municipio,-74.405534,4.381981,
9010,SILVANIA,"2,019",1,25,CUNDINAMARCA,25743,Municipio,-74.405534,4.381981,
9011,SILVIA,"1,985",1,19,CAUCA,19743,Municipio,-76.379753,2.611927,
9012,SILVIA,"2,000",1,19,CAUCA,19743,Municipio,-76.379753,2.611927,
9013,SILVIA,"2,005",1,19,CAUCA,19743,Municipio,-76.379753,2.611927,
9014,SILVIA,"2,008",1,19,CAUCA,19743,Municipio,-76.379753,2.611927,
9015,SILVIA,"2,009",1,19,CAUCA,19743,Municipio,-76.379753,2.611927,
9016,SILVIA,"2,010",1,19,CAUCA,19743,Municipio,-76.379753,2.611927,
9017,SILVIA,"2,011",1,19,CAUCA,19743,Municipio,-76.379753,2.611927,
9018,SILVIA,"2,017",1,19,CAUCA,19743,Municipio,-76.379753,2.611927,
9019,SIMACOTA,"1,988",1,68,SANTANDER,68745,Municipio,-73.337368,6.443469,
9020,SIMACOTA,"1,992",1,68,SANTANDER,68745,Municipio,-73.337368,6.443469,
9021,SIMACOTA,"2,013",1,68,SANTANDER,68745,Municipio,-73.337368,6.443469,
9022,SIMIJACA,"1,989",1,25,CUNDINAMARCA,25745,Municipio,-73.850703,5.505231,
9023,SIMIJACA,"1,994",1,25,CUNDINAMARCA,25745,Municipio,-73.850703,5.505231,
9024,SIMIJACA,"2,002",1,25,CUNDINAMARCA,25745,Municipio,-73.850703,5.505231,
9025,SIMIJACA,"2,007",1,25,CUNDINAMARCA,25745,Municipio,-73.850703,5.505231,
9026,SIMIJACA,"2,010",2,25,CUNDINAMARCA,25745,Municipio,-73.850703,5.505231,
9027,SIMIJACA,"2,013",1,25,CUNDINAMARCA,25745,Municipio,-73.850703,5.505231,
9028,SIMITÍ,"2,000",1,13,BOLÍVAR,13744,Municipio,-73.947264,7.953916,
9029,SIMITÍ,"2,002",1,13,BOLÍVAR,13744,Municipio,-73.947264,7.953916,
9030,SIMITÍ,"2,005",1,13,BOLÍVAR,13744,Municipio,-73.947264,7.953916,
9031,SIMITÍ,"2,012",1,13,BOLÍVAR,13744,Municipio,-73.947264,7.953916,
9032,SIMITÍ,"2,014",1,13,BOLÍVAR,13744,Municipio,-73.947264,7.953916,
9033,SINCELEJO,"1,985",1,70,SUCRE,70001,Municipio,-75.395445,9.302322,
9034,SINCELEJO,"1,986",4,70,SUCRE,70001,Municipio,-75.395445,9.302322,
9035,SINCELEJO,"1,988",2,70,SUCRE,70001,Municipio,-75.395445,9.302322,
9036,SINCELEJO,"1,989",6,70,SUCRE,70001,Municipio,-75.395445,9.302322,
9037,SINCELEJO,"1,990",2,70,SUCRE,70001,Municipio,-75.395445,9.302322,
9038,SINCELEJO,"1,991",5,70,SUCRE,70001,Municipio,-75.395445,9.302322,
9039,SINCELEJO,"1,992",2,70,SUCRE,70001,Municipio,-75.395445,9.302322,
9040,SINCELEJO,"1,993",4,70,SUCRE,70001,Municipio,-75.395445,9.302322,
9041,SINCELEJO,"1,994",3,70,SUCRE,70001,Municipio,-75.395445,9.302322,
9042,SINCELEJO,"1,995",2,70,SUCRE,70001,Municipio,-75.395445,9.302322,
9043,SINCELEJO,"1,996",2,70,SUCRE,70001,Municipio,-75.395445,9.302322,
9044,SINCELEJO,"1,997",4,70,SUCRE,70001,Municipio,-75.395445,9.302322,
9045,SINCELEJO,"1,998",3,70,SUCRE,70001,Municipio,-75.395445,9.302322,
9046,SINCELEJO,"1,999",5,70,SUCRE,70001,Municipio,-75.395445,9.302322,
9047,SINCELEJO,"2,000",7,70,SUCRE,70001,Municipio,-75.395445,9.302322,
9048,SINCELEJO,"2,001",10,70,SUCRE,70001,Municipio,-75.395445,9.302322,
9049,SINCELEJO,"2,002",9,70,SUCRE,70001,Municipio,-75.395445,9.302322,
9050,SINCELEJO,"2,003",5,70,SUCRE,70001,Municipio,-75.395445,9.302322,
9051,SINCELEJO,"2,004",5,70,SUCRE,70001,Municipio,-75.395445,9.302322,
9052,SINCELEJO,"2,005",6,70,SUCRE,70001,Municipio,-75.395445,9.302322,
9053,SINCELEJO,"2,006",11,70,SUCRE,70001,Municipio,-75.395445,9.302322,
9054,SINCELEJO,"2,007",14,70,SUCRE,70001,Municipio,-75.395445,9.302322,
9055,SINCELEJO,"2,008",17,70,SUCRE,70001,Municipio,-75.395445,9.302322,
9056,SINCELEJO,"2,009",16,70,SUCRE,70001,Municipio,-75.395445,9.302322,
9057,SINCELEJO,"2,010",16,70,SUCRE,70001,Municipio,-75.395445,9.302322,
9058,SINCELEJO,"2,011",15,70,SUCRE,70001,Municipio,-75.395445,9.302322,
9059,SINCELEJO,"2,012",22,70,SUCRE,70001,Municipio,-75.395445,9.302322,
9060,SINCELEJO,"2,013",22,70,SUCRE,70001,Municipio,-75.395445,9.302322,
9061,SINCELEJO,"2,014",15,70,SUCRE,70001,Municipio,-75.395445,9.302322,
9062,SINCELEJO,"2,015",17,70,SUCRE,70001,Municipio,-75.395445,9.302322,
9063,SINCELEJO,"2,016",23,70,SUCRE,70001,Municipio,-75.395445,9.302322,
9064,SINCELEJO,"2,017",28,70,SUCRE,70001,Municipio,-75.395445,9.302322,
9065,SINCELEJO,"2,018",24,70,SUCRE,70001,Municipio,-75.395445,9.302322,
9066,SINCELEJO,"2,019",25,70,SUCRE,70001,Municipio,-75.395445,9.302322,
9067,SITIONUEVO,"2,011",1,47,MAGDALENA,47745,Municipio,-74.720021,10.775285,
9068,SITIONUEVO,"2,013",1,47,MAGDALENA,47745,Municipio,-74.720021,10.775285,
9069,SITIONUEVO,"2,015",1,47,MAGDALENA,47745,Municipio,-74.720021,10.775285,
9070,SITIONUEVO,"2,016",1,47,MAGDALENA,47745,Municipio,-74.720021,10.775285,
9071,SOACHA,"1,985",2,25,CUNDINAMARCA,25754,Municipio,-74.215463,4.579268,
9072,SOACHA,"1,987",1,25,CUNDINAMARCA,25754,Municipio,-74.215463,4.579268,
9073,SOACHA,"1,988",1,25,CUNDINAMARCA,25754,Municipio,-74.215463,4.579268,
9074,SOACHA,"1,989",2,25,CUNDINAMARCA,25754,Municipio,-74.215463,4.579268,
9075,SOACHA,"1,990",1,25,CUNDINAMARCA,25754,Municipio,-74.215463,4.579268,
9076,SOACHA,"1,991",3,25,CUNDINAMARCA,25754,Municipio,-74.215463,4.579268,
9077,SOACHA,"1,992",5,25,CUNDINAMARCA,25754,Municipio,-74.215463,4.579268,
9078,SOACHA,"1,993",2,25,CUNDINAMARCA,25754,Municipio,-74.215463,4.579268,
9079,SOACHA,"1,995",1,25,CUNDINAMARCA,25754,Municipio,-74.215463,4.579268,
9080,SOACHA,"1,997",3,25,CUNDINAMARCA,25754,Municipio,-74.215463,4.579268,
9081,SOACHA,"1,998",3,25,CUNDINAMARCA,25754,Municipio,-74.215463,4.579268,
9082,SOACHA,"1,999",5,25,CUNDINAMARCA,25754,Municipio,-74.215463,4.579268,
9083,SOACHA,"2,000",1,25,CUNDINAMARCA,25754,Municipio,-74.215463,4.579268,
9084,SOACHA,"2,002",4,25,CUNDINAMARCA,25754,Municipio,-74.215463,4.579268,
9085,SOACHA,"2,003",4,25,CUNDINAMARCA,25754,Municipio,-74.215463,4.579268,
9086,SOACHA,"2,004",6,25,CUNDINAMARCA,25754,Municipio,-74.215463,4.579268,
9087,SOACHA,"2,005",11,25,CUNDINAMARCA,25754,Municipio,-74.215463,4.579268,
9088,SOACHA,"2,006",7,25,CUNDINAMARCA,25754,Municipio,-74.215463,4.579268,
9089,SOACHA,"2,007",9,25,CUNDINAMARCA,25754,Municipio,-74.215463,4.579268,
9090,SOACHA,"2,008",6,25,CUNDINAMARCA,25754,Municipio,-74.215463,4.579268,
9091,SOACHA,"2,009",14,25,CUNDINAMARCA,25754,Municipio,-74.215463,4.579268,
9092,SOACHA,"2,010",15,25,CUNDINAMARCA,25754,Municipio,-74.215463,4.579268,
9093,SOACHA,"2,011",13,25,CUNDINAMARCA,25754,Municipio,-74.215463,4.579268,
9094,SOACHA,"2,012",21,25,CUNDINAMARCA,25754,Municipio,-74.215463,4.579268,
9095,SOACHA,"2,013",14,25,CUNDINAMARCA,25754,Municipio,-74.215463,4.579268,
9096,SOACHA,"2,014",5,25,CUNDINAMARCA,25754,Municipio,-74.215463,4.579268,
9097,SOACHA,"2,015",10,25,CUNDINAMARCA,25754,Municipio,-74.215463,4.579268,
9098,SOACHA,"2,016",18,25,CUNDINAMARCA,25754,Municipio,-74.215463,4.579268,
9099,SOACHA,"2,017",9,25,CUNDINAMARCA,25754,Municipio,-74.215463,4.579268,
9100,SOACHA,"2,018",14,25,CUNDINAMARCA,25754,Municipio,-74.215463,4.579268,
9101,SOACHA,"2,019",14,25,CUNDINAMARCA,25754,Municipio,-74.215463,4.579268,
9102,SOATÁ,"1,985",3,15,BOYACÁ,15753,Municipio,-72.684051,6.331945,
9103,SOATÁ,"1,986",1,15,BOYACÁ,15753,Municipio,-72.684051,6.331945,
9104,SOATÁ,"1,990",1,15,BOYACÁ,15753,Municipio,-72.684051,6.331945,
9105,SOATÁ,"1,992",1,15,BOYACÁ,15753,Municipio,-72.684051,6.331945,
9106,SOATÁ,"1,994",1,15,BOYACÁ,15753,Municipio,-72.684051,6.331945,
9107,SOATÁ,"1,998",1,15,BOYACÁ,15753,Municipio,-72.684051,6.331945,
9108,SOATÁ,"2,002",2,15,BOYACÁ,15753,Municipio,-72.684051,6.331945,
9109,SOATÁ,"2,003",2,15,BOYACÁ,15753,Municipio,-72.684051,6.331945,
9110,SOATÁ,"2,004",2,15,BOYACÁ,15753,Municipio,-72.684051,6.331945,
9111,SOATÁ,"2,005",1,15,BOYACÁ,15753,Municipio,-72.684051,6.331945,
9112,SOATÁ,"2,006",1,15,BOYACÁ,15753,Municipio,-72.684051,6.331945,
9113,SOATÁ,"2,007",3,15,BOYACÁ,15753,Municipio,-72.684051,6.331945,
9114,SOATÁ,"2,009",2,15,BOYACÁ,15753,Municipio,-72.684051,6.331945,
9115,SOATÁ,"2,012",1,15,BOYACÁ,15753,Municipio,-72.684051,6.331945,
9116,SOATÁ,"2,015",2,15,BOYACÁ,15753,Municipio,-72.684051,6.331945,
9117,SOATÁ,"2,016",1,15,BOYACÁ,15753,Municipio,-72.684051,6.331945,
9118,SOATÁ,"2,019",4,15,BOYACÁ,15753,Municipio,-72.684051,6.331945,
9119,SOCHA,"1,998",1,15,BOYACÁ,15757,Municipio,-72.691963,5.996717,
9120,SOCHA,"2,003",2,15,BOYACÁ,15757,Municipio,-72.691963,5.996717,
9121,SOCHA,"2,013",1,15,BOYACÁ,15757,Municipio,-72.691963,5.996717,
9122,SOCHA,"2,014",1,15,BOYACÁ,15757,Municipio,-72.691963,5.996717,
9123,SOCHA,"2,017",1,15,BOYACÁ,15757,Municipio,-72.691963,5.996717,
9124,SOCHA,"2,019",1,15,BOYACÁ,15757,Municipio,-72.691963,5.996717,
9125,SOCORRO,"1,985",4,68,SANTANDER,68755,Municipio,-73.261198,6.46387,
9126,SOCORRO,"1,986",1,68,SANTANDER,68755,Municipio,-73.261198,6.46387,
9127,SOCORRO,"1,989",1,68,SANTANDER,68755,Municipio,-73.261198,6.46387,
9128,SOCORRO,"1,990",1,68,SANTANDER,68755,Municipio,-73.261198,6.46387,
9129,SOCORRO,"1,992",2,68,SANTANDER,68755,Municipio,-73.261198,6.46387,
9130,SOCORRO,"1,995",4,68,SANTANDER,68755,Municipio,-73.261198,6.46387,
9131,SOCORRO,"1,996",3,68,SANTANDER,68755,Municipio,-73.261198,6.46387,
9132,SOCORRO,"1,997",1,68,SANTANDER,68755,Municipio,-73.261198,6.46387,
9133,SOCORRO,"1,998",1,68,SANTANDER,68755,Municipio,-73.261198,6.46387,
9134,SOCORRO,"2,002",2,68,SANTANDER,68755,Municipio,-73.261198,6.46387,
9135,SOCORRO,"2,003",3,68,SANTANDER,68755,Municipio,-73.261198,6.46387,
9136,SOCORRO,"2,004",4,68,SANTANDER,68755,Municipio,-73.261198,6.46387,
9137,SOCORRO,"2,005",1,68,SANTANDER,68755,Municipio,-73.261198,6.46387,
9138,SOCORRO,"2,006",1,68,SANTANDER,68755,Municipio,-73.261198,6.46387,
9139,SOCORRO,"2,007",3,68,SANTANDER,68755,Municipio,-73.261198,6.46387,
9140,SOCORRO,"2,008",2,68,SANTANDER,68755,Municipio,-73.261198,6.46387,
9141,SOCORRO,"2,010",2,68,SANTANDER,68755,Municipio,-73.261198,6.46387,
9142,SOCORRO,"2,011",1,68,SANTANDER,68755,Municipio,-73.261198,6.46387,
9143,SOCORRO,"2,012",3,68,SANTANDER,68755,Municipio,-73.261198,6.46387,
9144,SOCORRO,"2,013",3,68,SANTANDER,68755,Municipio,-73.261198,6.46387,
9145,SOCORRO,"2,014",2,68,SANTANDER,68755,Municipio,-73.261198,6.46387,
9146,SOCORRO,"2,015",3,68,SANTANDER,68755,Municipio,-73.261198,6.46387,
9147,SOCORRO,"2,016",5,68,SANTANDER,68755,Municipio,-73.261198,6.46387,
9148,SOCORRO,"2,017",2,68,SANTANDER,68755,Municipio,-73.261198,6.46387,
9149,SOCORRO,"2,018",5,68,SANTANDER,68755,Municipio,-73.261198,6.46387,
9150,SOCORRO,"2,019",7,68,SANTANDER,68755,Municipio,-73.261198,6.46387,
9151,SOCOTÁ,"2,007",2,15,BOYACÁ,15755,Municipio,-72.636653,6.041162,
9152,SOCOTÁ,"2,010",2,15,BOYACÁ,15755,Municipio,-72.636653,6.041162,
9153,SOCOTÁ,"2,015",1,15,BOYACÁ,15755,Municipio,-72.636653,6.041162,
9154,SOCOTÁ,"2,018",1,15,BOYACÁ,15755,Municipio,-72.636653,6.041162,
9155,SOCOTÁ,"2,019",1,15,BOYACÁ,15755,Municipio,-72.636653,6.041162,
9156,SOGAMOSO,"1,985",3,15,BOYACÁ,15759,Municipio,-72.924355,5.723976,
9157,SOGAMOSO,"1,986",2,15,BOYACÁ,15759,Municipio,-72.924355,5.723976,
9158,SOGAMOSO,"1,989",4,15,BOYACÁ,15759,Municipio,-72.924355,5.723976,
9159,SOGAMOSO,"1,990",2,15,BOYACÁ,15759,Municipio,-72.924355,5.723976,
9160,SOGAMOSO,"1,991",4,15,BOYACÁ,15759,Municipio,-72.924355,5.723976,
9161,SOGAMOSO,"1,992",2,15,BOYACÁ,15759,Municipio,-72.924355,5.723976,
9162,SOGAMOSO,"1,993",2,15,BOYACÁ,15759,Municipio,-72.924355,5.723976,
9163,SOGAMOSO,"1,994",3,15,BOYACÁ,15759,Municipio,-72.924355,5.723976,
9164,SOGAMOSO,"1,995",9,15,BOYACÁ,15759,Municipio,-72.924355,5.723976,
9165,SOGAMOSO,"1,996",2,15,BOYACÁ,15759,Municipio,-72.924355,5.723976,
9166,SOGAMOSO,"1,997",11,15,BOYACÁ,15759,Municipio,-72.924355,5.723976,
9167,SOGAMOSO,"1,998",2,15,BOYACÁ,15759,Municipio,-72.924355,5.723976,
9168,SOGAMOSO,"1,999",3,15,BOYACÁ,15759,Municipio,-72.924355,5.723976,
9169,SOGAMOSO,"2,000",3,15,BOYACÁ,15759,Municipio,-72.924355,5.723976,
9170,SOGAMOSO,"2,001",5,15,BOYACÁ,15759,Municipio,-72.924355,5.723976,
9171,SOGAMOSO,"2,002",2,15,BOYACÁ,15759,Municipio,-72.924355,5.723976,
9172,SOGAMOSO,"2,003",4,15,BOYACÁ,15759,Municipio,-72.924355,5.723976,
9173,SOGAMOSO,"2,004",4,15,BOYACÁ,15759,Municipio,-72.924355,5.723976,
9174,SOGAMOSO,"2,005",6,15,BOYACÁ,15759,Municipio,-72.924355,5.723976,
9175,SOGAMOSO,"2,006",6,15,BOYACÁ,15759,Municipio,-72.924355,5.723976,
9176,SOGAMOSO,"2,007",12,15,BOYACÁ,15759,Municipio,-72.924355,5.723976,
9177,SOGAMOSO,"2,008",10,15,BOYACÁ,15759,Municipio,-72.924355,5.723976,
9178,SOGAMOSO,"2,009",9,15,BOYACÁ,15759,Municipio,-72.924355,5.723976,
9179,SOGAMOSO,"2,010",11,15,BOYACÁ,15759,Municipio,-72.924355,5.723976,
9180,SOGAMOSO,"2,011",14,15,BOYACÁ,15759,Municipio,-72.924355,5.723976,
9181,SOGAMOSO,"2,012",18,15,BOYACÁ,15759,Municipio,-72.924355,5.723976,
9182,SOGAMOSO,"2,013",11,15,BOYACÁ,15759,Municipio,-72.924355,5.723976,
9183,SOGAMOSO,"2,014",19,15,BOYACÁ,15759,Municipio,-72.924355,5.723976,
9184,SOGAMOSO,"2,015",18,15,BOYACÁ,15759,Municipio,-72.924355,5.723976,
9185,SOGAMOSO,"2,016",17,15,BOYACÁ,15759,Municipio,-72.924355,5.723976,
9186,SOGAMOSO,"2,017",16,15,BOYACÁ,15759,Municipio,-72.924355,5.723976,
9187,SOGAMOSO,"2,018",12,15,BOYACÁ,15759,Municipio,-72.924355,5.723976,
9188,SOGAMOSO,"2,019",15,15,BOYACÁ,15759,Municipio,-72.924355,5.723976,
9189,SOLANO,"2,016",1,18,CAQUETÁ,18756,Municipio,-75.253702,0.699077,
9190,SOLEDAD,"1,985",1,8,ATLÁNTICO,8758,Municipio,-74.786054,10.909921,
9191,SOLEDAD,"1,986",2,8,ATLÁNTICO,8758,Municipio,-74.786054,10.909921,
9192,SOLEDAD,"1,988",3,8,ATLÁNTICO,8758,Municipio,-74.786054,10.909921,
9193,SOLEDAD,"1,989",2,8,ATLÁNTICO,8758,Municipio,-74.786054,10.909921,
9194,SOLEDAD,"1,990",2,8,ATLÁNTICO,8758,Municipio,-74.786054,10.909921,
9195,SOLEDAD,"1,991",3,8,ATLÁNTICO,8758,Municipio,-74.786054,10.909921,
9196,SOLEDAD,"1,992",5,8,ATLÁNTICO,8758,Municipio,-74.786054,10.909921,
9197,SOLEDAD,"1,993",2,8,ATLÁNTICO,8758,Municipio,-74.786054,10.909921,
9198,SOLEDAD,"1,994",2,8,ATLÁNTICO,8758,Municipio,-74.786054,10.909921,
9199,SOLEDAD,"1,995",5,8,ATLÁNTICO,8758,Municipio,-74.786054,10.909921,
9200,SOLEDAD,"1,996",2,8,ATLÁNTICO,8758,Municipio,-74.786054,10.909921,
9201,SOLEDAD,"1,997",2,8,ATLÁNTICO,8758,Municipio,-74.786054,10.909921,
9202,SOLEDAD,"1,998",2,8,ATLÁNTICO,8758,Municipio,-74.786054,10.909921,
9203,SOLEDAD,"1,999",2,8,ATLÁNTICO,8758,Municipio,-74.786054,10.909921,
9204,SOLEDAD,"2,000",3,8,ATLÁNTICO,8758,Municipio,-74.786054,10.909921,
9205,SOLEDAD,"2,001",2,8,ATLÁNTICO,8758,Municipio,-74.786054,10.909921,
9206,SOLEDAD,"2,002",6,8,ATLÁNTICO,8758,Municipio,-74.786054,10.909921,
9207,SOLEDAD,"2,003",4,8,ATLÁNTICO,8758,Municipio,-74.786054,10.909921,
9208,SOLEDAD,"2,004",4,8,ATLÁNTICO,8758,Municipio,-74.786054,10.909921,
9209,SOLEDAD,"2,005",8,8,ATLÁNTICO,8758,Municipio,-74.786054,10.909921,
9210,SOLEDAD,"2,006",5,8,ATLÁNTICO,8758,Municipio,-74.786054,10.909921,
9211,SOLEDAD,"2,007",6,8,ATLÁNTICO,8758,Municipio,-74.786054,10.909921,
9212,SOLEDAD,"2,008",9,8,ATLÁNTICO,8758,Municipio,-74.786054,10.909921,
9213,SOLEDAD,"2,009",5,8,ATLÁNTICO,8758,Municipio,-74.786054,10.909921,
9214,SOLEDAD,"2,010",5,8,ATLÁNTICO,8758,Municipio,-74.786054,10.909921,
9215,SOLEDAD,"2,011",6,8,ATLÁNTICO,8758,Municipio,-74.786054,10.909921,
9216,SOLEDAD,"2,012",7,8,ATLÁNTICO,8758,Municipio,-74.786054,10.909921,
9217,SOLEDAD,"2,013",6,8,ATLÁNTICO,8758,Municipio,-74.786054,10.909921,
9218,SOLEDAD,"2,014",6,8,ATLÁNTICO,8758,Municipio,-74.786054,10.909921,
9219,SOLEDAD,"2,015",9,8,ATLÁNTICO,8758,Municipio,-74.786054,10.909921,
9220,SOLEDAD,"2,016",8,8,ATLÁNTICO,8758,Municipio,-74.786054,10.909921,
9221,SOLEDAD,"2,017",15,8,ATLÁNTICO,8758,Municipio,-74.786054,10.909921,
9222,SOLEDAD,"2,018",12,8,ATLÁNTICO,8758,Municipio,-74.786054,10.909921,
9223,SOLEDAD,"2,019",16,8,ATLÁNTICO,8758,Municipio,-74.786054,10.909921,
9224,SOLITA,"2,006",1,18,CAQUETÁ,18785,Municipio,-75.619902,0.87654,
9225,SOMONDOCO,"1,993",1,15,BOYACÁ,15761,Municipio,-73.433393,4.985726,
9226,SOMONDOCO,"1,998",1,15,BOYACÁ,15761,Municipio,-73.433393,4.985726,
9227,SOMONDOCO,"2,007",1,15,BOYACÁ,15761,Municipio,-73.433393,4.985726,
9228,SOMONDOCO,"2,015",1,15,BOYACÁ,15761,Municipio,-73.433393,4.985726,
9229,SONSÓN,"1,985",3,5,ANTIOQUIA,5756,Municipio,-75.309596,5.714851,
9230,SONSÓN,"1,986",1,5,ANTIOQUIA,5756,Municipio,-75.309596,5.714851,
9231,SONSÓN,"1,987",1,5,ANTIOQUIA,5756,Municipio,-75.309596,5.714851,
9232,SONSÓN,"1,988",2,5,ANTIOQUIA,5756,Municipio,-75.309596,5.714851,
9233,SONSÓN,"1,989",3,5,ANTIOQUIA,5756,Municipio,-75.309596,5.714851,
9234,SONSÓN,"1,990",7,5,ANTIOQUIA,5756,Municipio,-75.309596,5.714851,
9235,SONSÓN,"1,991",2,5,ANTIOQUIA,5756,Municipio,-75.309596,5.714851,
9236,SONSÓN,"1,992",1,5,ANTIOQUIA,5756,Municipio,-75.309596,5.714851,
9237,SONSÓN,"1,993",1,5,ANTIOQUIA,5756,Municipio,-75.309596,5.714851,
9238,SONSÓN,"1,994",1,5,ANTIOQUIA,5756,Municipio,-75.309596,5.714851,
9239,SONSÓN,"1,995",3,5,ANTIOQUIA,5756,Municipio,-75.309596,5.714851,
9240,SONSÓN,"1,998",3,5,ANTIOQUIA,5756,Municipio,-75.309596,5.714851,
9241,SONSÓN,"1,999",1,5,ANTIOQUIA,5756,Municipio,-75.309596,5.714851,
9242,SONSÓN,"2,000",3,5,ANTIOQUIA,5756,Municipio,-75.309596,5.714851,
9243,SONSÓN,"2,001",2,5,ANTIOQUIA,5756,Municipio,-75.309596,5.714851,
9244,SONSÓN,"2,002",1,5,ANTIOQUIA,5756,Municipio,-75.309596,5.714851,
9245,SONSÓN,"2,003",1,5,ANTIOQUIA,5756,Municipio,-75.309596,5.714851,
9246,SONSÓN,"2,005",3,5,ANTIOQUIA,5756,Municipio,-75.309596,5.714851,
9247,SONSÓN,"2,006",1,5,ANTIOQUIA,5756,Municipio,-75.309596,5.714851,
9248,SONSÓN,"2,007",1,5,ANTIOQUIA,5756,Municipio,-75.309596,5.714851,
9249,SONSÓN,"2,008",1,5,ANTIOQUIA,5756,Municipio,-75.309596,5.714851,
9250,SONSÓN,"2,011",1,5,ANTIOQUIA,5756,Municipio,-75.309596,5.714851,
9251,SONSÓN,"2,013",5,5,ANTIOQUIA,5756,Municipio,-75.309596,5.714851,
9252,SONSÓN,"2,014",2,5,ANTIOQUIA,5756,Municipio,-75.309596,5.714851,
9253,SONSÓN,"2,015",3,5,ANTIOQUIA,5756,Municipio,-75.309596,5.714851,
9254,SONSÓN,"2,016",3,5,ANTIOQUIA,5756,Municipio,-75.309596,5.714851,
9255,SONSÓN,"2,018",4,5,ANTIOQUIA,5756,Municipio,-75.309596,5.714851,
9256,SONSÓN,"2,019",1,5,ANTIOQUIA,5756,Municipio,-75.309596,5.714851,
9257,SOPETRÁN,"1,991",1,5,ANTIOQUIA,5761,Municipio,-75.747378,6.500745,
9258,SOPETRÁN,"1,995",1,5,ANTIOQUIA,5761,Municipio,-75.747378,6.500745,
9259,SOPETRÁN,"1,997",1,5,ANTIOQUIA,5761,Municipio,-75.747378,6.500745,
9260,SOPETRÁN,"1,999",2,5,ANTIOQUIA,5761,Municipio,-75.747378,6.500745,
9261,SOPETRÁN,"2,000",1,5,ANTIOQUIA,5761,Municipio,-75.747378,6.500745,
9262,SOPETRÁN,"2,003",2,5,ANTIOQUIA,5761,Municipio,-75.747378,6.500745,
9263,SOPETRÁN,"2,004",1,5,ANTIOQUIA,5761,Municipio,-75.747378,6.500745,
9264,SOPETRÁN,"2,011",2,5,ANTIOQUIA,5761,Municipio,-75.747378,6.500745,
9265,SOPETRÁN,"2,013",3,5,ANTIOQUIA,5761,Municipio,-75.747378,6.500745,
9266,SOPETRÁN,"2,014",1,5,ANTIOQUIA,5761,Municipio,-75.747378,6.500745,
9267,SOPLAVIENTO,"1,988",1,13,BOLÍVAR,13760,Municipio,-75.136404,10.38839,
9268,SOPLAVIENTO,"2,005",1,13,BOLÍVAR,13760,Municipio,-75.136404,10.38839,
9269,SOPLAVIENTO,"2,017",1,13,BOLÍVAR,13760,Municipio,-75.136404,10.38839,
9270,SOPLAVIENTO,"2,018",1,13,BOLÍVAR,13760,Municipio,-75.136404,10.38839,
9271,SOPLAVIENTO,"2,019",1,13,BOLÍVAR,13760,Municipio,-75.136404,10.38839,
9272,SOPÓ,"1,986",1,25,CUNDINAMARCA,25758,Municipio,-73.943328,4.915395,
9273,SOPÓ,"1,990",1,25,CUNDINAMARCA,25758,Municipio,-73.943328,4.915395,
9274,SOPÓ,"1,994",2,25,CUNDINAMARCA,25758,Municipio,-73.943328,4.915395,
9275,SOPÓ,"1,996",1,25,CUNDINAMARCA,25758,Municipio,-73.943328,4.915395,
9276,SOPÓ,"1,997",1,25,CUNDINAMARCA,25758,Municipio,-73.943328,4.915395,
9277,SOPÓ,"1,999",1,25,CUNDINAMARCA,25758,Municipio,-73.943328,4.915395,
9278,SOPÓ,"2,004",2,25,CUNDINAMARCA,25758,Municipio,-73.943328,4.915395,
9279,SOPÓ,"2,005",2,25,CUNDINAMARCA,25758,Municipio,-73.943328,4.915395,
9280,SOPÓ,"2,007",1,25,CUNDINAMARCA,25758,Municipio,-73.943328,4.915395,
9281,SOPÓ,"2,008",2,25,CUNDINAMARCA,25758,Municipio,-73.943328,4.915395,
9282,SOPÓ,"2,009",1,25,CUNDINAMARCA,25758,Municipio,-73.943328,4.915395,
9283,SOPÓ,"2,011",1,25,CUNDINAMARCA,25758,Municipio,-73.943328,4.915395,
9284,SOPÓ,"2,016",2,25,CUNDINAMARCA,25758,Municipio,-73.943328,4.915395,
9285,SOPÓ,"2,017",2,25,CUNDINAMARCA,25758,Municipio,-73.943328,4.915395,
9286,SOPÓ,"2,018",1,25,CUNDINAMARCA,25758,Municipio,-73.943328,4.915395,
9287,SOPÓ,"2,019",2,25,CUNDINAMARCA,25758,Municipio,-73.943328,4.915395,
9288,SORACÁ,"2,011",1,15,BOYACÁ,15764,Municipio,-73.332804,5.500898,
9289,SORACÁ,"2,016",1,15,BOYACÁ,15764,Municipio,-73.332804,5.500898,
9290,SOTAQUIRÁ,"2,009",1,15,BOYACÁ,15763,Municipio,-73.246585,5.764986,
9291,SOTAQUIRÁ,"2,010",1,15,BOYACÁ,15763,Municipio,-73.246585,5.764986,
9292,SOTAQUIRÁ,"2,016",1,15,BOYACÁ,15763,Municipio,-73.246585,5.764986,
9293,SUAITA,"1,986",1,68,SANTANDER,68770,Municipio,-73.44165,6.101329,
9294,SUAITA,"1,992",1,68,SANTANDER,68770,Municipio,-73.44165,6.101329,
9295,SUAITA,"1,994",1,68,SANTANDER,68770,Municipio,-73.44165,6.101329,
9296,SUAITA,"1,995",1,68,SANTANDER,68770,Municipio,-73.44165,6.101329,
9297,SUAITA,"2,005",1,68,SANTANDER,68770,Municipio,-73.44165,6.101329,
9298,SUAITA,"2,016",1,68,SANTANDER,68770,Municipio,-73.44165,6.101329,
9299,SUAN,"1,989",1,8,ATLÁNTICO,8770,Municipio,-74.881687,10.335432,
9300,SUAN,"2,012",1,8,ATLÁNTICO,8770,Municipio,-74.881687,10.335432,
9301,SUAN,"2,019",1,8,ATLÁNTICO,8770,Municipio,-74.881687,10.335432,
9302,SUAZA,"1,996",1,41,HUILA,41770,Municipio,-75.79525,1.976051,
9303,SUAZA,"2,001",1,41,HUILA,41770,Municipio,-75.79525,1.976051,
9304,SUAZA,"2,009",1,41,HUILA,41770,Municipio,-75.79525,1.976051,
9305,SUAZA,"2,011",1,41,HUILA,41770,Municipio,-75.79525,1.976051,
9306,SUAZA,"2,012",1,41,HUILA,41770,Municipio,-75.79525,1.976051,
9307,SUAZA,"2,014",1,41,HUILA,41770,Municipio,-75.79525,1.976051,
9308,SUAZA,"2,015",2,41,HUILA,41770,Municipio,-75.79525,1.976051,
9309,SUAZA,"2,016",1,41,HUILA,41770,Municipio,-75.79525,1.976051,
9310,SUBACHOQUE,"1,992",3,25,CUNDINAMARCA,25769,Municipio,-74.172773,4.929118,
9311,SUBACHOQUE,"1,993",1,25,CUNDINAMARCA,25769,Municipio,-74.172773,4.929118,
9312,SUBACHOQUE,"1,998",1,25,CUNDINAMARCA,25769,Municipio,-74.172773,4.929118,
9313,SUBACHOQUE,"1,999",1,25,CUNDINAMARCA,25769,Municipio,-74.172773,4.929118,
9314,SUBACHOQUE,"2,000",3,25,CUNDINAMARCA,25769,Municipio,-74.172773,4.929118,
9315,SUBACHOQUE,"2,001",1,25,CUNDINAMARCA,25769,Municipio,-74.172773,4.929118,
9316,SUBACHOQUE,"2,006",1,25,CUNDINAMARCA,25769,Municipio,-74.172773,4.929118,
9317,SUBACHOQUE,"2,012",3,25,CUNDINAMARCA,25769,Municipio,-74.172773,4.929118,
9318,SUBACHOQUE,"2,014",1,25,CUNDINAMARCA,25769,Municipio,-74.172773,4.929118,
9319,SUBACHOQUE,"2,017",1,25,CUNDINAMARCA,25769,Municipio,-74.172773,4.929118,
9320,SUCRE,"1,989",1,19,CAUCA,19785,Municipio,-76.926279,2.038237,
9321,SUCRE,"1,989",1,68,SANTANDER,68773,Municipio,-73.790975,5.918743,
9322,SUCRE,"1,989",1,70,SUCRE,70771,Municipio,-74.723175,8.811737,
9323,SUCRE,"1,992",1,19,CAUCA,19785,Municipio,-76.926279,2.038237,
9324,SUCRE,"1,992",1,68,SANTANDER,68773,Municipio,-73.790975,5.918743,
9325,SUCRE,"1,992",1,70,SUCRE,70771,Municipio,-74.723175,8.811737,
9326,SUCRE,"1,997",1,19,CAUCA,19785,Municipio,-76.926279,2.038237,
9327,SUCRE,"1,997",1,68,SANTANDER,68773,Municipio,-73.790975,5.918743,
9328,SUCRE,"1,997",1,70,SUCRE,70771,Municipio,-74.723175,8.811737,
9329,SUCRE,"2,001",1,19,CAUCA,19785,Municipio,-76.926279,2.038237,
9330,SUCRE,"2,001",1,68,SANTANDER,68773,Municipio,-73.790975,5.918743,
9331,SUCRE,"2,001",1,70,SUCRE,70771,Municipio,-74.723175,8.811737,
9332,SUCRE,"2,008",1,19,CAUCA,19785,Municipio,-76.926279,2.038237,
9333,SUCRE,"2,008",1,68,SANTANDER,68773,Municipio,-73.790975,5.918743,
9334,SUCRE,"2,008",1,70,SUCRE,70771,Municipio,-74.723175,8.811737,
9335,SUCRE,"2,010",1,19,CAUCA,19785,Municipio,-76.926279,2.038237,
9336,SUCRE,"2,010",1,68,SANTANDER,68773,Municipio,-73.790975,5.918743,
9337,SUCRE,"2,010",1,70,SUCRE,70771,Municipio,-74.723175,8.811737,
9338,SUCRE,"2,011",1,19,CAUCA,19785,Municipio,-76.926279,2.038237,
9339,SUCRE,"2,011",1,68,SANTANDER,68773,Municipio,-73.790975,5.918743,
9340,SUCRE,"2,011",1,70,SUCRE,70771,Municipio,-74.723175,8.811737,
9341,SUCRE,"2,013",1,19,CAUCA,19785,Municipio,-76.926279,2.038237,
9342,SUCRE,"2,013",1,68,SANTANDER,68773,Municipio,-73.790975,5.918743,
9343,SUCRE,"2,013",1,70,SUCRE,70771,Municipio,-74.723175,8.811737,
9344,SUCRE,"2,014",2,19,CAUCA,19785,Municipio,-76.926279,2.038237,
9345,SUCRE,"2,014",2,68,SANTANDER,68773,Municipio,-73.790975,5.918743,
9346,SUCRE,"2,014",2,70,SUCRE,70771,Municipio,-74.723175,8.811737,
9347,SUCRE,"2,015",2,19,CAUCA,19785,Municipio,-76.926279,2.038237,
9348,SUCRE,"2,015",2,68,SANTANDER,68773,Municipio,-73.790975,5.918743,
9349,SUCRE,"2,015",2,70,SUCRE,70771,Municipio,-74.723175,8.811737,
9350,SUCRE,"2,016",1,19,CAUCA,19785,Municipio,-76.926279,2.038237,
9351,SUCRE,"2,016",1,68,SANTANDER,68773,Municipio,-73.790975,5.918743,
9352,SUCRE,"2,016",1,70,SUCRE,70771,Municipio,-74.723175,8.811737,
9353,SUCRE,"2,017",1,19,CAUCA,19785,Municipio,-76.926279,2.038237,
9354,SUCRE,"2,017",1,68,SANTANDER,68773,Municipio,-73.790975,5.918743,
9355,SUCRE,"2,017",1,70,SUCRE,70771,Municipio,-74.723175,8.811737,
9356,SUCRE,"2,019",1,19,CAUCA,19785,Municipio,-76.926279,2.038237,
9357,SUCRE,"2,019",1,68,SANTANDER,68773,Municipio,-73.790975,5.918743,
9358,SUCRE,"2,019",1,70,SUCRE,70771,Municipio,-74.723175,8.811737,
9359,SUESCA,"1,987",2,25,CUNDINAMARCA,25772,Municipio,-73.798227,5.103495,
9360,SUESCA,"2,001",1,25,CUNDINAMARCA,25772,Municipio,-73.798227,5.103495,
9361,SUESCA,"2,005",1,25,CUNDINAMARCA,25772,Municipio,-73.798227,5.103495,
9362,SUESCA,"2,007",1,25,CUNDINAMARCA,25772,Municipio,-73.798227,5.103495,
9363,SUESCA,"2,008",1,25,CUNDINAMARCA,25772,Municipio,-73.798227,5.103495,
9364,SUESCA,"2,017",2,25,CUNDINAMARCA,25772,Municipio,-73.798227,5.103495,
9365,SUESCA,"2,018",1,25,CUNDINAMARCA,25772,Municipio,-73.798227,5.103495,
9366,SUPATÁ,"1,999",1,25,CUNDINAMARCA,25777,Municipio,-74.235403,5.06162,
9367,SUPATÁ,"2,003",1,25,CUNDINAMARCA,25777,Municipio,-74.235403,5.06162,
9368,SUPATÁ,"2,014",1,25,CUNDINAMARCA,25777,Municipio,-74.235403,5.06162,
9369,SUPATÁ,"2,015",1,25,CUNDINAMARCA,25777,Municipio,-74.235403,5.06162,
9370,SUPÍA,"1,987",1,17,CALDAS,17777,Municipio,-75.64966,5.446843,
9371,SUPÍA,"1,988",2,17,CALDAS,17777,Municipio,-75.64966,5.446843,
9372,SUPÍA,"1,992",1,17,CALDAS,17777,Municipio,-75.64966,5.446843,
9373,SUPÍA,"1,995",3,17,CALDAS,17777,Municipio,-75.64966,5.446843,
9374,SUPÍA,"1,996",3,17,CALDAS,17777,Municipio,-75.64966,5.446843,
9375,SUPÍA,"1,997",2,17,CALDAS,17777,Municipio,-75.64966,5.446843,
9376,SUPÍA,"1,998",2,17,CALDAS,17777,Municipio,-75.64966,5.446843,
9377,SUPÍA,"1,999",1,17,CALDAS,17777,Municipio,-75.64966,5.446843,
9378,SUPÍA,"2,000",1,17,CALDAS,17777,Municipio,-75.64966,5.446843,
9379,SUPÍA,"2,007",1,17,CALDAS,17777,Municipio,-75.64966,5.446843,
9380,SUPÍA,"2,008",2,17,CALDAS,17777,Municipio,-75.64966,5.446843,
9381,SUPÍA,"2,009",1,17,CALDAS,17777,Municipio,-75.64966,5.446843,
9382,SUPÍA,"2,012",1,17,CALDAS,17777,Municipio,-75.64966,5.446843,
9383,SUPÍA,"2,014",1,17,CALDAS,17777,Municipio,-75.64966,5.446843,
9384,SUPÍA,"2,015",1,17,CALDAS,17777,Municipio,-75.64966,5.446843,
9385,SUPÍA,"2,016",1,17,CALDAS,17777,Municipio,-75.64966,5.446843,
9386,SUPÍA,"2,017",3,17,CALDAS,17777,Municipio,-75.64966,5.446843,
9387,SUPÍA,"2,018",2,17,CALDAS,17777,Municipio,-75.64966,5.446843,
9388,SUPÍA,"2,019",1,17,CALDAS,17777,Municipio,-75.64966,5.446843,
9389,SURATÁ,"2,019",1,68,SANTANDER,68780,Municipio,-72.984232,7.36658,
9390,SUSA,"1,987",2,25,CUNDINAMARCA,25779,Municipio,-73.813938,5.455291,
9391,SUSA,"1,992",1,25,CUNDINAMARCA,25779,Municipio,-73.813938,5.455291,
9392,SUSA,"1,997",1,25,CUNDINAMARCA,25779,Municipio,-73.813938,5.455291,
9393,SUSA,"2,004",1,25,CUNDINAMARCA,25779,Municipio,-73.813938,5.455291,
9394,SUSA,"2,015",1,25,CUNDINAMARCA,25779,Municipio,-73.813938,5.455291,
9395,SUSA,"2,018",1,25,CUNDINAMARCA,25779,Municipio,-73.813938,5.455291,
9396,SUSACÓN,"2,013",1,15,BOYACÁ,15774,Municipio,-72.690289,6.230332,
9397,SUSACÓN,"2,018",1,15,BOYACÁ,15774,Municipio,-72.690289,6.230332,
9398,SUTAMARCHÁN,"1,995",1,15,BOYACÁ,15776,Municipio,-73.620536,5.619781,
9399,SUTAMARCHÁN,"1,999",1,15,BOYACÁ,15776,Municipio,-73.620536,5.619781,
9400,SUTAMARCHÁN,"2,004",1,15,BOYACÁ,15776,Municipio,-73.620536,5.619781,
9401,SUTATAUSA,"2,008",1,25,CUNDINAMARCA,25781,Municipio,-73.853159,5.247482,
9402,SUTATENZA,"2,001",1,15,BOYACÁ,15778,Municipio,-73.452317,5.022989,
9403,SUTATENZA,"2,006",1,15,BOYACÁ,15778,Municipio,-73.452317,5.022989,
9404,SUÁREZ,"1,987",1,19,CAUCA,19780,Municipio,-76.69357,2.959785,
9405,SUÁREZ,"1,987",1,73,TOLIMA,73770,Municipio,-74.831885,4.048891,
9406,SUÁREZ,"2,005",2,19,CAUCA,19780,Municipio,-76.69357,2.959785,
9407,SUÁREZ,"2,005",2,73,TOLIMA,73770,Municipio,-74.831885,4.048891,
9408,SUÁREZ,"2,007",1,19,CAUCA,19780,Municipio,-76.69357,2.959785,
9409,SUÁREZ,"2,007",1,73,TOLIMA,73770,Municipio,-74.831885,4.048891,
9410,SÁCHICA,"2,000",1,15,BOYACÁ,15638,Municipio,-73.542539,5.584305,
9411,SÁCHICA,"2,003",1,15,BOYACÁ,15638,Municipio,-73.542539,5.584305,
9412,SÁCHICA,"2,016",1,15,BOYACÁ,15638,Municipio,-73.542539,5.584305,
9413,TABIO,"1,992",1,25,CUNDINAMARCA,25785,Municipio,-74.096461,4.916832,
9414,TABIO,"1,995",1,25,CUNDINAMARCA,25785,Municipio,-74.096461,4.916832,
9415,TABIO,"2,003",1,25,CUNDINAMARCA,25785,Municipio,-74.096461,4.916832,
9416,TABIO,"2,004",1,25,CUNDINAMARCA,25785,Municipio,-74.096461,4.916832,
9417,TABIO,"2,007",1,25,CUNDINAMARCA,25785,Municipio,-74.096461,4.916832,
9418,TABIO,"2,008",1,25,CUNDINAMARCA,25785,Municipio,-74.096461,4.916832,
9419,TABIO,"2,009",1,25,CUNDINAMARCA,25785,Municipio,-74.096461,4.916832,
9420,TABIO,"2,010",1,25,CUNDINAMARCA,25785,Municipio,-74.096461,4.916832,
9421,TABIO,"2,011",1,25,CUNDINAMARCA,25785,Municipio,-74.096461,4.916832,
9422,TABIO,"2,012",1,25,CUNDINAMARCA,25785,Municipio,-74.096461,4.916832,
9423,TABIO,"2,014",1,25,CUNDINAMARCA,25785,Municipio,-74.096461,4.916832,
9424,TABIO,"2,016",1,25,CUNDINAMARCA,25785,Municipio,-74.096461,4.916832,
9425,TABIO,"2,018",1,25,CUNDINAMARCA,25785,Municipio,-74.096461,4.916832,
9426,TABIO,"2,019",2,25,CUNDINAMARCA,25785,Municipio,-74.096461,4.916832,
9427,TADÓ,"1,988",1,27,CHOCÓ,27787,Municipio,-76.558571,5.264873,
9428,TADÓ,"1,989",1,27,CHOCÓ,27787,Municipio,-76.558571,5.264873,
9429,TADÓ,"1,991",1,27,CHOCÓ,27787,Municipio,-76.558571,5.264873,
9430,TADÓ,"2,002",1,27,CHOCÓ,27787,Municipio,-76.558571,5.264873,
9431,TADÓ,"2,003",2,27,CHOCÓ,27787,Municipio,-76.558571,5.264873,
9432,TADÓ,"2,004",2,27,CHOCÓ,27787,Municipio,-76.558571,5.264873,
9433,TADÓ,"2,006",1,27,CHOCÓ,27787,Municipio,-76.558571,5.264873,
9434,TADÓ,"2,009",1,27,CHOCÓ,27787,Municipio,-76.558571,5.264873,
9435,TADÓ,"2,011",3,27,CHOCÓ,27787,Municipio,-76.558571,5.264873,
9436,TALAIGUA NUEVO,"1,987",1,13,BOLÍVAR,13780,Municipio,-74.567479,9.30403,
9437,TALAIGUA NUEVO,"1,994",1,13,BOLÍVAR,13780,Municipio,-74.567479,9.30403,
9438,TALAIGUA NUEVO,"2,001",1,13,BOLÍVAR,13780,Municipio,-74.567479,9.30403,
9439,TALAIGUA NUEVO,"2,007",1,13,BOLÍVAR,13780,Municipio,-74.567479,9.30403,
9440,TALAIGUA NUEVO,"2,009",1,13,BOLÍVAR,13780,Municipio,-74.567479,9.30403,
9441,TALAIGUA NUEVO,"2,017",1,13,BOLÍVAR,13780,Municipio,-74.567479,9.30403,
9442,TAMALAMEQUE,"1,992",1,20,CESAR,20787,Municipio,-73.812172,8.861725,
9443,TAMALAMEQUE,"2,001",1,20,CESAR,20787,Municipio,-73.812172,8.861725,
9444,TAMALAMEQUE,"2,003",1,20,CESAR,20787,Municipio,-73.812172,8.861725,
9445,TAMALAMEQUE,"2,004",1,20,CESAR,20787,Municipio,-73.812172,8.861725,
9446,TAMALAMEQUE,"2,012",1,20,CESAR,20787,Municipio,-73.812172,8.861725,
9447,TAMALAMEQUE,"2,013",1,20,CESAR,20787,Municipio,-73.812172,8.861725,
9448,TAMALAMEQUE,"2,014",1,20,CESAR,20787,Municipio,-73.812172,8.861725,
9449,TAME,"1,988",2,81,ARAUCA,81794,Municipio,-71.754427,6.453324,
9450,TAME,"1,991",1,81,ARAUCA,81794,Municipio,-71.754427,6.453324,
9451,TAME,"1,992",1,81,ARAUCA,81794,Municipio,-71.754427,6.453324,
9452,TAME,"1,996",3,81,ARAUCA,81794,Municipio,-71.754427,6.453324,
9453,TAME,"1,997",2,81,ARAUCA,81794,Municipio,-71.754427,6.453324,
9454,TAME,"1,999",1,81,ARAUCA,81794,Municipio,-71.754427,6.453324,
9455,TAME,"2,000",1,81,ARAUCA,81794,Municipio,-71.754427,6.453324,
9456,TAME,"2,003",2,81,ARAUCA,81794,Municipio,-71.754427,6.453324,
9457,TAME,"2,004",1,81,ARAUCA,81794,Municipio,-71.754427,6.453324,
9458,TAME,"2,005",1,81,ARAUCA,81794,Municipio,-71.754427,6.453324,
9459,TAME,"2,006",4,81,ARAUCA,81794,Municipio,-71.754427,6.453324,
9460,TAME,"2,007",2,81,ARAUCA,81794,Municipio,-71.754427,6.453324,
9461,TAME,"2,008",1,81,ARAUCA,81794,Municipio,-71.754427,6.453324,
9462,TAME,"2,009",2,81,ARAUCA,81794,Municipio,-71.754427,6.453324,
9463,TAME,"2,010",1,81,ARAUCA,81794,Municipio,-71.754427,6.453324,
9464,TAME,"2,011",2,81,ARAUCA,81794,Municipio,-71.754427,6.453324,
9465,TAME,"2,012",1,81,ARAUCA,81794,Municipio,-71.754427,6.453324,
9466,TAME,"2,013",2,81,ARAUCA,81794,Municipio,-71.754427,6.453324,
9467,TAME,"2,014",2,81,ARAUCA,81794,Municipio,-71.754427,6.453324,
9468,TAME,"2,015",1,81,ARAUCA,81794,Municipio,-71.754427,6.453324,
9469,TAME,"2,016",2,81,ARAUCA,81794,Municipio,-71.754427,6.453324,
9470,TAME,"2,017",1,81,ARAUCA,81794,Municipio,-71.754427,6.453324,
9471,TAME,"2,019",1,81,ARAUCA,81794,Municipio,-71.754427,6.453324,
9472,TAMINANGO,"2,012",1,52,NARIÑO,52786,Municipio,-77.2808,1.570358,
9473,TAMINANGO,"2,014",1,52,NARIÑO,52786,Municipio,-77.2808,1.570358,
9474,TAMINANGO,"2,015",1,52,NARIÑO,52786,Municipio,-77.2808,1.570358,
9475,TAMINANGO,"2,016",1,52,NARIÑO,52786,Municipio,-77.2808,1.570358,
9476,TAMINANGO,"2,017",1,52,NARIÑO,52786,Municipio,-77.2808,1.570358,
9477,TANGUA,"2,009",1,52,NARIÑO,52788,Municipio,-77.393735,1.09482,
9478,TARAZÁ,"1,986",2,5,ANTIOQUIA,5790,Municipio,-75.401407,7.580127,
9479,TARAZÁ,"1,990",2,5,ANTIOQUIA,5790,Municipio,-75.401407,7.580127,
9480,TARAZÁ,"1,993",1,5,ANTIOQUIA,5790,Municipio,-75.401407,7.580127,
9481,TARAZÁ,"1,998",1,5,ANTIOQUIA,5790,Municipio,-75.401407,7.580127,
9482,TARAZÁ,"2,008",1,5,ANTIOQUIA,5790,Municipio,-75.401407,7.580127,
9483,TARAZÁ,"2,010",1,5,ANTIOQUIA,5790,Municipio,-75.401407,7.580127,
9484,TARAZÁ,"2,011",1,5,ANTIOQUIA,5790,Municipio,-75.401407,7.580127,
9485,TARAZÁ,"2,014",3,5,ANTIOQUIA,5790,Municipio,-75.401407,7.580127,
9486,TARAZÁ,"2,017",1,5,ANTIOQUIA,5790,Municipio,-75.401407,7.580127,
9487,TARQUI,"1,991",1,41,HUILA,41791,Municipio,-75.823976,2.111325,
9488,TARQUI,"1,995",1,41,HUILA,41791,Municipio,-75.823976,2.111325,
9489,TARQUI,"2,006",1,41,HUILA,41791,Municipio,-75.823976,2.111325,
9490,TARQUI,"2,011",1,41,HUILA,41791,Municipio,-75.823976,2.111325,
9491,TARQUI,"2,012",1,41,HUILA,41791,Municipio,-75.823976,2.111325,
9492,TARQUI,"2,013",1,41,HUILA,41791,Municipio,-75.823976,2.111325,
9493,TARQUI,"2,015",1,41,HUILA,41791,Municipio,-75.823976,2.111325,
9494,TARQUI,"2,016",1,41,HUILA,41791,Municipio,-75.823976,2.111325,
9495,TARQUI,"2,019",1,41,HUILA,41791,Municipio,-75.823976,2.111325,
9496,TARSO,"1,997",1,5,ANTIOQUIA,5792,Municipio,-75.822956,5.864542,
9497,TARSO,"2,000",2,5,ANTIOQUIA,5792,Municipio,-75.822956,5.864542,
9498,TARSO,"2,012",1,5,ANTIOQUIA,5792,Municipio,-75.822956,5.864542,
9499,TARSO,"2,015",1,5,ANTIOQUIA,5792,Municipio,-75.822956,5.864542,
9500,TARSO,"2,017",1,5,ANTIOQUIA,5792,Municipio,-75.822956,5.864542,
9501,TASCO,"2,003",1,15,BOYACÁ,15790,Municipio,-72.781011,5.909821,
9502,TASCO,"2,009",1,15,BOYACÁ,15790,Municipio,-72.781011,5.909821,
9503,TASCO,"2,016",2,15,BOYACÁ,15790,Municipio,-72.781011,5.909821,
9504,TASCO,"2,017",1,15,BOYACÁ,15790,Municipio,-72.781011,5.909821,
9505,TAURAMENA,"2,001",1,85,CASANARE,85410,Municipio,-72.74662,5.018977,
9506,TAURAMENA,"2,002",1,85,CASANARE,85410,Municipio,-72.74662,5.018977,
9507,TAURAMENA,"2,005",1,85,CASANARE,85410,Municipio,-72.74662,5.018977,
9508,TAURAMENA,"2,006",1,85,CASANARE,85410,Municipio,-72.74662,5.018977,
9509,TAURAMENA,"2,008",1,85,CASANARE,85410,Municipio,-72.74662,5.018977,
9510,TAURAMENA,"2,013",1,85,CASANARE,85410,Municipio,-72.74662,5.018977,
9511,TAURAMENA,"2,014",1,85,CASANARE,85410,Municipio,-72.74662,5.018977,
9512,TAURAMENA,"2,016",1,85,CASANARE,85410,Municipio,-72.74662,5.018977,
9513,TAURAMENA,"2,019",1,85,CASANARE,85410,Municipio,-72.74662,5.018977,
9514,TELLO,"1,996",1,41,HUILA,41799,Municipio,-75.138773,3.067538,
9515,TELLO,"2,005",1,41,HUILA,41799,Municipio,-75.138773,3.067538,
9516,TELLO,"2,013",1,41,HUILA,41799,Municipio,-75.138773,3.067538,
9517,TELLO,"2,016",1,41,HUILA,41799,Municipio,-75.138773,3.067538,
9518,TELLO,"2,018",1,41,HUILA,41799,Municipio,-75.138773,3.067538,
9519,TENA,"1,989",1,25,CUNDINAMARCA,25797,Municipio,-74.389193,4.655286,
9520,TENA,"2,002",1,25,CUNDINAMARCA,25797,Municipio,-74.389193,4.655286,
9521,TENA,"2,005",1,25,CUNDINAMARCA,25797,Municipio,-74.389193,4.655286,
9522,TENA,"2,008",1,25,CUNDINAMARCA,25797,Municipio,-74.389193,4.655286,
9523,TENA,"2,010",1,25,CUNDINAMARCA,25797,Municipio,-74.389193,4.655286,
9524,TENERIFE,"1,994",1,47,MAGDALENA,47798,Municipio,-74.859783,9.898273,
9525,TENERIFE,"1,996",3,47,MAGDALENA,47798,Municipio,-74.859783,9.898273,
9526,TENERIFE,"2,003",1,47,MAGDALENA,47798,Municipio,-74.859783,9.898273,
9527,TENERIFE,"2,009",1,47,MAGDALENA,47798,Municipio,-74.859783,9.898273,
9528,TENERIFE,"2,013",1,47,MAGDALENA,47798,Municipio,-74.859783,9.898273,
9529,TENERIFE,"2,015",1,47,MAGDALENA,47798,Municipio,-74.859783,9.898273,
9530,TENERIFE,"2,016",1,47,MAGDALENA,47798,Municipio,-74.859783,9.898273,
9531,TENERIFE,"2,018",1,47,MAGDALENA,47798,Municipio,-74.859783,9.898273,
9532,TENJO,"1,985",2,25,CUNDINAMARCA,25799,Municipio,-74.143724,4.872014,
9533,TENJO,"1,988",1,25,CUNDINAMARCA,25799,Municipio,-74.143724,4.872014,
9534,TENJO,"1,989",1,25,CUNDINAMARCA,25799,Municipio,-74.143724,4.872014,
9535,TENJO,"1,991",1,25,CUNDINAMARCA,25799,Municipio,-74.143724,4.872014,
9536,TENJO,"1,993",2,25,CUNDINAMARCA,25799,Municipio,-74.143724,4.872014,
9537,TENJO,"1,994",2,25,CUNDINAMARCA,25799,Municipio,-74.143724,4.872014,
9538,TENJO,"1,995",1,25,CUNDINAMARCA,25799,Municipio,-74.143724,4.872014,
9539,TENJO,"1,997",1,25,CUNDINAMARCA,25799,Municipio,-74.143724,4.872014,
9540,TENJO,"2,002",1,25,CUNDINAMARCA,25799,Municipio,-74.143724,4.872014,
9541,TENJO,"2,012",1,25,CUNDINAMARCA,25799,Municipio,-74.143724,4.872014,
9542,TENJO,"2,017",1,25,CUNDINAMARCA,25799,Municipio,-74.143724,4.872014,
9543,TENJO,"2,018",3,25,CUNDINAMARCA,25799,Municipio,-74.143724,4.872014,
9544,TENJO,"2,019",4,25,CUNDINAMARCA,25799,Municipio,-74.143724,4.872014,
9545,TENZA,"1,986",1,15,BOYACÁ,15798,Municipio,-73.421176,5.076781,
9546,TENZA,"1,990",1,15,BOYACÁ,15798,Municipio,-73.421176,5.076781,
9547,TENZA,"1,991",1,15,BOYACÁ,15798,Municipio,-73.421176,5.076781,
9548,TENZA,"1,994",1,15,BOYACÁ,15798,Municipio,-73.421176,5.076781,
9549,TENZA,"1,995",1,15,BOYACÁ,15798,Municipio,-73.421176,5.076781,
9550,TENZA,"2,002",1,15,BOYACÁ,15798,Municipio,-73.421176,5.076781,
9551,TENZA,"2,006",1,15,BOYACÁ,15798,Municipio,-73.421176,5.076781,
9552,TENZA,"2,013",1,15,BOYACÁ,15798,Municipio,-73.421176,5.076781,
9553,TEORAMA,"2,014",1,54,NORTE DE SANTANDER,54800,Municipio,-73.28707,8.438134,
9554,TEORAMA,"2,016",1,54,NORTE DE SANTANDER,54800,Municipio,-73.28707,8.438134,
9555,TERUEL,"1,993",2,41,HUILA,41801,Municipio,-75.567034,2.740968,
9556,TERUEL,"2,005",1,41,HUILA,41801,Municipio,-75.567034,2.740968,
9557,TERUEL,"2,008",1,41,HUILA,41801,Municipio,-75.567034,2.740968,
9558,TERUEL,"2,011",2,41,HUILA,41801,Municipio,-75.567034,2.740968,
9559,TERUEL,"2,013",1,41,HUILA,41801,Municipio,-75.567034,2.740968,
9560,TESALIA,"1,991",1,41,HUILA,41797,Municipio,-75.730271,2.486364,
9561,TESALIA,"1,993",1,41,HUILA,41797,Municipio,-75.730271,2.486364,
9562,TESALIA,"1,999",1,41,HUILA,41797,Municipio,-75.730271,2.486364,
9563,TESALIA,"2,009",1,41,HUILA,41797,Municipio,-75.730271,2.486364,
9564,TESALIA,"2,013",1,41,HUILA,41797,Municipio,-75.730271,2.486364,
9565,TESALIA,"2,014",1,41,HUILA,41797,Municipio,-75.730271,2.486364,
9566,TIBACUY,"1,993",1,25,CUNDINAMARCA,25805,Municipio,-74.452662,4.348605,
9567,TIBACUY,"2,015",1,25,CUNDINAMARCA,25805,Municipio,-74.452662,4.348605,
9568,TIBANÁ,"1,998",1,15,BOYACÁ,15804,Municipio,-73.396457,5.317251,
9569,TIBANÁ,"1,999",1,15,BOYACÁ,15804,Municipio,-73.396457,5.317251,
9570,TIBANÁ,"2,000",1,15,BOYACÁ,15804,Municipio,-73.396457,5.317251,
9571,TIBANÁ,"2,004",1,15,BOYACÁ,15804,Municipio,-73.396457,5.317251,
9572,TIBANÁ,"2,006",1,15,BOYACÁ,15804,Municipio,-73.396457,5.317251,
9573,TIBANÁ,"2,008",1,15,BOYACÁ,15804,Municipio,-73.396457,5.317251,
9574,TIBANÁ,"2,009",1,15,BOYACÁ,15804,Municipio,-73.396457,5.317251,
9575,TIBANÁ,"2,013",1,15,BOYACÁ,15804,Municipio,-73.396457,5.317251,
9576,TIBANÁ,"2,014",1,15,BOYACÁ,15804,Municipio,-73.396457,5.317251,
9577,TIBANÁ,"2,015",1,15,BOYACÁ,15804,Municipio,-73.396457,5.317251,
9578,TIBANÁ,"2,018",1,15,BOYACÁ,15804,Municipio,-73.396457,5.317251,
9579,TIBASOSA,"1,985",1,15,BOYACÁ,15806,Municipio,-72.999449,5.74723,
9580,TIBASOSA,"1,987",2,15,BOYACÁ,15806,Municipio,-72.999449,5.74723,
9581,TIBASOSA,"1,988",1,15,BOYACÁ,15806,Municipio,-72.999449,5.74723,
9582,TIBASOSA,"2,007",2,15,BOYACÁ,15806,Municipio,-72.999449,5.74723,
9583,TIBASOSA,"2,010",1,15,BOYACÁ,15806,Municipio,-72.999449,5.74723,
9584,TIBASOSA,"2,014",1,15,BOYACÁ,15806,Municipio,-72.999449,5.74723,
9585,TIBASOSA,"2,015",1,15,BOYACÁ,15806,Municipio,-72.999449,5.74723,
9586,TIBIRITA,"1,992",1,25,CUNDINAMARCA,25807,Municipio,-73.504514,5.052278,
9587,TIBÚ,"1,985",1,54,NORTE DE SANTANDER,54810,Municipio,-72.734496,8.639891,
9588,TIBÚ,"1,988",1,54,NORTE DE SANTANDER,54810,Municipio,-72.734496,8.639891,
9589,TIBÚ,"1,990",1,54,NORTE DE SANTANDER,54810,Municipio,-72.734496,8.639891,
9590,TIBÚ,"1,995",1,54,NORTE DE SANTANDER,54810,Municipio,-72.734496,8.639891,
9591,TIBÚ,"1,998",1,54,NORTE DE SANTANDER,54810,Municipio,-72.734496,8.639891,
9592,TIBÚ,"2,000",1,54,NORTE DE SANTANDER,54810,Municipio,-72.734496,8.639891,
9593,TIBÚ,"2,014",1,54,NORTE DE SANTANDER,54810,Municipio,-72.734496,8.639891,
9594,TIBÚ,"2,015",2,54,NORTE DE SANTANDER,54810,Municipio,-72.734496,8.639891,
9595,TIBÚ,"2,016",2,54,NORTE DE SANTANDER,54810,Municipio,-72.734496,8.639891,
9596,TIBÚ,"2,017",2,54,NORTE DE SANTANDER,54810,Municipio,-72.734496,8.639891,
9597,TIBÚ,"2,019",1,54,NORTE DE SANTANDER,54810,Municipio,-72.734496,8.639891,
9598,TIERRALTA,"1,988",1,23,CÓRDOBA,23807,Municipio,-76.059797,8.170612,
9599,TIERRALTA,"1,989",1,23,CÓRDOBA,23807,Municipio,-76.059797,8.170612,
9600,TIERRALTA,"1,991",1,23,CÓRDOBA,23807,Municipio,-76.059797,8.170612,
9601,TIERRALTA,"1,998",1,23,CÓRDOBA,23807,Municipio,-76.059797,8.170612,
9602,TIERRALTA,"2,002",2,23,CÓRDOBA,23807,Municipio,-76.059797,8.170612,
9603,TIERRALTA,"2,003",1,23,CÓRDOBA,23807,Municipio,-76.059797,8.170612,
9604,TIERRALTA,"2,004",1,23,CÓRDOBA,23807,Municipio,-76.059797,8.170612,
9605,TIERRALTA,"2,005",2,23,CÓRDOBA,23807,Municipio,-76.059797,8.170612,
9606,TIERRALTA,"2,007",1,23,CÓRDOBA,23807,Municipio,-76.059797,8.170612,
9607,TIERRALTA,"2,008",1,23,CÓRDOBA,23807,Municipio,-76.059797,8.170612,
9608,TIERRALTA,"2,009",1,23,CÓRDOBA,23807,Municipio,-76.059797,8.170612,
9609,TIERRALTA,"2,010",2,23,CÓRDOBA,23807,Municipio,-76.059797,8.170612,
9610,TIERRALTA,"2,011",1,23,CÓRDOBA,23807,Municipio,-76.059797,8.170612,
9611,TIERRALTA,"2,012",2,23,CÓRDOBA,23807,Municipio,-76.059797,8.170612,
9612,TIERRALTA,"2,013",1,23,CÓRDOBA,23807,Municipio,-76.059797,8.170612,
9613,TIERRALTA,"2,014",1,23,CÓRDOBA,23807,Municipio,-76.059797,8.170612,
9614,TIERRALTA,"2,015",1,23,CÓRDOBA,23807,Municipio,-76.059797,8.170612,
9615,TIERRALTA,"2,016",4,23,CÓRDOBA,23807,Municipio,-76.059797,8.170612,
9616,TIERRALTA,"2,017",3,23,CÓRDOBA,23807,Municipio,-76.059797,8.170612,
9617,TIERRALTA,"2,018",1,23,CÓRDOBA,23807,Municipio,-76.059797,8.170612,
9618,TIERRALTA,"2,019",1,23,CÓRDOBA,23807,Municipio,-76.059797,8.170612,
9619,TIMANÁ,"1,987",1,41,HUILA,41807,Municipio,-75.932167,1.974539,
9620,TIMANÁ,"1,992",1,41,HUILA,41807,Municipio,-75.932167,1.974539,
9621,TIMANÁ,"1,993",1,41,HUILA,41807,Municipio,-75.932167,1.974539,
9622,TIMANÁ,"1,994",1,41,HUILA,41807,Municipio,-75.932167,1.974539,
9623,TIMANÁ,"1,995",1,41,HUILA,41807,Municipio,-75.932167,1.974539,
9624,TIMANÁ,"1,996",1,41,HUILA,41807,Municipio,-75.932167,1.974539,
9625,TIMANÁ,"1,998",1,41,HUILA,41807,Municipio,-75.932167,1.974539,
9626,TIMANÁ,"1,999",1,41,HUILA,41807,Municipio,-75.932167,1.974539,
9627,TIMANÁ,"2,001",1,41,HUILA,41807,Municipio,-75.932167,1.974539,
9628,TIMANÁ,"2,003",1,41,HUILA,41807,Municipio,-75.932167,1.974539,
9629,TIMANÁ,"2,004",1,41,HUILA,41807,Municipio,-75.932167,1.974539,
9630,TIMANÁ,"2,006",1,41,HUILA,41807,Municipio,-75.932167,1.974539,
9631,TIMANÁ,"2,008",1,41,HUILA,41807,Municipio,-75.932167,1.974539,
9632,TIMANÁ,"2,012",1,41,HUILA,41807,Municipio,-75.932167,1.974539,
9633,TIMANÁ,"2,017",1,41,HUILA,41807,Municipio,-75.932167,1.974539,
9634,TIMANÁ,"2,018",1,41,HUILA,41807,Municipio,-75.932167,1.974539,
9635,TIMANÁ,"2,019",1,41,HUILA,41807,Municipio,-75.932167,1.974539,
9636,TIMBÍO,"1,988",2,19,CAUCA,19807,Municipio,-76.684476,2.349686,
9637,TIMBÍO,"1,995",1,19,CAUCA,19807,Municipio,-76.684476,2.349686,
9638,TIMBÍO,"1,997",1,19,CAUCA,19807,Municipio,-76.684476,2.349686,
9639,TIMBÍO,"2,003",2,19,CAUCA,19807,Municipio,-76.684476,2.349686,
9640,TIMBÍO,"2,009",2,19,CAUCA,19807,Municipio,-76.684476,2.349686,
9641,TIMBÍO,"2,010",2,19,CAUCA,19807,Municipio,-76.684476,2.349686,
9642,TIMBÍO,"2,013",1,19,CAUCA,19807,Municipio,-76.684476,2.349686,
9643,TIMBÍO,"2,014",2,19,CAUCA,19807,Municipio,-76.684476,2.349686,
9644,TIMBÍO,"2,017",1,19,CAUCA,19807,Municipio,-76.684476,2.349686,
9645,TIMBÍO,"2,018",2,19,CAUCA,19807,Municipio,-76.684476,2.349686,
9646,TIMBÍO,"2,019",2,19,CAUCA,19807,Municipio,-76.684476,2.349686,
9647,TINJACÁ,"2,003",1,15,BOYACÁ,15808,Municipio,-73.646847,5.579713,
9648,TINJACÁ,"2,009",1,15,BOYACÁ,15808,Municipio,-73.646847,5.579713,
9649,TINJACÁ,"2,014",1,15,BOYACÁ,15808,Municipio,-73.646847,5.579713,
9650,TINJACÁ,"2,017",1,15,BOYACÁ,15808,Municipio,-73.646847,5.579713,
9651,TIPACOQUE,"1,993",1,15,BOYACÁ,15810,Municipio,-72.691729,6.419203,
9652,TIPACOQUE,"1,997",1,15,BOYACÁ,15810,Municipio,-72.691729,6.419203,
9653,TIPACOQUE,"2,009",1,15,BOYACÁ,15810,Municipio,-72.691729,6.419203,
9654,TITIRIBÍ,"1,985",4,5,ANTIOQUIA,5809,Municipio,-75.791887,6.062391,
9655,TITIRIBÍ,"1,986",1,5,ANTIOQUIA,5809,Municipio,-75.791887,6.062391,
9656,TITIRIBÍ,"1,987",1,5,ANTIOQUIA,5809,Municipio,-75.791887,6.062391,
9657,TITIRIBÍ,"1,989",1,5,ANTIOQUIA,5809,Municipio,-75.791887,6.062391,
9658,TITIRIBÍ,"1,993",2,5,ANTIOQUIA,5809,Municipio,-75.791887,6.062391,
9659,TITIRIBÍ,"1,995",1,5,ANTIOQUIA,5809,Municipio,-75.791887,6.062391,
9660,TITIRIBÍ,"1,996",2,5,ANTIOQUIA,5809,Municipio,-75.791887,6.062391,
9661,TITIRIBÍ,"2,000",1,5,ANTIOQUIA,5809,Municipio,-75.791887,6.062391,
9662,TITIRIBÍ,"2,002",1,5,ANTIOQUIA,5809,Municipio,-75.791887,6.062391,
9663,TITIRIBÍ,"2,003",1,5,ANTIOQUIA,5809,Municipio,-75.791887,6.062391,
9664,TITIRIBÍ,"2,006",1,5,ANTIOQUIA,5809,Municipio,-75.791887,6.062391,
9665,TITIRIBÍ,"2,007",1,5,ANTIOQUIA,5809,Municipio,-75.791887,6.062391,
9666,TITIRIBÍ,"2,014",1,5,ANTIOQUIA,5809,Municipio,-75.791887,6.062391,
9667,TITIRIBÍ,"2,017",1,5,ANTIOQUIA,5809,Municipio,-75.791887,6.062391,
9668,TOCA,"1,987",1,15,BOYACÁ,15814,Municipio,-73.184794,5.566464,
9669,TOCA,"1,988",2,15,BOYACÁ,15814,Municipio,-73.184794,5.566464,
9670,TOCA,"1,996",1,15,BOYACÁ,15814,Municipio,-73.184794,5.566464,
9671,TOCA,"2,003",1,15,BOYACÁ,15814,Municipio,-73.184794,5.566464,
9672,TOCA,"2,005",1,15,BOYACÁ,15814,Municipio,-73.184794,5.566464,
9673,TOCA,"2,008",1,15,BOYACÁ,15814,Municipio,-73.184794,5.566464,
9674,TOCA,"2,009",1,15,BOYACÁ,15814,Municipio,-73.184794,5.566464,
9675,TOCA,"2,015",1,15,BOYACÁ,15814,Municipio,-73.184794,5.566464,
9676,TOCAIMA,"1,987",1,25,CUNDINAMARCA,25815,Municipio,-74.636296,4.459279,
9677,TOCAIMA,"1,989",1,25,CUNDINAMARCA,25815,Municipio,-74.636296,4.459279,
9678,TOCAIMA,"1,990",1,25,CUNDINAMARCA,25815,Municipio,-74.636296,4.459279,
9679,TOCAIMA,"1,991",1,25,CUNDINAMARCA,25815,Municipio,-74.636296,4.459279,
9680,TOCAIMA,"1,992",1,25,CUNDINAMARCA,25815,Municipio,-74.636296,4.459279,
9681,TOCAIMA,"1,993",3,25,CUNDINAMARCA,25815,Municipio,-74.636296,4.459279,
9682,TOCAIMA,"1,994",2,25,CUNDINAMARCA,25815,Municipio,-74.636296,4.459279,
9683,TOCAIMA,"1,997",2,25,CUNDINAMARCA,25815,Municipio,-74.636296,4.459279,
9684,TOCAIMA,"2,000",1,25,CUNDINAMARCA,25815,Municipio,-74.636296,4.459279,
9685,TOCAIMA,"2,002",1,25,CUNDINAMARCA,25815,Municipio,-74.636296,4.459279,
9686,TOCAIMA,"2,008",1,25,CUNDINAMARCA,25815,Municipio,-74.636296,4.459279,
9687,TOCAIMA,"2,012",1,25,CUNDINAMARCA,25815,Municipio,-74.636296,4.459279,
9688,TOCAIMA,"2,013",1,25,CUNDINAMARCA,25815,Municipio,-74.636296,4.459279,
9689,TOCAIMA,"2,016",1,25,CUNDINAMARCA,25815,Municipio,-74.636296,4.459279,
9690,TOCAIMA,"2,017",1,25,CUNDINAMARCA,25815,Municipio,-74.636296,4.459279,
9691,TOCAIMA,"2,018",1,25,CUNDINAMARCA,25815,Municipio,-74.636296,4.459279,
9692,TOCAIMA,"2,019",1,25,CUNDINAMARCA,25815,Municipio,-74.636296,4.459279,
9693,TOCANCIPÁ,"1,999",1,25,CUNDINAMARCA,25817,Municipio,-73.91207,4.964641,
9694,TOCANCIPÁ,"2,005",1,25,CUNDINAMARCA,25817,Municipio,-73.91207,4.964641,
9695,TOCANCIPÁ,"2,006",1,25,CUNDINAMARCA,25817,Municipio,-73.91207,4.964641,
9696,TOCANCIPÁ,"2,010",2,25,CUNDINAMARCA,25817,Municipio,-73.91207,4.964641,
9697,TOCANCIPÁ,"2,011",1,25,CUNDINAMARCA,25817,Municipio,-73.91207,4.964641,
9698,TOCANCIPÁ,"2,013",1,25,CUNDINAMARCA,25817,Municipio,-73.91207,4.964641,
9699,TOCANCIPÁ,"2,015",1,25,CUNDINAMARCA,25817,Municipio,-73.91207,4.964641,
9700,TOCANCIPÁ,"2,019",2,25,CUNDINAMARCA,25817,Municipio,-73.91207,4.964641,
9701,TOGÜÍ,"2,006",1,15,BOYACÁ,15816,Municipio,-73.513655,5.937438,
9702,TOGÜÍ,"2,008",1,15,BOYACÁ,15816,Municipio,-73.513655,5.937438,
9703,TOLEDO,"1,985",1,5,ANTIOQUIA,5819,Municipio,-75.692281,7.010328,
9704,TOLEDO,"1,985",1,54,NORTE DE SANTANDER,54820,Municipio,-72.481915,7.307692,
9705,TOLEDO,"1,989",1,5,ANTIOQUIA,5819,Municipio,-75.692281,7.010328,
9706,TOLEDO,"1,989",1,54,NORTE DE SANTANDER,54820,Municipio,-72.481915,7.307692,
9707,TOLEDO,"1,990",1,5,ANTIOQUIA,5819,Municipio,-75.692281,7.010328,
9708,TOLEDO,"1,990",1,54,NORTE DE SANTANDER,54820,Municipio,-72.481915,7.307692,
9709,TOLEDO,"1,994",1,5,ANTIOQUIA,5819,Municipio,-75.692281,7.010328,
9710,TOLEDO,"1,994",1,54,NORTE DE SANTANDER,54820,Municipio,-72.481915,7.307692,
9711,TOLEDO,"1,996",1,5,ANTIOQUIA,5819,Municipio,-75.692281,7.010328,
9712,TOLEDO,"1,996",1,54,NORTE DE SANTANDER,54820,Municipio,-72.481915,7.307692,
9713,TOLEDO,"2,000",1,5,ANTIOQUIA,5819,Municipio,-75.692281,7.010328,
9714,TOLEDO,"2,000",1,54,NORTE DE SANTANDER,54820,Municipio,-72.481915,7.307692,
9715,TOLEDO,"2,006",1,5,ANTIOQUIA,5819,Municipio,-75.692281,7.010328,
9716,TOLEDO,"2,006",1,54,NORTE DE SANTANDER,54820,Municipio,-72.481915,7.307692,
9717,TOLEDO,"2,008",1,5,ANTIOQUIA,5819,Municipio,-75.692281,7.010328,
9718,TOLEDO,"2,008",1,54,NORTE DE SANTANDER,54820,Municipio,-72.481915,7.307692,
9719,TOLEDO,"2,009",1,5,ANTIOQUIA,5819,Municipio,-75.692281,7.010328,
9720,TOLEDO,"2,009",1,54,NORTE DE SANTANDER,54820,Municipio,-72.481915,7.307692,
9721,TOLEDO,"2,010",1,5,ANTIOQUIA,5819,Municipio,-75.692281,7.010328,
9722,TOLEDO,"2,010",1,54,NORTE DE SANTANDER,54820,Municipio,-72.481915,7.307692,
9723,TOLEDO,"2,011",1,5,ANTIOQUIA,5819,Municipio,-75.692281,7.010328,
9724,TOLEDO,"2,011",1,54,NORTE DE SANTANDER,54820,Municipio,-72.481915,7.307692,
9725,TOLEDO,"2,014",2,5,ANTIOQUIA,5819,Municipio,-75.692281,7.010328,
9726,TOLEDO,"2,014",2,54,NORTE DE SANTANDER,54820,Municipio,-72.481915,7.307692,
9727,TOLEDO,"2,016",1,5,ANTIOQUIA,5819,Municipio,-75.692281,7.010328,
9728,TOLEDO,"2,016",1,54,NORTE DE SANTANDER,54820,Municipio,-72.481915,7.307692,
9729,TOLEDO,"2,017",2,5,ANTIOQUIA,5819,Municipio,-75.692281,7.010328,
9730,TOLEDO,"2,017",2,54,NORTE DE SANTANDER,54820,Municipio,-72.481915,7.307692,
9731,TOPAIPÍ,"2,003",1,25,CUNDINAMARCA,25823,Municipio,-74.300626,5.336224,
9732,TOPAIPÍ,"2,010",1,25,CUNDINAMARCA,25823,Municipio,-74.300626,5.336224,
9733,TORIBÍO,"1,989",1,19,CAUCA,19821,Municipio,-76.270284,2.953017,
9734,TORIBÍO,"1,995",1,19,CAUCA,19821,Municipio,-76.270284,2.953017,
9735,TORIBÍO,"2,010",1,19,CAUCA,19821,Municipio,-76.270284,2.953017,
9736,TORIBÍO,"2,018",1,19,CAUCA,19821,Municipio,-76.270284,2.953017,
9737,TORO,"1,986",1,76,VALLE DEL CAUCA,76823,Municipio,-76.076859,4.608085,
9738,TORO,"1,987",1,76,VALLE DEL CAUCA,76823,Municipio,-76.076859,4.608085,
9739,TORO,"1,988",2,76,VALLE DEL CAUCA,76823,Municipio,-76.076859,4.608085,
9740,TORO,"1,991",1,76,VALLE DEL CAUCA,76823,Municipio,-76.076859,4.608085,
9741,TORO,"1,994",1,76,VALLE DEL CAUCA,76823,Municipio,-76.076859,4.608085,
9742,TORO,"1,995",1,76,VALLE DEL CAUCA,76823,Municipio,-76.076859,4.608085,
9743,TORO,"2,007",2,76,VALLE DEL CAUCA,76823,Municipio,-76.076859,4.608085,
9744,TORO,"2,008",1,76,VALLE DEL CAUCA,76823,Municipio,-76.076859,4.608085,
9745,TORO,"2,009",3,76,VALLE DEL CAUCA,76823,Municipio,-76.076859,4.608085,
9746,TORO,"2,010",1,76,VALLE DEL CAUCA,76823,Municipio,-76.076859,4.608085,
9747,TORO,"2,011",1,76,VALLE DEL CAUCA,76823,Municipio,-76.076859,4.608085,
9748,TORO,"2,012",1,76,VALLE DEL CAUCA,76823,Municipio,-76.076859,4.608085,
9749,TORO,"2,013",1,76,VALLE DEL CAUCA,76823,Municipio,-76.076859,4.608085,
9750,TORO,"2,015",1,76,VALLE DEL CAUCA,76823,Municipio,-76.076859,4.608085,
9751,TORO,"2,016",2,76,VALLE DEL CAUCA,76823,Municipio,-76.076859,4.608085,
9752,TORO,"2,017",1,76,VALLE DEL CAUCA,76823,Municipio,-76.076859,4.608085,
9753,TORO,"2,018",1,76,VALLE DEL CAUCA,76823,Municipio,-76.076859,4.608085,
9754,TORO,"2,019",1,76,VALLE DEL CAUCA,76823,Municipio,-76.076859,4.608085,
9755,TOTORÓ,"1,989",1,19,CAUCA,19824,Municipio,-76.403628,2.510252,
9756,TOTORÓ,"2,008",1,19,CAUCA,19824,Municipio,-76.403628,2.510252,
9757,TOTORÓ,"2,010",2,19,CAUCA,19824,Municipio,-76.403628,2.510252,
9758,TOTORÓ,"2,017",1,19,CAUCA,19824,Municipio,-76.403628,2.510252,
9759,TOTORÓ,"2,019",1,19,CAUCA,19824,Municipio,-76.403628,2.510252,
9760,TRINIDAD,"2,003",1,85,CASANARE,85430,Municipio,-71.662812,5.412178,
9761,TRUJILLO,"1,991",1,76,VALLE DEL CAUCA,76828,Municipio,-76.318818,4.212037,
9762,TRUJILLO,"1,992",1,76,VALLE DEL CAUCA,76828,Municipio,-76.318818,4.212037,
9763,TRUJILLO,"1,995",1,76,VALLE DEL CAUCA,76828,Municipio,-76.318818,4.212037,
9764,TRUJILLO,"2,000",1,76,VALLE DEL CAUCA,76828,Municipio,-76.318818,4.212037,
9765,TRUJILLO,"2,007",1,76,VALLE DEL CAUCA,76828,Municipio,-76.318818,4.212037,
9766,TRUJILLO,"2,009",1,76,VALLE DEL CAUCA,76828,Municipio,-76.318818,4.212037,
9767,TRUJILLO,"2,012",1,76,VALLE DEL CAUCA,76828,Municipio,-76.318818,4.212037,
9768,TRUJILLO,"2,019",3,76,VALLE DEL CAUCA,76828,Municipio,-76.318818,4.212037,
9769,TUBARÁ,"1,992",1,8,ATLÁNTICO,8832,Municipio,-74.978704,10.873586,
9770,TUBARÁ,"1,997",1,8,ATLÁNTICO,8832,Municipio,-74.978704,10.873586,
9771,TUBARÁ,"2,008",1,8,ATLÁNTICO,8832,Municipio,-74.978704,10.873586,
9772,TUBARÁ,"2,019",1,8,ATLÁNTICO,8832,Municipio,-74.978704,10.873586,
9773,TULUÁ,"1,985",8,76,VALLE DEL CAUCA,76834,Municipio,-76.197731,4.085399,
9774,TULUÁ,"1,986",3,76,VALLE DEL CAUCA,76834,Municipio,-76.197731,4.085399,
9775,TULUÁ,"1,987",10,76,VALLE DEL CAUCA,76834,Municipio,-76.197731,4.085399,
9776,TULUÁ,"1,988",3,76,VALLE DEL CAUCA,76834,Municipio,-76.197731,4.085399,
9777,TULUÁ,"1,989",4,76,VALLE DEL CAUCA,76834,Municipio,-76.197731,4.085399,
9778,TULUÁ,"1,990",8,76,VALLE DEL CAUCA,76834,Municipio,-76.197731,4.085399,
9779,TULUÁ,"1,991",8,76,VALLE DEL CAUCA,76834,Municipio,-76.197731,4.085399,
9780,TULUÁ,"1,992",8,76,VALLE DEL CAUCA,76834,Municipio,-76.197731,4.085399,
9781,TULUÁ,"1,993",7,76,VALLE DEL CAUCA,76834,Municipio,-76.197731,4.085399,
9782,TULUÁ,"1,994",13,76,VALLE DEL CAUCA,76834,Municipio,-76.197731,4.085399,
9783,TULUÁ,"1,995",6,76,VALLE DEL CAUCA,76834,Municipio,-76.197731,4.085399,
9784,TULUÁ,"1,996",8,76,VALLE DEL CAUCA,76834,Municipio,-76.197731,4.085399,
9785,TULUÁ,"1,997",9,76,VALLE DEL CAUCA,76834,Municipio,-76.197731,4.085399,
9786,TULUÁ,"1,998",5,76,VALLE DEL CAUCA,76834,Municipio,-76.197731,4.085399,
9787,TULUÁ,"1,999",11,76,VALLE DEL CAUCA,76834,Municipio,-76.197731,4.085399,
9788,TULUÁ,"2,000",10,76,VALLE DEL CAUCA,76834,Municipio,-76.197731,4.085399,
9789,TULUÁ,"2,001",11,76,VALLE DEL CAUCA,76834,Municipio,-76.197731,4.085399,
9790,TULUÁ,"2,002",12,76,VALLE DEL CAUCA,76834,Municipio,-76.197731,4.085399,
9791,TULUÁ,"2,003",8,76,VALLE DEL CAUCA,76834,Municipio,-76.197731,4.085399,
9792,TULUÁ,"2,004",7,76,VALLE DEL CAUCA,76834,Municipio,-76.197731,4.085399,
9793,TULUÁ,"2,005",9,76,VALLE DEL CAUCA,76834,Municipio,-76.197731,4.085399,
9794,TULUÁ,"2,006",12,76,VALLE DEL CAUCA,76834,Municipio,-76.197731,4.085399,
9795,TULUÁ,"2,007",19,76,VALLE DEL CAUCA,76834,Municipio,-76.197731,4.085399,
9796,TULUÁ,"2,008",15,76,VALLE DEL CAUCA,76834,Municipio,-76.197731,4.085399,
9797,TULUÁ,"2,009",20,76,VALLE DEL CAUCA,76834,Municipio,-76.197731,4.085399,
9798,TULUÁ,"2,010",15,76,VALLE DEL CAUCA,76834,Municipio,-76.197731,4.085399,
9799,TULUÁ,"2,011",22,76,VALLE DEL CAUCA,76834,Municipio,-76.197731,4.085399,
9800,TULUÁ,"2,012",19,76,VALLE DEL CAUCA,76834,Municipio,-76.197731,4.085399,
9801,TULUÁ,"2,013",19,76,VALLE DEL CAUCA,76834,Municipio,-76.197731,4.085399,
9802,TULUÁ,"2,014",16,76,VALLE DEL CAUCA,76834,Municipio,-76.197731,4.085399,
9803,TULUÁ,"2,015",22,76,VALLE DEL CAUCA,76834,Municipio,-76.197731,4.085399,
9804,TULUÁ,"2,016",26,76,VALLE DEL CAUCA,76834,Municipio,-76.197731,4.085399,
9805,TULUÁ,"2,017",22,76,VALLE DEL CAUCA,76834,Municipio,-76.197731,4.085399,
9806,TULUÁ,"2,018",23,76,VALLE DEL CAUCA,76834,Municipio,-76.197731,4.085399,
9807,TULUÁ,"2,019",28,76,VALLE DEL CAUCA,76834,Municipio,-76.197731,4.085399,
9808,TUNJA,"1,985",2,15,BOYACÁ,15001,Municipio,-73.355539,5.53988,
9809,TUNJA,"1,986",2,15,BOYACÁ,15001,Municipio,-73.355539,5.53988,
9810,TUNJA,"1,987",4,15,BOYACÁ,15001,Municipio,-73.355539,5.53988,
9811,TUNJA,"1,988",4,15,BOYACÁ,15001,Municipio,-73.355539,5.53988,
9812,TUNJA,"1,989",5,15,BOYACÁ,15001,Municipio,-73.355539,5.53988,
9813,TUNJA,"1,990",4,15,BOYACÁ,15001,Municipio,-73.355539,5.53988,
9814,TUNJA,"1,991",5,15,BOYACÁ,15001,Municipio,-73.355539,5.53988,
9815,TUNJA,"1,992",3,15,BOYACÁ,15001,Municipio,-73.355539,5.53988,
9816,TUNJA,"1,993",4,15,BOYACÁ,15001,Municipio,-73.355539,5.53988,
9817,TUNJA,"1,994",7,15,BOYACÁ,15001,Municipio,-73.355539,5.53988,
9818,TUNJA,"1,995",5,15,BOYACÁ,15001,Municipio,-73.355539,5.53988,
9819,TUNJA,"1,996",7,15,BOYACÁ,15001,Municipio,-73.355539,5.53988,
9820,TUNJA,"1,997",13,15,BOYACÁ,15001,Municipio,-73.355539,5.53988,
9821,TUNJA,"1,998",9,15,BOYACÁ,15001,Municipio,-73.355539,5.53988,
9822,TUNJA,"1,999",5,15,BOYACÁ,15001,Municipio,-73.355539,5.53988,
9823,TUNJA,"2,000",7,15,BOYACÁ,15001,Municipio,-73.355539,5.53988,
9824,TUNJA,"2,001",3,15,BOYACÁ,15001,Municipio,-73.355539,5.53988,
9825,TUNJA,"2,002",10,15,BOYACÁ,15001,Municipio,-73.355539,5.53988,
9826,TUNJA,"2,003",10,15,BOYACÁ,15001,Municipio,-73.355539,5.53988,
9827,TUNJA,"2,004",13,15,BOYACÁ,15001,Municipio,-73.355539,5.53988,
9828,TUNJA,"2,005",14,15,BOYACÁ,15001,Municipio,-73.355539,5.53988,
9829,TUNJA,"2,006",7,15,BOYACÁ,15001,Municipio,-73.355539,5.53988,
9830,TUNJA,"2,007",12,15,BOYACÁ,15001,Municipio,-73.355539,5.53988,
9831,TUNJA,"2,008",21,15,BOYACÁ,15001,Municipio,-73.355539,5.53988,
9832,TUNJA,"2,009",19,15,BOYACÁ,15001,Municipio,-73.355539,5.53988,
9833,TUNJA,"2,010",22,15,BOYACÁ,15001,Municipio,-73.355539,5.53988,
9834,TUNJA,"2,011",26,15,BOYACÁ,15001,Municipio,-73.355539,5.53988,
9835,TUNJA,"2,012",21,15,BOYACÁ,15001,Municipio,-73.355539,5.53988,
9836,TUNJA,"2,013",24,15,BOYACÁ,15001,Municipio,-73.355539,5.53988,
9837,TUNJA,"2,014",25,15,BOYACÁ,15001,Municipio,-73.355539,5.53988,
9838,TUNJA,"2,015",25,15,BOYACÁ,15001,Municipio,-73.355539,5.53988,
9839,TUNJA,"2,016",39,15,BOYACÁ,15001,Municipio,-73.355539,5.53988,
9840,TUNJA,"2,017",34,15,BOYACÁ,15001,Municipio,-73.355539,5.53988,
9841,TUNJA,"2,018",27,15,BOYACÁ,15001,Municipio,-73.355539,5.53988,
9842,TUNJA,"2,019",26,15,BOYACÁ,15001,Municipio,-73.355539,5.53988,
9843,TUNUNGUÁ,"2,018",1,15,BOYACÁ,15832,Municipio,-73.933155,5.730582,
9844,TURBACO,"1,988",2,13,BOLÍVAR,13836,Municipio,-75.427249,10.348316,
9845,TURBACO,"1,990",1,13,BOLÍVAR,13836,Municipio,-75.427249,10.348316,
9846,TURBACO,"1,991",1,13,BOLÍVAR,13836,Municipio,-75.427249,10.348316,
9847,TURBACO,"1,992",1,13,BOLÍVAR,13836,Municipio,-75.427249,10.348316,
9848,TURBACO,"1,993",1,13,BOLÍVAR,13836,Municipio,-75.427249,10.348316,
9849,TURBACO,"1,994",1,13,BOLÍVAR,13836,Municipio,-75.427249,10.348316,
9850,TURBACO,"2,004",1,13,BOLÍVAR,13836,Municipio,-75.427249,10.348316,
9851,TURBACO,"2,005",2,13,BOLÍVAR,13836,Municipio,-75.427249,10.348316,
9852,TURBACO,"2,008",2,13,BOLÍVAR,13836,Municipio,-75.427249,10.348316,
9853,TURBACO,"2,009",2,13,BOLÍVAR,13836,Municipio,-75.427249,10.348316,
9854,TURBACO,"2,010",1,13,BOLÍVAR,13836,Municipio,-75.427249,10.348316,
9855,TURBACO,"2,011",1,13,BOLÍVAR,13836,Municipio,-75.427249,10.348316,
9856,TURBACO,"2,012",1,13,BOLÍVAR,13836,Municipio,-75.427249,10.348316,
9857,TURBACO,"2,013",1,13,BOLÍVAR,13836,Municipio,-75.427249,10.348316,
9858,TURBACO,"2,016",2,13,BOLÍVAR,13836,Municipio,-75.427249,10.348316,
9859,TURBACO,"2,017",1,13,BOLÍVAR,13836,Municipio,-75.427249,10.348316,
9860,TURBACO,"2,018",1,13,BOLÍVAR,13836,Municipio,-75.427249,10.348316,
9861,TURBACO,"2,019",1,13,BOLÍVAR,13836,Municipio,-75.427249,10.348316,
9862,TURBANÁ,"2,003",1,13,BOLÍVAR,13838,Municipio,-75.44265,10.274585,
9863,TURBANÁ,"2,009",2,13,BOLÍVAR,13838,Municipio,-75.44265,10.274585,
9864,TURBANÁ,"2,011",1,13,BOLÍVAR,13838,Municipio,-75.44265,10.274585,
9865,TURBO,"1,987",2,5,ANTIOQUIA,5837,Municipio,-76.728858,8.089929,
9866,TURBO,"1,988",1,5,ANTIOQUIA,5837,Municipio,-76.728858,8.089929,
9867,TURBO,"1,990",1,5,ANTIOQUIA,5837,Municipio,-76.728858,8.089929,
9868,TURBO,"1,991",2,5,ANTIOQUIA,5837,Municipio,-76.728858,8.089929,
9869,TURBO,"1,992",2,5,ANTIOQUIA,5837,Municipio,-76.728858,8.089929,
9870,TURBO,"1,993",1,5,ANTIOQUIA,5837,Municipio,-76.728858,8.089929,
9871,TURBO,"1,994",1,5,ANTIOQUIA,5837,Municipio,-76.728858,8.089929,
9872,TURBO,"1,995",3,5,ANTIOQUIA,5837,Municipio,-76.728858,8.089929,
9873,TURBO,"1,996",1,5,ANTIOQUIA,5837,Municipio,-76.728858,8.089929,
9874,TURBO,"1,997",1,5,ANTIOQUIA,5837,Municipio,-76.728858,8.089929,
9875,TURBO,"1,999",2,5,ANTIOQUIA,5837,Municipio,-76.728858,8.089929,
9876,TURBO,"2,000",1,5,ANTIOQUIA,5837,Municipio,-76.728858,8.089929,
9877,TURBO,"2,001",1,5,ANTIOQUIA,5837,Municipio,-76.728858,8.089929,
9878,TURBO,"2,002",4,5,ANTIOQUIA,5837,Municipio,-76.728858,8.089929,
9879,TURBO,"2,003",3,5,ANTIOQUIA,5837,Municipio,-76.728858,8.089929,
9880,TURBO,"2,004",2,5,ANTIOQUIA,5837,Municipio,-76.728858,8.089929,
9881,TURBO,"2,005",4,5,ANTIOQUIA,5837,Municipio,-76.728858,8.089929,
9882,TURBO,"2,006",1,5,ANTIOQUIA,5837,Municipio,-76.728858,8.089929,
9883,TURBO,"2,008",3,5,ANTIOQUIA,5837,Municipio,-76.728858,8.089929,
9884,TURBO,"2,009",3,5,ANTIOQUIA,5837,Municipio,-76.728858,8.089929,
9885,TURBO,"2,010",1,5,ANTIOQUIA,5837,Municipio,-76.728858,8.089929,
9886,TURBO,"2,011",1,5,ANTIOQUIA,5837,Municipio,-76.728858,8.089929,
9887,TURBO,"2,013",2,5,ANTIOQUIA,5837,Municipio,-76.728858,8.089929,
9888,TURBO,"2,014",4,5,ANTIOQUIA,5837,Municipio,-76.728858,8.089929,
9889,TURBO,"2,015",3,5,ANTIOQUIA,5837,Municipio,-76.728858,8.089929,
9890,TURBO,"2,016",3,5,ANTIOQUIA,5837,Municipio,-76.728858,8.089929,
9891,TURBO,"2,017",5,5,ANTIOQUIA,5837,Municipio,-76.728858,8.089929,
9892,TURBO,"2,018",3,5,ANTIOQUIA,5837,Municipio,-76.728858,8.089929,
9893,TURBO,"2,019",1,5,ANTIOQUIA,5837,Municipio,-76.728858,8.089929,
9894,TURMEQUÉ,"1,987",2,15,BOYACÁ,15835,Municipio,-73.491825,5.323261,
9895,TURMEQUÉ,"1,992",1,15,BOYACÁ,15835,Municipio,-73.491825,5.323261,
9896,TURMEQUÉ,"1,995",1,15,BOYACÁ,15835,Municipio,-73.491825,5.323261,
9897,TURMEQUÉ,"2,003",1,15,BOYACÁ,15835,Municipio,-73.491825,5.323261,
9898,TURMEQUÉ,"2,005",1,15,BOYACÁ,15835,Municipio,-73.491825,5.323261,
9899,TURMEQUÉ,"2,008",1,15,BOYACÁ,15835,Municipio,-73.491825,5.323261,
9900,TURMEQUÉ,"2,019",1,15,BOYACÁ,15835,Municipio,-73.491825,5.323261,
9901,TUTA,"1,987",1,15,BOYACÁ,15837,Municipio,-73.230285,5.689082,
9902,TUTA,"1,997",1,15,BOYACÁ,15837,Municipio,-73.230285,5.689082,
9903,TUTA,"2,000",1,15,BOYACÁ,15837,Municipio,-73.230285,5.689082,
9904,TUTA,"2,011",1,15,BOYACÁ,15837,Municipio,-73.230285,5.689082,
9905,TUTA,"2,019",1,15,BOYACÁ,15837,Municipio,-73.230285,5.689082,
9906,TUTAZÁ,"2,006",1,15,BOYACÁ,15839,Municipio,-72.856035,6.032608,
9907,TUTAZÁ,"2,011",1,15,BOYACÁ,15839,Municipio,-72.856035,6.032608,
9908,TÁMESIS,"1,986",1,5,ANTIOQUIA,5789,Municipio,-75.714429,5.664645,
9909,TÁMESIS,"1,988",1,5,ANTIOQUIA,5789,Municipio,-75.714429,5.664645,
9910,TÁMESIS,"1,990",1,5,ANTIOQUIA,5789,Municipio,-75.714429,5.664645,
9911,TÁMESIS,"1,991",3,5,ANTIOQUIA,5789,Municipio,-75.714429,5.664645,
9912,TÁMESIS,"1,992",3,5,ANTIOQUIA,5789,Municipio,-75.714429,5.664645,
9913,TÁMESIS,"1,993",2,5,ANTIOQUIA,5789,Municipio,-75.714429,5.664645,
9914,TÁMESIS,"1,995",3,5,ANTIOQUIA,5789,Municipio,-75.714429,5.664645,
9915,TÁMESIS,"1,996",1,5,ANTIOQUIA,5789,Municipio,-75.714429,5.664645,
9916,TÁMESIS,"1,997",1,5,ANTIOQUIA,5789,Municipio,-75.714429,5.664645,
9917,TÁMESIS,"1,999",2,5,ANTIOQUIA,5789,Municipio,-75.714429,5.664645,
9918,TÁMESIS,"2,002",1,5,ANTIOQUIA,5789,Municipio,-75.714429,5.664645,
9919,TÁMESIS,"2,007",1,5,ANTIOQUIA,5789,Municipio,-75.714429,5.664645,
9920,TÁMESIS,"2,009",2,5,ANTIOQUIA,5789,Municipio,-75.714429,5.664645,
9921,TÁMESIS,"2,010",1,5,ANTIOQUIA,5789,Municipio,-75.714429,5.664645,
9922,TÁMESIS,"2,011",2,5,ANTIOQUIA,5789,Municipio,-75.714429,5.664645,
9923,TÁMESIS,"2,012",1,5,ANTIOQUIA,5789,Municipio,-75.714429,5.664645,
9924,TÁMESIS,"2,015",3,5,ANTIOQUIA,5789,Municipio,-75.714429,5.664645,
9925,TÁMESIS,"2,016",1,5,ANTIOQUIA,5789,Municipio,-75.714429,5.664645,
9926,TÁMESIS,"2,017",1,5,ANTIOQUIA,5789,Municipio,-75.714429,5.664645,
9927,TÁMESIS,"2,018",1,5,ANTIOQUIA,5789,Municipio,-75.714429,5.664645,
9928,TÓPAGA,"1,989",1,15,BOYACÁ,15820,Municipio,-72.832245,5.768201,
9929,TÓPAGA,"1,996",1,15,BOYACÁ,15820,Municipio,-72.832245,5.768201,
9930,TÓPAGA,"2,018",1,15,BOYACÁ,15820,Municipio,-72.832245,5.768201,
9931,TÚQUERRES,"1,997",1,52,NARIÑO,52838,Municipio,-77.61672,1.085044,
9932,TÚQUERRES,"2,007",3,52,NARIÑO,52838,Municipio,-77.61672,1.085044,
9933,TÚQUERRES,"2,009",1,52,NARIÑO,52838,Municipio,-77.61672,1.085044,
9934,TÚQUERRES,"2,010",1,52,NARIÑO,52838,Municipio,-77.61672,1.085044,
9935,TÚQUERRES,"2,011",3,52,NARIÑO,52838,Municipio,-77.61672,1.085044,
9936,TÚQUERRES,"2,012",1,52,NARIÑO,52838,Municipio,-77.61672,1.085044,
9937,TÚQUERRES,"2,013",1,52,NARIÑO,52838,Municipio,-77.61672,1.085044,
9938,TÚQUERRES,"2,016",1,52,NARIÑO,52838,Municipio,-77.61672,1.085044,
9939,TÚQUERRES,"2,017",2,52,NARIÑO,52838,Municipio,-77.61672,1.085044,
9940,TÚQUERRES,"2,019",2,52,NARIÑO,52838,Municipio,-77.61672,1.085044,
9941,UBALÁ,"1,990",1,25,CUNDINAMARCA,25839,Municipio,-73.531489,4.74762,
9942,UBALÁ,"1,992",1,25,CUNDINAMARCA,25839,Municipio,-73.531489,4.74762,
9943,UBALÁ,"1,993",1,25,CUNDINAMARCA,25839,Municipio,-73.531489,4.74762,
9944,UBALÁ,"1,994",1,25,CUNDINAMARCA,25839,Municipio,-73.531489,4.74762,
9945,UBALÁ,"1,997",1,25,CUNDINAMARCA,25839,Municipio,-73.531489,4.74762,
9946,UBALÁ,"2,002",1,25,CUNDINAMARCA,25839,Municipio,-73.531489,4.74762,
9947,UBALÁ,"2,004",1,25,CUNDINAMARCA,25839,Municipio,-73.531489,4.74762,
9948,UBALÁ,"2,005",1,25,CUNDINAMARCA,25839,Municipio,-73.531489,4.74762,
9949,UBALÁ,"2,007",1,25,CUNDINAMARCA,25839,Municipio,-73.531489,4.74762,
9950,UBALÁ,"2,016",1,25,CUNDINAMARCA,25839,Municipio,-73.531489,4.74762,
9951,UBALÁ,"2,019",2,25,CUNDINAMARCA,25839,Municipio,-73.531489,4.74762,
9952,UBAQUE,"1,992",1,25,CUNDINAMARCA,25841,Municipio,-73.933477,4.483788,
9953,UBAQUE,"2,019",1,25,CUNDINAMARCA,25841,Municipio,-73.933477,4.483788,
9954,ULLOA,"2,010",1,76,VALLE DEL CAUCA,76845,Municipio,-75.737808,4.703623,
9955,ULLOA,"2,012",1,76,VALLE DEL CAUCA,76845,Municipio,-75.737808,4.703623,
9956,ULLOA,"2,014",1,76,VALLE DEL CAUCA,76845,Municipio,-75.737808,4.703623,
9957,UNE,"1,994",2,25,CUNDINAMARCA,25845,Municipio,-74.025183,4.40245,
9958,UNE,"1,998",1,25,CUNDINAMARCA,25845,Municipio,-74.025183,4.40245,
9959,UNE,"2,001",1,25,CUNDINAMARCA,25845,Municipio,-74.025183,4.40245,
9960,UNE,"2,005",1,25,CUNDINAMARCA,25845,Municipio,-74.025183,4.40245,
9961,UNE,"2,016",1,25,CUNDINAMARCA,25845,Municipio,-74.025183,4.40245,
9962,UNE,"2,018",1,25,CUNDINAMARCA,25845,Municipio,-74.025183,4.40245,
9963,UNE,"2,019",1,25,CUNDINAMARCA,25845,Municipio,-74.025183,4.40245,
9964,UNGUÍA,"2,007",1,27,CHOCÓ,27800,Municipio,-77.092538,8.04406,
9965,UNGUÍA,"2,008",1,27,CHOCÓ,27800,Municipio,-77.092538,8.04406,
9966,UNIÓN PANAMERICANA,"2,012",1,27,CHOCÓ,27810,Municipio,-76.630143,5.281108,
9967,URAMITA,"2,005",1,5,ANTIOQUIA,5842,Municipio,-76.173284,6.898393,
9968,URAMITA,"2,006",1,5,ANTIOQUIA,5842,Municipio,-76.173284,6.898393,
9969,URAMITA,"2,008",1,5,ANTIOQUIA,5842,Municipio,-76.173284,6.898393,
9970,URAMITA,"2,011",1,5,ANTIOQUIA,5842,Municipio,-76.173284,6.898393,
9971,URIBE,"1,998",1,50,META,50370,Municipio,-74.351508,3.239634,
9972,URIBE,"2,018",1,50,META,50370,Municipio,-74.351508,3.239634,
9973,URIBIA,"1,988",1,44,LA GUAJIRA,44847,Municipio,-72.265906,11.711904,
9974,URIBIA,"2,001",1,44,LA GUAJIRA,44847,Municipio,-72.265906,11.711904,
9975,URIBIA,"2,002",1,44,LA GUAJIRA,44847,Municipio,-72.265906,11.711904,
9976,URIBIA,"2,004",3,44,LA GUAJIRA,44847,Municipio,-72.265906,11.711904,
9977,URRAO,"1,985",1,5,ANTIOQUIA,5847,Municipio,-76.133951,6.317343,
9978,URRAO,"1,986",1,5,ANTIOQUIA,5847,Municipio,-76.133951,6.317343,
9979,URRAO,"1,988",2,5,ANTIOQUIA,5847,Municipio,-76.133951,6.317343,
9980,URRAO,"1,990",1,5,ANTIOQUIA,5847,Municipio,-76.133951,6.317343,
9981,URRAO,"1,991",3,5,ANTIOQUIA,5847,Municipio,-76.133951,6.317343,
9982,URRAO,"1,993",2,5,ANTIOQUIA,5847,Municipio,-76.133951,6.317343,
9983,URRAO,"1,994",1,5,ANTIOQUIA,5847,Municipio,-76.133951,6.317343,
9984,URRAO,"1,995",1,5,ANTIOQUIA,5847,Municipio,-76.133951,6.317343,
9985,URRAO,"1,996",1,5,ANTIOQUIA,5847,Municipio,-76.133951,6.317343,
9986,URRAO,"1,997",4,5,ANTIOQUIA,5847,Municipio,-76.133951,6.317343,
9987,URRAO,"1,998",2,5,ANTIOQUIA,5847,Municipio,-76.133951,6.317343,
9988,URRAO,"1,999",2,5,ANTIOQUIA,5847,Municipio,-76.133951,6.317343,
9989,URRAO,"2,001",3,5,ANTIOQUIA,5847,Municipio,-76.133951,6.317343,
9990,URRAO,"2,002",1,5,ANTIOQUIA,5847,Municipio,-76.133951,6.317343,
9991,URRAO,"2,003",2,5,ANTIOQUIA,5847,Municipio,-76.133951,6.317343,
9992,URRAO,"2,004",2,5,ANTIOQUIA,5847,Municipio,-76.133951,6.317343,
9993,URRAO,"2,005",2,5,ANTIOQUIA,5847,Municipio,-76.133951,6.317343,
9994,URRAO,"2,006",2,5,ANTIOQUIA,5847,Municipio,-76.133951,6.317343,
9995,URRAO,"2,007",2,5,ANTIOQUIA,5847,Municipio,-76.133951,6.317343,
9996,URRAO,"2,008",1,5,ANTIOQUIA,5847,Municipio,-76.133951,6.317343,
9997,URRAO,"2,009",2,5,ANTIOQUIA,5847,Municipio,-76.133951,6.317343,
9998,URRAO,"2,010",3,5,ANTIOQUIA,5847,Municipio,-76.133951,6.317343,
9999,URRAO,"2,011",2,5,ANTIOQUIA,5847,Municipio,-76.133951,6.317343,
10000,URRAO,"2,012",1,5,ANTIOQUIA,5847,Municipio,-76.133951,6.317343,
10001,URRAO,"2,013",2,5,ANTIOQUIA,5847,Municipio,-76.133951,6.317343,
10002,URRAO,"2,015",2,5,ANTIOQUIA,5847,Municipio,-76.133951,6.317343,
10003,URRAO,"2,016",3,5,ANTIOQUIA,5847,Municipio,-76.133951,6.317343,
10004,URRAO,"2,018",1,5,ANTIOQUIA,5847,Municipio,-76.133951,6.317343,
10005,URUMITA,"1,998",1,44,LA GUAJIRA,44855,Municipio,-73.012507,10.560169,
10006,USIACURÍ,"1,988",1,8,ATLÁNTICO,8849,Municipio,-74.976985,10.74298,
10007,USIACURÍ,"1,995",1,8,ATLÁNTICO,8849,Municipio,-74.976985,10.74298,
10008,USIACURÍ,"2,004",2,8,ATLÁNTICO,8849,Municipio,-74.976985,10.74298,
10009,USIACURÍ,"2,006",1,8,ATLÁNTICO,8849,Municipio,-74.976985,10.74298,
10010,USIACURÍ,"2,012",1,8,ATLÁNTICO,8849,Municipio,-74.976985,10.74298,
10011,USIACURÍ,"2,015",1,8,ATLÁNTICO,8849,Municipio,-74.976985,10.74298,
10012,VALDIVIA,"1,987",1,5,ANTIOQUIA,5854,Municipio,-75.439274,7.1652,
10013,VALDIVIA,"2,006",1,5,ANTIOQUIA,5854,Municipio,-75.439274,7.1652,
10014,VALDIVIA,"2,007",1,5,ANTIOQUIA,5854,Municipio,-75.439274,7.1652,
10015,VALDIVIA,"2,013",1,5,ANTIOQUIA,5854,Municipio,-75.439274,7.1652,
10016,VALDIVIA,"2,016",1,5,ANTIOQUIA,5854,Municipio,-75.439274,7.1652,
10017,VALDIVIA,"2,017",1,5,ANTIOQUIA,5854,Municipio,-75.439274,7.1652,
10018,VALENCIA,"1,988",1,23,CÓRDOBA,23855,Municipio,-76.150756,8.255016,
10019,VALENCIA,"1,992",1,23,CÓRDOBA,23855,Municipio,-76.150756,8.255016,
10020,VALENCIA,"1,996",1,23,CÓRDOBA,23855,Municipio,-76.150756,8.255016,
10021,VALENCIA,"1,998",1,23,CÓRDOBA,23855,Municipio,-76.150756,8.255016,
10022,VALENCIA,"2,008",1,23,CÓRDOBA,23855,Municipio,-76.150756,8.255016,
10023,VALENCIA,"2,011",1,23,CÓRDOBA,23855,Municipio,-76.150756,8.255016,
10024,VALENCIA,"2,015",1,23,CÓRDOBA,23855,Municipio,-76.150756,8.255016,
10025,VALLE DE SAN JOSÉ,"1,987",1,68,SANTANDER,68855,Municipio,-73.143507,6.448028,
10026,VALLE DE SAN JOSÉ,"1,993",1,68,SANTANDER,68855,Municipio,-73.143507,6.448028,
10027,VALLE DE SAN JOSÉ,"2,003",1,68,SANTANDER,68855,Municipio,-73.143507,6.448028,
10028,VALLE DE SAN JOSÉ,"2,008",1,68,SANTANDER,68855,Municipio,-73.143507,6.448028,
10029,VALLE DE SAN JOSÉ,"2,009",1,68,SANTANDER,68855,Municipio,-73.143507,6.448028,
10030,VALLE DE SAN JUAN,"1,997",1,73,TOLIMA,73854,Municipio,-75.115669,4.197494,
10031,VALLE DE SAN JUAN,"2,002",1,73,TOLIMA,73854,Municipio,-75.115669,4.197494,
10032,VALLE DE SAN JUAN,"2,010",2,73,TOLIMA,73854,Municipio,-75.115669,4.197494,
10033,VALLE DE SAN JUAN,"2,013",1,73,TOLIMA,73854,Municipio,-75.115669,4.197494,
10034,VALLE DE SAN JUAN,"2,016",1,73,TOLIMA,73854,Municipio,-75.115669,4.197494,
10035,VALLE DEL GUAMUEZ,"2,009",1,86,PUTUMAYO,86865,Municipio,-76.906751,0.423506,
10036,VALLE DEL GUAMUEZ,"2,018",2,86,PUTUMAYO,86865,Municipio,-76.906751,0.423506,
10037,VALLEDUPAR,"1,985",2,20,CESAR,20001,Municipio,-73.259398,10.460472,
10038,VALLEDUPAR,"1,986",2,20,CESAR,20001,Municipio,-73.259398,10.460472,
10039,VALLEDUPAR,"1,987",3,20,CESAR,20001,Municipio,-73.259398,10.460472,
10040,VALLEDUPAR,"1,988",4,20,CESAR,20001,Municipio,-73.259398,10.460472,
10041,VALLEDUPAR,"1,989",2,20,CESAR,20001,Municipio,-73.259398,10.460472,
10042,VALLEDUPAR,"1,990",3,20,CESAR,20001,Municipio,-73.259398,10.460472,
10043,VALLEDUPAR,"1,991",1,20,CESAR,20001,Municipio,-73.259398,10.460472,
10044,VALLEDUPAR,"1,992",1,20,CESAR,20001,Municipio,-73.259398,10.460472,
10045,VALLEDUPAR,"1,993",4,20,CESAR,20001,Municipio,-73.259398,10.460472,
10046,VALLEDUPAR,"1,995",2,20,CESAR,20001,Municipio,-73.259398,10.460472,
10047,VALLEDUPAR,"1,996",4,20,CESAR,20001,Municipio,-73.259398,10.460472,
10048,VALLEDUPAR,"1,998",4,20,CESAR,20001,Municipio,-73.259398,10.460472,
10049,VALLEDUPAR,"1,999",6,20,CESAR,20001,Municipio,-73.259398,10.460472,
10050,VALLEDUPAR,"2,000",6,20,CESAR,20001,Municipio,-73.259398,10.460472,
10051,VALLEDUPAR,"2,001",12,20,CESAR,20001,Municipio,-73.259398,10.460472,
10052,VALLEDUPAR,"2,002",9,20,CESAR,20001,Municipio,-73.259398,10.460472,
10053,VALLEDUPAR,"2,003",7,20,CESAR,20001,Municipio,-73.259398,10.460472,
10054,VALLEDUPAR,"2,004",5,20,CESAR,20001,Municipio,-73.259398,10.460472,
10055,VALLEDUPAR,"2,005",7,20,CESAR,20001,Municipio,-73.259398,10.460472,
10056,VALLEDUPAR,"2,006",12,20,CESAR,20001,Municipio,-73.259398,10.460472,
10057,VALLEDUPAR,"2,007",10,20,CESAR,20001,Municipio,-73.259398,10.460472,
10058,VALLEDUPAR,"2,008",14,20,CESAR,20001,Municipio,-73.259398,10.460472,
10059,VALLEDUPAR,"2,009",19,20,CESAR,20001,Municipio,-73.259398,10.460472,
10060,VALLEDUPAR,"2,010",21,20,CESAR,20001,Municipio,-73.259398,10.460472,
10061,VALLEDUPAR,"2,011",18,20,CESAR,20001,Municipio,-73.259398,10.460472,
10062,VALLEDUPAR,"2,012",19,20,CESAR,20001,Municipio,-73.259398,10.460472,
10063,VALLEDUPAR,"2,013",24,20,CESAR,20001,Municipio,-73.259398,10.460472,
10064,VALLEDUPAR,"2,014",24,20,CESAR,20001,Municipio,-73.259398,10.460472,
10065,VALLEDUPAR,"2,015",31,20,CESAR,20001,Municipio,-73.259398,10.460472,
10066,VALLEDUPAR,"2,016",37,20,CESAR,20001,Municipio,-73.259398,10.460472,
10067,VALLEDUPAR,"2,017",32,20,CESAR,20001,Municipio,-73.259398,10.460472,
10068,VALLEDUPAR,"2,018",28,20,CESAR,20001,Municipio,-73.259398,10.460472,
10069,VALLEDUPAR,"2,019",42,20,CESAR,20001,Municipio,-73.259398,10.460472,
10070,VALPARAÍSO,"1,987",1,5,ANTIOQUIA,5856,Municipio,-75.624452,5.614555,
10071,VALPARAÍSO,"1,987",1,18,CAQUETÁ,18860,Municipio,-75.70671,1.194619,
10072,VALPARAÍSO,"1,993",1,5,ANTIOQUIA,5856,Municipio,-75.624452,5.614555,
10073,VALPARAÍSO,"1,993",1,18,CAQUETÁ,18860,Municipio,-75.70671,1.194619,
10074,VALPARAÍSO,"1,994",1,5,ANTIOQUIA,5856,Municipio,-75.624452,5.614555,
10075,VALPARAÍSO,"1,994",1,18,CAQUETÁ,18860,Municipio,-75.70671,1.194619,
10076,VALPARAÍSO,"1,995",3,5,ANTIOQUIA,5856,Municipio,-75.624452,5.614555,
10077,VALPARAÍSO,"1,995",3,18,CAQUETÁ,18860,Municipio,-75.70671,1.194619,
10078,VALPARAÍSO,"1,996",1,5,ANTIOQUIA,5856,Municipio,-75.624452,5.614555,
10079,VALPARAÍSO,"1,996",1,18,CAQUETÁ,18860,Municipio,-75.70671,1.194619,
10080,VALPARAÍSO,"2,001",1,5,ANTIOQUIA,5856,Municipio,-75.624452,5.614555,
10081,VALPARAÍSO,"2,001",1,18,CAQUETÁ,18860,Municipio,-75.70671,1.194619,
10082,VALPARAÍSO,"2,004",2,5,ANTIOQUIA,5856,Municipio,-75.624452,5.614555,
10083,VALPARAÍSO,"2,004",2,18,CAQUETÁ,18860,Municipio,-75.70671,1.194619,
10084,VALPARAÍSO,"2,005",1,5,ANTIOQUIA,5856,Municipio,-75.624452,5.614555,
10085,VALPARAÍSO,"2,005",1,18,CAQUETÁ,18860,Municipio,-75.70671,1.194619,
10086,VALPARAÍSO,"2,007",1,5,ANTIOQUIA,5856,Municipio,-75.624452,5.614555,
10087,VALPARAÍSO,"2,007",1,18,CAQUETÁ,18860,Municipio,-75.70671,1.194619,
10088,VALPARAÍSO,"2,008",2,5,ANTIOQUIA,5856,Municipio,-75.624452,5.614555,
10089,VALPARAÍSO,"2,008",2,18,CAQUETÁ,18860,Municipio,-75.70671,1.194619,
10090,VALPARAÍSO,"2,012",1,5,ANTIOQUIA,5856,Municipio,-75.624452,5.614555,
10091,VALPARAÍSO,"2,012",1,18,CAQUETÁ,18860,Municipio,-75.70671,1.194619,
10092,VALPARAÍSO,"2,014",1,5,ANTIOQUIA,5856,Municipio,-75.624452,5.614555,
10093,VALPARAÍSO,"2,014",1,18,CAQUETÁ,18860,Municipio,-75.70671,1.194619,
10094,VALPARAÍSO,"2,015",2,5,ANTIOQUIA,5856,Municipio,-75.624452,5.614555,
10095,VALPARAÍSO,"2,015",2,18,CAQUETÁ,18860,Municipio,-75.70671,1.194619,
10096,VALPARAÍSO,"2,017",1,5,ANTIOQUIA,5856,Municipio,-75.624452,5.614555,
10097,VALPARAÍSO,"2,017",1,18,CAQUETÁ,18860,Municipio,-75.70671,1.194619,
10098,VEGACHÍ,"1,987",1,5,ANTIOQUIA,5858,Municipio,-74.798714,6.773525,
10099,VEGACHÍ,"1,988",1,5,ANTIOQUIA,5858,Municipio,-74.798714,6.773525,
10100,VEGACHÍ,"1,992",2,5,ANTIOQUIA,5858,Municipio,-74.798714,6.773525,
10101,VEGACHÍ,"1,995",1,5,ANTIOQUIA,5858,Municipio,-74.798714,6.773525,
10102,VEGACHÍ,"1,996",2,5,ANTIOQUIA,5858,Municipio,-74.798714,6.773525,
10103,VEGACHÍ,"2,006",1,5,ANTIOQUIA,5858,Municipio,-74.798714,6.773525,
10104,VEGACHÍ,"2,008",1,5,ANTIOQUIA,5858,Municipio,-74.798714,6.773525,
10105,VEGACHÍ,"2,009",1,5,ANTIOQUIA,5858,Municipio,-74.798714,6.773525,
10106,VEGACHÍ,"2,013",1,5,ANTIOQUIA,5858,Municipio,-74.798714,6.773525,
10107,VEGACHÍ,"2,014",2,5,ANTIOQUIA,5858,Municipio,-74.798714,6.773525,
10108,VENADILLO,"1,989",1,73,TOLIMA,73861,Municipio,-74.929333,4.717878,
10109,VENADILLO,"1,994",1,73,TOLIMA,73861,Municipio,-74.929333,4.717878,
10110,VENADILLO,"1,998",2,73,TOLIMA,73861,Municipio,-74.929333,4.717878,
10111,VENADILLO,"2,003",1,73,TOLIMA,73861,Municipio,-74.929333,4.717878,
10112,VENADILLO,"2,006",1,73,TOLIMA,73861,Municipio,-74.929333,4.717878,
10113,VENADILLO,"2,007",1,73,TOLIMA,73861,Municipio,-74.929333,4.717878,
10114,VENADILLO,"2,008",1,73,TOLIMA,73861,Municipio,-74.929333,4.717878,
10115,VENADILLO,"2,009",1,73,TOLIMA,73861,Municipio,-74.929333,4.717878,
10116,VENADILLO,"2,011",1,73,TOLIMA,73861,Municipio,-74.929333,4.717878,
10117,VENADILLO,"2,018",1,73,TOLIMA,73861,Municipio,-74.929333,4.717878,
10118,VENADILLO,"2,019",1,73,TOLIMA,73861,Municipio,-74.929333,4.717878,
10119,VENECIA,"1,986",2,5,ANTIOQUIA,5861,Municipio,-75.735544,5.964693,
10120,VENECIA,"1,986",2,25,CUNDINAMARCA,25506,Municipio,-74.478301,4.089056,
10121,VENECIA,"1,989",1,5,ANTIOQUIA,5861,Municipio,-75.735544,5.964693,
10122,VENECIA,"1,989",1,25,CUNDINAMARCA,25506,Municipio,-74.478301,4.089056,
10123,VENECIA,"1,995",1,5,ANTIOQUIA,5861,Municipio,-75.735544,5.964693,
10124,VENECIA,"1,995",1,25,CUNDINAMARCA,25506,Municipio,-74.478301,4.089056,
10125,VENECIA,"1,997",2,5,ANTIOQUIA,5861,Municipio,-75.735544,5.964693,
10126,VENECIA,"1,997",2,25,CUNDINAMARCA,25506,Municipio,-74.478301,4.089056,
10127,VENECIA,"1,999",1,5,ANTIOQUIA,5861,Municipio,-75.735544,5.964693,
10128,VENECIA,"1,999",1,25,CUNDINAMARCA,25506,Municipio,-74.478301,4.089056,
10129,VENECIA,"2,001",1,5,ANTIOQUIA,5861,Municipio,-75.735544,5.964693,
10130,VENECIA,"2,001",1,25,CUNDINAMARCA,25506,Municipio,-74.478301,4.089056,
10131,VENECIA,"2,002",2,5,ANTIOQUIA,5861,Municipio,-75.735544,5.964693,
10132,VENECIA,"2,002",2,25,CUNDINAMARCA,25506,Municipio,-74.478301,4.089056,
10133,VENECIA,"2,004",1,5,ANTIOQUIA,5861,Municipio,-75.735544,5.964693,
10134,VENECIA,"2,004",1,25,CUNDINAMARCA,25506,Municipio,-74.478301,4.089056,
10135,VENECIA,"2,005",1,5,ANTIOQUIA,5861,Municipio,-75.735544,5.964693,
10136,VENECIA,"2,005",1,25,CUNDINAMARCA,25506,Municipio,-74.478301,4.089056,
10137,VENECIA,"2,010",1,5,ANTIOQUIA,5861,Municipio,-75.735544,5.964693,
10138,VENECIA,"2,010",1,25,CUNDINAMARCA,25506,Municipio,-74.478301,4.089056,
10139,VENECIA,"2,013",3,5,ANTIOQUIA,5861,Municipio,-75.735544,5.964693,
10140,VENECIA,"2,013",3,25,CUNDINAMARCA,25506,Municipio,-74.478301,4.089056,
10141,VENECIA,"2,015",1,5,ANTIOQUIA,5861,Municipio,-75.735544,5.964693,
10142,VENECIA,"2,015",1,25,CUNDINAMARCA,25506,Municipio,-74.478301,4.089056,
10143,VENECIA,"2,018",1,5,ANTIOQUIA,5861,Municipio,-75.735544,5.964693,
10144,VENECIA,"2,018",1,25,CUNDINAMARCA,25506,Municipio,-74.478301,4.089056,
10145,VENECIA,"2,019",1,5,ANTIOQUIA,5861,Municipio,-75.735544,5.964693,
10146,VENECIA,"2,019",1,25,CUNDINAMARCA,25506,Municipio,-74.478301,4.089056,
10147,VENTAQUEMADA,"1,991",1,15,BOYACÁ,15861,Municipio,-73.522368,5.368739,
10148,VENTAQUEMADA,"1,996",3,15,BOYACÁ,15861,Municipio,-73.522368,5.368739,
10149,VENTAQUEMADA,"1,997",1,15,BOYACÁ,15861,Municipio,-73.522368,5.368739,
10150,VENTAQUEMADA,"1,999",1,15,BOYACÁ,15861,Municipio,-73.522368,5.368739,
10151,VENTAQUEMADA,"2,007",1,15,BOYACÁ,15861,Municipio,-73.522368,5.368739,
10152,VENTAQUEMADA,"2,013",1,15,BOYACÁ,15861,Municipio,-73.522368,5.368739,
10153,VENTAQUEMADA,"2,015",1,15,BOYACÁ,15861,Municipio,-73.522368,5.368739,
10154,VENTAQUEMADA,"2,016",1,15,BOYACÁ,15861,Municipio,-73.522368,5.368739,
10155,VENTAQUEMADA,"2,019",1,15,BOYACÁ,15861,Municipio,-73.522368,5.368739,
10156,VERGARA,"1,985",1,25,CUNDINAMARCA,25862,Municipio,-74.346163,5.117258,
10157,VERGARA,"1,986",1,25,CUNDINAMARCA,25862,Municipio,-74.346163,5.117258,
10158,VERGARA,"1,989",1,25,CUNDINAMARCA,25862,Municipio,-74.346163,5.117258,
10159,VERGARA,"2,011",1,25,CUNDINAMARCA,25862,Municipio,-74.346163,5.117258,
10160,VERGARA,"2,012",1,25,CUNDINAMARCA,25862,Municipio,-74.346163,5.117258,
10161,VERSALLES,"1,991",1,76,VALLE DEL CAUCA,76863,Municipio,-76.199203,4.575019,
10162,VERSALLES,"1,992",1,76,VALLE DEL CAUCA,76863,Municipio,-76.199203,4.575019,
10163,VERSALLES,"1,994",1,76,VALLE DEL CAUCA,76863,Municipio,-76.199203,4.575019,
10164,VERSALLES,"2,012",2,76,VALLE DEL CAUCA,76863,Municipio,-76.199203,4.575019,
10165,VERSALLES,"2,013",1,76,VALLE DEL CAUCA,76863,Municipio,-76.199203,4.575019,
10166,VERSALLES,"2,016",1,76,VALLE DEL CAUCA,76863,Municipio,-76.199203,4.575019,
10167,VERSALLES,"2,018",1,76,VALLE DEL CAUCA,76863,Municipio,-76.199203,4.575019,
10168,VERSALLES,"2,019",1,76,VALLE DEL CAUCA,76863,Municipio,-76.199203,4.575019,
10169,VIANÍ,"1,985",1,25,CUNDINAMARCA,25867,Municipio,-74.56132,4.875208,
10170,VIANÍ,"1,992",1,25,CUNDINAMARCA,25867,Municipio,-74.56132,4.875208,
10171,VIANÍ,"2,012",1,25,CUNDINAMARCA,25867,Municipio,-74.56132,4.875208,
10172,VIANÍ,"2,019",1,25,CUNDINAMARCA,25867,Municipio,-74.56132,4.875208,
10173,VICTORIA,"1,997",1,17,CALDAS,17867,Municipio,-74.911239,5.317437,
10174,VICTORIA,"2,008",1,17,CALDAS,17867,Municipio,-74.911239,5.317437,
10175,VICTORIA,"2,010",1,17,CALDAS,17867,Municipio,-74.911239,5.317437,
10176,VICTORIA,"2,017",2,17,CALDAS,17867,Municipio,-74.911239,5.317437,
10177,VICTORIA,"2,019",1,17,CALDAS,17867,Municipio,-74.911239,5.317437,
10178,VIGÍA DEL FUERTE,"1,997",1,5,ANTIOQUIA,5873,Municipio,-76.896004,6.588164,
10179,VIJES,"1,999",2,76,VALLE DEL CAUCA,76869,Municipio,-76.441804,3.698686,
10180,VIJES,"2,001",1,76,VALLE DEL CAUCA,76869,Municipio,-76.441804,3.698686,
10181,VIJES,"2,004",1,76,VALLE DEL CAUCA,76869,Municipio,-76.441804,3.698686,
10182,VIJES,"2,006",1,76,VALLE DEL CAUCA,76869,Municipio,-76.441804,3.698686,
10183,VIJES,"2,013",1,76,VALLE DEL CAUCA,76869,Municipio,-76.441804,3.698686,
10184,VIJES,"2,015",1,76,VALLE DEL CAUCA,76869,Municipio,-76.441804,3.698686,
10185,VIJES,"2,017",1,76,VALLE DEL CAUCA,76869,Municipio,-76.441804,3.698686,
10186,VIJES,"2,019",1,76,VALLE DEL CAUCA,76869,Municipio,-76.441804,3.698686,
10187,VILLA CARO,"2,003",1,54,NORTE DE SANTANDER,54871,Municipio,-72.973601,7.914244,
10188,VILLA CARO,"2,014",1,54,NORTE DE SANTANDER,54871,Municipio,-72.973601,7.914244,
10189,VILLA DE LEYVA,"1,987",1,15,BOYACÁ,15407,Municipio,-73.524948,5.632455,
10190,VILLA DE LEYVA,"1,989",1,15,BOYACÁ,15407,Municipio,-73.524948,5.632455,
10191,VILLA DE LEYVA,"1,991",1,15,BOYACÁ,15407,Municipio,-73.524948,5.632455,
10192,VILLA DE LEYVA,"1,993",1,15,BOYACÁ,15407,Municipio,-73.524948,5.632455,
10193,VILLA DE LEYVA,"1,994",2,15,BOYACÁ,15407,Municipio,-73.524948,5.632455,
10194,VILLA DE LEYVA,"2,001",1,15,BOYACÁ,15407,Municipio,-73.524948,5.632455,
10195,VILLA DE LEYVA,"2,007",1,15,BOYACÁ,15407,Municipio,-73.524948,5.632455,
10196,VILLA DE LEYVA,"2,009",1,15,BOYACÁ,15407,Municipio,-73.524948,5.632455,
10197,VILLA DE LEYVA,"2,012",1,15,BOYACÁ,15407,Municipio,-73.524948,5.632455,
10198,VILLA DE LEYVA,"2,016",2,15,BOYACÁ,15407,Municipio,-73.524948,5.632455,
10199,VILLA DE LEYVA,"2,018",1,15,BOYACÁ,15407,Municipio,-73.524948,5.632455,
10200,VILLA DE LEYVA,"2,019",2,15,BOYACÁ,15407,Municipio,-73.524948,5.632455,
10201,VILLA DE SAN DIEGO DE UBATÉ,"1,986",1,25,CUNDINAMARCA,25843,Municipio,-73.814367,5.307463,
10202,VILLA DE SAN DIEGO DE UBATÉ,"1,987",1,25,CUNDINAMARCA,25843,Municipio,-73.814367,5.307463,
10203,VILLA DE SAN DIEGO DE UBATÉ,"1,989",1,25,CUNDINAMARCA,25843,Municipio,-73.814367,5.307463,
10204,VILLA DE SAN DIEGO DE UBATÉ,"1,990",3,25,CUNDINAMARCA,25843,Municipio,-73.814367,5.307463,
10205,VILLA DE SAN DIEGO DE UBATÉ,"1,991",1,25,CUNDINAMARCA,25843,Municipio,-73.814367,5.307463,
10206,VILLA DE SAN DIEGO DE UBATÉ,"1,993",2,25,CUNDINAMARCA,25843,Municipio,-73.814367,5.307463,
10207,VILLA DE SAN DIEGO DE UBATÉ,"1,995",2,25,CUNDINAMARCA,25843,Municipio,-73.814367,5.307463,
10208,VILLA DE SAN DIEGO DE UBATÉ,"1,996",1,25,CUNDINAMARCA,25843,Municipio,-73.814367,5.307463,
10209,VILLA DE SAN DIEGO DE UBATÉ,"1,997",3,25,CUNDINAMARCA,25843,Municipio,-73.814367,5.307463,
10210,VILLA DE SAN DIEGO DE UBATÉ,"1,998",1,25,CUNDINAMARCA,25843,Municipio,-73.814367,5.307463,
10211,VILLA DE SAN DIEGO DE UBATÉ,"1,999",1,25,CUNDINAMARCA,25843,Municipio,-73.814367,5.307463,
10212,VILLA DE SAN DIEGO DE UBATÉ,"2,000",1,25,CUNDINAMARCA,25843,Municipio,-73.814367,5.307463,
10213,VILLA DE SAN DIEGO DE UBATÉ,"2,002",1,25,CUNDINAMARCA,25843,Municipio,-73.814367,5.307463,
10214,VILLA DE SAN DIEGO DE UBATÉ,"2,003",1,25,CUNDINAMARCA,25843,Municipio,-73.814367,5.307463,
10215,VILLA DE SAN DIEGO DE UBATÉ,"2,004",1,25,CUNDINAMARCA,25843,Municipio,-73.814367,5.307463,
10216,VILLA DE SAN DIEGO DE UBATÉ,"2,008",1,25,CUNDINAMARCA,25843,Municipio,-73.814367,5.307463,
10217,VILLA DE SAN DIEGO DE UBATÉ,"2,009",2,25,CUNDINAMARCA,25843,Municipio,-73.814367,5.307463,
10218,VILLA DE SAN DIEGO DE UBATÉ,"2,010",3,25,CUNDINAMARCA,25843,Municipio,-73.814367,5.307463,
10219,VILLA DE SAN DIEGO DE UBATÉ,"2,012",2,25,CUNDINAMARCA,25843,Municipio,-73.814367,5.307463,
10220,VILLA DE SAN DIEGO DE UBATÉ,"2,013",2,25,CUNDINAMARCA,25843,Municipio,-73.814367,5.307463,
10221,VILLA DE SAN DIEGO DE UBATÉ,"2,014",4,25,CUNDINAMARCA,25843,Municipio,-73.814367,5.307463,
10222,VILLA DE SAN DIEGO DE UBATÉ,"2,015",2,25,CUNDINAMARCA,25843,Municipio,-73.814367,5.307463,
10223,VILLA DE SAN DIEGO DE UBATÉ,"2,016",2,25,CUNDINAMARCA,25843,Municipio,-73.814367,5.307463,
10224,VILLA DE SAN DIEGO DE UBATÉ,"2,017",4,25,CUNDINAMARCA,25843,Municipio,-73.814367,5.307463,
10225,VILLA DE SAN DIEGO DE UBATÉ,"2,018",5,25,CUNDINAMARCA,25843,Municipio,-73.814367,5.307463,
10226,VILLA DE SAN DIEGO DE UBATÉ,"2,019",1,25,CUNDINAMARCA,25843,Municipio,-73.814367,5.307463,
10227,VILLA DEL ROSARIO,"1,986",1,54,NORTE DE SANTANDER,54874,Municipio,-72.469758,7.847672,
10228,VILLA DEL ROSARIO,"1,987",1,54,NORTE DE SANTANDER,54874,Municipio,-72.469758,7.847672,
10229,VILLA DEL ROSARIO,"1,988",2,54,NORTE DE SANTANDER,54874,Municipio,-72.469758,7.847672,
10230,VILLA DEL ROSARIO,"1,995",1,54,NORTE DE SANTANDER,54874,Municipio,-72.469758,7.847672,
10231,VILLA DEL ROSARIO,"1,996",1,54,NORTE DE SANTANDER,54874,Municipio,-72.469758,7.847672,
10232,VILLA DEL ROSARIO,"1,999",4,54,NORTE DE SANTANDER,54874,Municipio,-72.469758,7.847672,
10233,VILLA DEL ROSARIO,"2,001",2,54,NORTE DE SANTANDER,54874,Municipio,-72.469758,7.847672,
10234,VILLA DEL ROSARIO,"2,002",2,54,NORTE DE SANTANDER,54874,Municipio,-72.469758,7.847672,
10235,VILLA DEL ROSARIO,"2,009",3,54,NORTE DE SANTANDER,54874,Municipio,-72.469758,7.847672,
10236,VILLA DEL ROSARIO,"2,010",2,54,NORTE DE SANTANDER,54874,Municipio,-72.469758,7.847672,
10237,VILLA DEL ROSARIO,"2,011",2,54,NORTE DE SANTANDER,54874,Municipio,-72.469758,7.847672,
10238,VILLA DEL ROSARIO,"2,012",1,54,NORTE DE SANTANDER,54874,Municipio,-72.469758,7.847672,
10239,VILLA DEL ROSARIO,"2,013",2,54,NORTE DE SANTANDER,54874,Municipio,-72.469758,7.847672,
10240,VILLA DEL ROSARIO,"2,016",1,54,NORTE DE SANTANDER,54874,Municipio,-72.469758,7.847672,
10241,VILLA DEL ROSARIO,"2,017",1,54,NORTE DE SANTANDER,54874,Municipio,-72.469758,7.847672,
10242,VILLA DEL ROSARIO,"2,018",2,54,NORTE DE SANTANDER,54874,Municipio,-72.469758,7.847672,
10243,VILLA DEL ROSARIO,"2,019",2,54,NORTE DE SANTANDER,54874,Municipio,-72.469758,7.847672,
10244,VILLA RICA,"2,000",1,19,CAUCA,19845,Municipio,-76.458025,3.17762,
10245,VILLA RICA,"2,006",1,19,CAUCA,19845,Municipio,-76.458025,3.17762,
10246,VILLA RICA,"2,011",1,19,CAUCA,19845,Municipio,-76.458025,3.17762,
10247,VILLA RICA,"2,019",2,19,CAUCA,19845,Municipio,-76.458025,3.17762,
10248,VILLAGARZÓN,"1,996",1,86,PUTUMAYO,86885,Municipio,-76.61721,1.028821,
10249,VILLAGARZÓN,"2,001",1,86,PUTUMAYO,86885,Municipio,-76.61721,1.028821,
10250,VILLAGARZÓN,"2,002",1,86,PUTUMAYO,86885,Municipio,-76.61721,1.028821,
10251,VILLAGARZÓN,"2,004",1,86,PUTUMAYO,86885,Municipio,-76.61721,1.028821,
10252,VILLAGARZÓN,"2,013",1,86,PUTUMAYO,86885,Municipio,-76.61721,1.028821,
10253,VILLAGARZÓN,"2,018",1,86,PUTUMAYO,86885,Municipio,-76.61721,1.028821,
10254,VILLAHERMOSA,"1,987",1,73,TOLIMA,73870,Municipio,-75.117729,5.030452,
10255,VILLAHERMOSA,"1,988",1,73,TOLIMA,73870,Municipio,-75.117729,5.030452,
10256,VILLAHERMOSA,"1,995",1,73,TOLIMA,73870,Municipio,-75.117729,5.030452,
10257,VILLAHERMOSA,"1,996",1,73,TOLIMA,73870,Municipio,-75.117729,5.030452,
10258,VILLAHERMOSA,"1,999",1,73,TOLIMA,73870,Municipio,-75.117729,5.030452,
10259,VILLAHERMOSA,"2,002",1,73,TOLIMA,73870,Municipio,-75.117729,5.030452,
10260,VILLAHERMOSA,"2,008",2,73,TOLIMA,73870,Municipio,-75.117729,5.030452,
10261,VILLAHERMOSA,"2,010",1,73,TOLIMA,73870,Municipio,-75.117729,5.030452,
10262,VILLAHERMOSA,"2,014",1,73,TOLIMA,73870,Municipio,-75.117729,5.030452,
10263,VILLAMARÍA,"1,985",1,17,CALDAS,17873,Municipio,-75.502487,5.038925,
10264,VILLAMARÍA,"1,986",1,17,CALDAS,17873,Municipio,-75.502487,5.038925,
10265,VILLAMARÍA,"1,988",1,17,CALDAS,17873,Municipio,-75.502487,5.038925,
10266,VILLAMARÍA,"1,989",1,17,CALDAS,17873,Municipio,-75.502487,5.038925,
10267,VILLAMARÍA,"1,991",2,17,CALDAS,17873,Municipio,-75.502487,5.038925,
10268,VILLAMARÍA,"1,992",1,17,CALDAS,17873,Municipio,-75.502487,5.038925,
10269,VILLAMARÍA,"1,996",3,17,CALDAS,17873,Municipio,-75.502487,5.038925,
10270,VILLAMARÍA,"1,998",1,17,CALDAS,17873,Municipio,-75.502487,5.038925,
10271,VILLAMARÍA,"1,999",2,17,CALDAS,17873,Municipio,-75.502487,5.038925,
10272,VILLAMARÍA,"2,000",1,17,CALDAS,17873,Municipio,-75.502487,5.038925,
10273,VILLAMARÍA,"2,004",3,17,CALDAS,17873,Municipio,-75.502487,5.038925,
10274,VILLAMARÍA,"2,005",1,17,CALDAS,17873,Municipio,-75.502487,5.038925,
10275,VILLAMARÍA,"2,007",2,17,CALDAS,17873,Municipio,-75.502487,5.038925,
10276,VILLAMARÍA,"2,008",1,17,CALDAS,17873,Municipio,-75.502487,5.038925,
10277,VILLAMARÍA,"2,009",3,17,CALDAS,17873,Municipio,-75.502487,5.038925,
10278,VILLAMARÍA,"2,010",3,17,CALDAS,17873,Municipio,-75.502487,5.038925,
10279,VILLAMARÍA,"2,013",1,17,CALDAS,17873,Municipio,-75.502487,5.038925,
10280,VILLAMARÍA,"2,014",3,17,CALDAS,17873,Municipio,-75.502487,5.038925,
10281,VILLAMARÍA,"2,015",2,17,CALDAS,17873,Municipio,-75.502487,5.038925,
10282,VILLAMARÍA,"2,016",3,17,CALDAS,17873,Municipio,-75.502487,5.038925,
10283,VILLAMARÍA,"2,017",1,17,CALDAS,17873,Municipio,-75.502487,5.038925,
10284,VILLAMARÍA,"2,018",3,17,CALDAS,17873,Municipio,-75.502487,5.038925,
10285,VILLAMARÍA,"2,019",1,17,CALDAS,17873,Municipio,-75.502487,5.038925,
10286,VILLANUEVA,"1,989",1,13,BOLÍVAR,13873,Municipio,-75.275613,10.444089,
10287,VILLANUEVA,"1,989",1,44,LA GUAJIRA,44874,Municipio,-72.977583,10.608774,
10288,VILLANUEVA,"1,989",1,68,SANTANDER,68872,Municipio,-73.174307,6.670078,
10289,VILLANUEVA,"1,989",1,85,CASANARE,85440,Municipio,-72.927797,4.61035,
10290,VILLANUEVA,"1,990",1,13,BOLÍVAR,13873,Municipio,-75.275613,10.444089,
10291,VILLANUEVA,"1,990",1,44,LA GUAJIRA,44874,Municipio,-72.977583,10.608774,
10292,VILLANUEVA,"1,990",1,68,SANTANDER,68872,Municipio,-73.174307,6.670078,
10293,VILLANUEVA,"1,990",1,85,CASANARE,85440,Municipio,-72.927797,4.61035,
10294,VILLANUEVA,"1,991",1,13,BOLÍVAR,13873,Municipio,-75.275613,10.444089,
10295,VILLANUEVA,"1,991",1,44,LA GUAJIRA,44874,Municipio,-72.977583,10.608774,
10296,VILLANUEVA,"1,991",1,68,SANTANDER,68872,Municipio,-73.174307,6.670078,
10297,VILLANUEVA,"1,991",1,85,CASANARE,85440,Municipio,-72.927797,4.61035,
10298,VILLANUEVA,"1,993",3,13,BOLÍVAR,13873,Municipio,-75.275613,10.444089,
10299,VILLANUEVA,"1,993",3,44,LA GUAJIRA,44874,Municipio,-72.977583,10.608774,
10300,VILLANUEVA,"1,993",3,68,SANTANDER,68872,Municipio,-73.174307,6.670078,
10301,VILLANUEVA,"1,993",3,85,CASANARE,85440,Municipio,-72.927797,4.61035,
10302,VILLANUEVA,"1,994",1,13,BOLÍVAR,13873,Municipio,-75.275613,10.444089,
10303,VILLANUEVA,"1,994",1,44,LA GUAJIRA,44874,Municipio,-72.977583,10.608774,
10304,VILLANUEVA,"1,994",1,68,SANTANDER,68872,Municipio,-73.174307,6.670078,
10305,VILLANUEVA,"1,994",1,85,CASANARE,85440,Municipio,-72.927797,4.61035,
10306,VILLANUEVA,"1,996",2,13,BOLÍVAR,13873,Municipio,-75.275613,10.444089,
10307,VILLANUEVA,"1,996",2,44,LA GUAJIRA,44874,Municipio,-72.977583,10.608774,
10308,VILLANUEVA,"1,996",2,68,SANTANDER,68872,Municipio,-73.174307,6.670078,
10309,VILLANUEVA,"1,996",2,85,CASANARE,85440,Municipio,-72.927797,4.61035,
10310,VILLANUEVA,"1,997",2,13,BOLÍVAR,13873,Municipio,-75.275613,10.444089,
10311,VILLANUEVA,"1,997",2,44,LA GUAJIRA,44874,Municipio,-72.977583,10.608774,
10312,VILLANUEVA,"1,997",2,68,SANTANDER,68872,Municipio,-73.174307,6.670078,
10313,VILLANUEVA,"1,997",2,85,CASANARE,85440,Municipio,-72.927797,4.61035,
10314,VILLANUEVA,"1,998",1,13,BOLÍVAR,13873,Municipio,-75.275613,10.444089,
10315,VILLANUEVA,"1,998",1,44,LA GUAJIRA,44874,Municipio,-72.977583,10.608774,
10316,VILLANUEVA,"1,998",1,68,SANTANDER,68872,Municipio,-73.174307,6.670078,
10317,VILLANUEVA,"1,998",1,85,CASANARE,85440,Municipio,-72.927797,4.61035,
10318,VILLANUEVA,"2,000",2,13,BOLÍVAR,13873,Municipio,-75.275613,10.444089,
10319,VILLANUEVA,"2,000",2,44,LA GUAJIRA,44874,Municipio,-72.977583,10.608774,
10320,VILLANUEVA,"2,000",2,68,SANTANDER,68872,Municipio,-73.174307,6.670078,
10321,VILLANUEVA,"2,000",2,85,CASANARE,85440,Municipio,-72.927797,4.61035,
10322,VILLANUEVA,"2,002",2,13,BOLÍVAR,13873,Municipio,-75.275613,10.444089,
10323,VILLANUEVA,"2,002",2,44,LA GUAJIRA,44874,Municipio,-72.977583,10.608774,
10324,VILLANUEVA,"2,002",2,68,SANTANDER,68872,Municipio,-73.174307,6.670078,
10325,VILLANUEVA,"2,002",2,85,CASANARE,85440,Municipio,-72.927797,4.61035,
10326,VILLANUEVA,"2,003",1,13,BOLÍVAR,13873,Municipio,-75.275613,10.444089,
10327,VILLANUEVA,"2,003",1,44,LA GUAJIRA,44874,Municipio,-72.977583,10.608774,
10328,VILLANUEVA,"2,003",1,68,SANTANDER,68872,Municipio,-73.174307,6.670078,
10329,VILLANUEVA,"2,003",1,85,CASANARE,85440,Municipio,-72.927797,4.61035,
10330,VILLANUEVA,"2,005",2,13,BOLÍVAR,13873,Municipio,-75.275613,10.444089,
10331,VILLANUEVA,"2,005",2,44,LA GUAJIRA,44874,Municipio,-72.977583,10.608774,
10332,VILLANUEVA,"2,005",2,68,SANTANDER,68872,Municipio,-73.174307,6.670078,
10333,VILLANUEVA,"2,005",2,85,CASANARE,85440,Municipio,-72.927797,4.61035,
10334,VILLANUEVA,"2,008",3,13,BOLÍVAR,13873,Municipio,-75.275613,10.444089,
10335,VILLANUEVA,"2,008",3,44,LA GUAJIRA,44874,Municipio,-72.977583,10.608774,
10336,VILLANUEVA,"2,008",3,68,SANTANDER,68872,Municipio,-73.174307,6.670078,
10337,VILLANUEVA,"2,008",3,85,CASANARE,85440,Municipio,-72.927797,4.61035,
10338,VILLANUEVA,"2,010",1,13,BOLÍVAR,13873,Municipio,-75.275613,10.444089,
10339,VILLANUEVA,"2,010",1,44,LA GUAJIRA,44874,Municipio,-72.977583,10.608774,
10340,VILLANUEVA,"2,010",1,68,SANTANDER,68872,Municipio,-73.174307,6.670078,
10341,VILLANUEVA,"2,010",1,85,CASANARE,85440,Municipio,-72.927797,4.61035,
10342,VILLANUEVA,"2,012",2,13,BOLÍVAR,13873,Municipio,-75.275613,10.444089,
10343,VILLANUEVA,"2,012",2,44,LA GUAJIRA,44874,Municipio,-72.977583,10.608774,
10344,VILLANUEVA,"2,012",2,68,SANTANDER,68872,Municipio,-73.174307,6.670078,
10345,VILLANUEVA,"2,012",2,85,CASANARE,85440,Municipio,-72.927797,4.61035,
10346,VILLANUEVA,"2,013",1,13,BOLÍVAR,13873,Municipio,-75.275613,10.444089,
10347,VILLANUEVA,"2,013",1,44,LA GUAJIRA,44874,Municipio,-72.977583,10.608774,
10348,VILLANUEVA,"2,013",1,68,SANTANDER,68872,Municipio,-73.174307,6.670078,
10349,VILLANUEVA,"2,013",1,85,CASANARE,85440,Municipio,-72.927797,4.61035,
10350,VILLANUEVA,"2,014",2,13,BOLÍVAR,13873,Municipio,-75.275613,10.444089,
10351,VILLANUEVA,"2,014",2,44,LA GUAJIRA,44874,Municipio,-72.977583,10.608774,
10352,VILLANUEVA,"2,014",2,68,SANTANDER,68872,Municipio,-73.174307,6.670078,
10353,VILLANUEVA,"2,014",2,85,CASANARE,85440,Municipio,-72.927797,4.61035,
10354,VILLANUEVA,"2,015",3,13,BOLÍVAR,13873,Municipio,-75.275613,10.444089,
10355,VILLANUEVA,"2,015",3,44,LA GUAJIRA,44874,Municipio,-72.977583,10.608774,
10356,VILLANUEVA,"2,015",3,68,SANTANDER,68872,Municipio,-73.174307,6.670078,
10357,VILLANUEVA,"2,015",3,85,CASANARE,85440,Municipio,-72.927797,4.61035,
10358,VILLANUEVA,"2,016",2,13,BOLÍVAR,13873,Municipio,-75.275613,10.444089,
10359,VILLANUEVA,"2,016",2,44,LA GUAJIRA,44874,Municipio,-72.977583,10.608774,
10360,VILLANUEVA,"2,016",2,68,SANTANDER,68872,Municipio,-73.174307,6.670078,
10361,VILLANUEVA,"2,016",2,85,CASANARE,85440,Municipio,-72.927797,4.61035,
10362,VILLANUEVA,"2,017",2,13,BOLÍVAR,13873,Municipio,-75.275613,10.444089,
10363,VILLANUEVA,"2,017",2,44,LA GUAJIRA,44874,Municipio,-72.977583,10.608774,
10364,VILLANUEVA,"2,017",2,68,SANTANDER,68872,Municipio,-73.174307,6.670078,
10365,VILLANUEVA,"2,017",2,85,CASANARE,85440,Municipio,-72.927797,4.61035,
10366,VILLANUEVA,"2,018",1,13,BOLÍVAR,13873,Municipio,-75.275613,10.444089,
10367,VILLANUEVA,"2,018",1,44,LA GUAJIRA,44874,Municipio,-72.977583,10.608774,
10368,VILLANUEVA,"2,018",1,68,SANTANDER,68872,Municipio,-73.174307,6.670078,
10369,VILLANUEVA,"2,018",1,85,CASANARE,85440,Municipio,-72.927797,4.61035,
10370,VILLANUEVA,"2,019",1,13,BOLÍVAR,13873,Municipio,-75.275613,10.444089,
10371,VILLANUEVA,"2,019",1,44,LA GUAJIRA,44874,Municipio,-72.977583,10.608774,
10372,VILLANUEVA,"2,019",1,68,SANTANDER,68872,Municipio,-73.174307,6.670078,
10373,VILLANUEVA,"2,019",1,85,CASANARE,85440,Municipio,-72.927797,4.61035,
10374,VILLAPINZÓN,"1,991",1,25,CUNDINAMARCA,25873,Municipio,-73.595704,5.216393,
10375,VILLAPINZÓN,"1,993",1,25,CUNDINAMARCA,25873,Municipio,-73.595704,5.216393,
10376,VILLAPINZÓN,"1,996",1,25,CUNDINAMARCA,25873,Municipio,-73.595704,5.216393,
10377,VILLAPINZÓN,"1,999",1,25,CUNDINAMARCA,25873,Municipio,-73.595704,5.216393,
10378,VILLAPINZÓN,"2,000",1,25,CUNDINAMARCA,25873,Municipio,-73.595704,5.216393,
10379,VILLAPINZÓN,"2,007",2,25,CUNDINAMARCA,25873,Municipio,-73.595704,5.216393,
10380,VILLAPINZÓN,"2,012",1,25,CUNDINAMARCA,25873,Municipio,-73.595704,5.216393,
10381,VILLAPINZÓN,"2,015",1,25,CUNDINAMARCA,25873,Municipio,-73.595704,5.216393,
10382,VILLARRICA,"1,985",1,73,TOLIMA,73873,Municipio,-74.600285,3.936902,
10383,VILLARRICA,"1,990",2,73,TOLIMA,73873,Municipio,-74.600285,3.936902,
10384,VILLARRICA,"1,994",1,73,TOLIMA,73873,Municipio,-74.600285,3.936902,
10385,VILLARRICA,"1,996",1,73,TOLIMA,73873,Municipio,-74.600285,3.936902,
10386,VILLARRICA,"1,998",1,73,TOLIMA,73873,Municipio,-74.600285,3.936902,
10387,VILLARRICA,"2,008",1,73,TOLIMA,73873,Municipio,-74.600285,3.936902,
10388,VILLAVICENCIO,"1,985",9,50,META,50001,Municipio,-73.622601,4.126369,
10389,VILLAVICENCIO,"1,986",6,50,META,50001,Municipio,-73.622601,4.126369,
10390,VILLAVICENCIO,"1,987",5,50,META,50001,Municipio,-73.622601,4.126369,
10391,VILLAVICENCIO,"1,988",7,50,META,50001,Municipio,-73.622601,4.126369,
10392,VILLAVICENCIO,"1,989",9,50,META,50001,Municipio,-73.622601,4.126369,
10393,VILLAVICENCIO,"1,990",6,50,META,50001,Municipio,-73.622601,4.126369,
10394,VILLAVICENCIO,"1,991",10,50,META,50001,Municipio,-73.622601,4.126369,
10395,VILLAVICENCIO,"1,992",12,50,META,50001,Municipio,-73.622601,4.126369,
10396,VILLAVICENCIO,"1,993",7,50,META,50001,Municipio,-73.622601,4.126369,
10397,VILLAVICENCIO,"1,994",10,50,META,50001,Municipio,-73.622601,4.126369,
10398,VILLAVICENCIO,"1,995",7,50,META,50001,Municipio,-73.622601,4.126369,
10399,VILLAVICENCIO,"1,996",11,50,META,50001,Municipio,-73.622601,4.126369,
10400,VILLAVICENCIO,"1,997",12,50,META,50001,Municipio,-73.622601,4.126369,
10401,VILLAVICENCIO,"1,998",9,50,META,50001,Municipio,-73.622601,4.126369,
10402,VILLAVICENCIO,"1,999",11,50,META,50001,Municipio,-73.622601,4.126369,
10403,VILLAVICENCIO,"2,000",15,50,META,50001,Municipio,-73.622601,4.126369,
10404,VILLAVICENCIO,"2,001",13,50,META,50001,Municipio,-73.622601,4.126369,
10405,VILLAVICENCIO,"2,002",13,50,META,50001,Municipio,-73.622601,4.126369,
10406,VILLAVICENCIO,"2,003",13,50,META,50001,Municipio,-73.622601,4.126369,
10407,VILLAVICENCIO,"2,004",24,50,META,50001,Municipio,-73.622601,4.126369,
10408,VILLAVICENCIO,"2,005",19,50,META,50001,Municipio,-73.622601,4.126369,
10409,VILLAVICENCIO,"2,006",18,50,META,50001,Municipio,-73.622601,4.126369,
10410,VILLAVICENCIO,"2,007",29,50,META,50001,Municipio,-73.622601,4.126369,
10411,VILLAVICENCIO,"2,008",33,50,META,50001,Municipio,-73.622601,4.126369,
10412,VILLAVICENCIO,"2,009",35,50,META,50001,Municipio,-73.622601,4.126369,
10413,VILLAVICENCIO,"2,010",36,50,META,50001,Municipio,-73.622601,4.126369,
10414,VILLAVICENCIO,"2,011",42,50,META,50001,Municipio,-73.622601,4.126369,
10415,VILLAVICENCIO,"2,012",43,50,META,50001,Municipio,-73.622601,4.126369,
10416,VILLAVICENCIO,"2,013",41,50,META,50001,Municipio,-73.622601,4.126369,
10417,VILLAVICENCIO,"2,014",57,50,META,50001,Municipio,-73.622601,4.126369,
10418,VILLAVICENCIO,"2,015",49,50,META,50001,Municipio,-73.622601,4.126369,
10419,VILLAVICENCIO,"2,016",50,50,META,50001,Municipio,-73.622601,4.126369,
10420,VILLAVICENCIO,"2,017",51,50,META,50001,Municipio,-73.622601,4.126369,
10421,VILLAVICENCIO,"2,018",49,50,META,50001,Municipio,-73.622601,4.126369,
10422,VILLAVICENCIO,"2,019",64,50,META,50001,Municipio,-73.622601,4.126369,
10423,VILLAVIEJA,"1,989",1,41,HUILA,41872,Municipio,-75.217174,3.218822,
10424,VILLAVIEJA,"2,002",1,41,HUILA,41872,Municipio,-75.217174,3.218822,
10425,VILLAVIEJA,"2,014",1,41,HUILA,41872,Municipio,-75.217174,3.218822,
10426,VILLAVIEJA,"2,016",2,41,HUILA,41872,Municipio,-75.217174,3.218822,
10427,VILLETA,"1,985",2,25,CUNDINAMARCA,25875,Municipio,-74.469686,5.012754,
10428,VILLETA,"1,987",3,25,CUNDINAMARCA,25875,Municipio,-74.469686,5.012754,
10429,VILLETA,"1,988",1,25,CUNDINAMARCA,25875,Municipio,-74.469686,5.012754,
10430,VILLETA,"1,994",2,25,CUNDINAMARCA,25875,Municipio,-74.469686,5.012754,
10431,VILLETA,"1,995",1,25,CUNDINAMARCA,25875,Municipio,-74.469686,5.012754,
10432,VILLETA,"1,996",1,25,CUNDINAMARCA,25875,Municipio,-74.469686,5.012754,
10433,VILLETA,"1,998",1,25,CUNDINAMARCA,25875,Municipio,-74.469686,5.012754,
10434,VILLETA,"1,999",2,25,CUNDINAMARCA,25875,Municipio,-74.469686,5.012754,
10435,VILLETA,"2,000",2,25,CUNDINAMARCA,25875,Municipio,-74.469686,5.012754,
10436,VILLETA,"2,002",3,25,CUNDINAMARCA,25875,Municipio,-74.469686,5.012754,
10437,VILLETA,"2,004",1,25,CUNDINAMARCA,25875,Municipio,-74.469686,5.012754,
10438,VILLETA,"2,006",1,25,CUNDINAMARCA,25875,Municipio,-74.469686,5.012754,
10439,VILLETA,"2,008",2,25,CUNDINAMARCA,25875,Municipio,-74.469686,5.012754,
10440,VILLETA,"2,009",2,25,CUNDINAMARCA,25875,Municipio,-74.469686,5.012754,
10441,VILLETA,"2,010",2,25,CUNDINAMARCA,25875,Municipio,-74.469686,5.012754,
10442,VILLETA,"2,012",2,25,CUNDINAMARCA,25875,Municipio,-74.469686,5.012754,
10443,VILLETA,"2,013",1,25,CUNDINAMARCA,25875,Municipio,-74.469686,5.012754,
10444,VILLETA,"2,014",2,25,CUNDINAMARCA,25875,Municipio,-74.469686,5.012754,
10445,VILLETA,"2,015",3,25,CUNDINAMARCA,25875,Municipio,-74.469686,5.012754,
10446,VILLETA,"2,016",1,25,CUNDINAMARCA,25875,Municipio,-74.469686,5.012754,
10447,VILLETA,"2,018",1,25,CUNDINAMARCA,25875,Municipio,-74.469686,5.012754,
10448,VILLETA,"2,019",3,25,CUNDINAMARCA,25875,Municipio,-74.469686,5.012754,
10449,VIOTÁ,"1,995",1,25,CUNDINAMARCA,25878,Municipio,-74.523131,4.43935,
10450,VIOTÁ,"1,996",3,25,CUNDINAMARCA,25878,Municipio,-74.523131,4.43935,
10451,VIOTÁ,"2,000",2,25,CUNDINAMARCA,25878,Municipio,-74.523131,4.43935,
10452,VIOTÁ,"2,001",1,25,CUNDINAMARCA,25878,Municipio,-74.523131,4.43935,
10453,VIOTÁ,"2,004",1,25,CUNDINAMARCA,25878,Municipio,-74.523131,4.43935,
10454,VIOTÁ,"2,007",1,25,CUNDINAMARCA,25878,Municipio,-74.523131,4.43935,
10455,VIOTÁ,"2,008",2,25,CUNDINAMARCA,25878,Municipio,-74.523131,4.43935,
10456,VIRACACHÁ,"2,019",1,15,BOYACÁ,15879,Municipio,-73.296894,5.436833,
10457,VISTAHERMOSA,"1,985",1,50,META,50711,Municipio,-73.750966,3.125579,
10458,VISTAHERMOSA,"2,007",1,50,META,50711,Municipio,-73.750966,3.125579,
10459,VISTAHERMOSA,"2,009",1,50,META,50711,Municipio,-73.750966,3.125579,
10460,VISTAHERMOSA,"2,019",1,50,META,50711,Municipio,-73.750966,3.125579,
10461,VITERBO,"1,992",1,17,CALDAS,17877,Municipio,-75.87061,5.062664,
10462,VITERBO,"1,994",3,17,CALDAS,17877,Municipio,-75.87061,5.062664,
10463,VITERBO,"1,996",1,17,CALDAS,17877,Municipio,-75.87061,5.062664,
10464,VITERBO,"1,997",2,17,CALDAS,17877,Municipio,-75.87061,5.062664,
10465,VITERBO,"1,998",1,17,CALDAS,17877,Municipio,-75.87061,5.062664,
10466,VITERBO,"1,999",1,17,CALDAS,17877,Municipio,-75.87061,5.062664,
10467,VITERBO,"2,000",1,17,CALDAS,17877,Municipio,-75.87061,5.062664,
10468,VITERBO,"2,001",2,17,CALDAS,17877,Municipio,-75.87061,5.062664,
10469,VITERBO,"2,003",3,17,CALDAS,17877,Municipio,-75.87061,5.062664,
10470,VITERBO,"2,004",1,17,CALDAS,17877,Municipio,-75.87061,5.062664,
10471,VITERBO,"2,006",1,17,CALDAS,17877,Municipio,-75.87061,5.062664,
10472,VITERBO,"2,008",1,17,CALDAS,17877,Municipio,-75.87061,5.062664,
10473,VITERBO,"2,009",1,17,CALDAS,17877,Municipio,-75.87061,5.062664,
10474,VITERBO,"2,010",1,17,CALDAS,17877,Municipio,-75.87061,5.062664,
10475,VITERBO,"2,011",1,17,CALDAS,17877,Municipio,-75.87061,5.062664,
10476,VITERBO,"2,012",1,17,CALDAS,17877,Municipio,-75.87061,5.062664,
10477,VITERBO,"2,013",1,17,CALDAS,17877,Municipio,-75.87061,5.062664,
10478,VITERBO,"2,015",2,17,CALDAS,17877,Municipio,-75.87061,5.062664,
10479,VITERBO,"2,016",1,17,CALDAS,17877,Municipio,-75.87061,5.062664,
10480,VÉLEZ,"1,985",1,68,SANTANDER,68861,Municipio,-73.672447,6.009275,
10481,VÉLEZ,"1,990",1,68,SANTANDER,68861,Municipio,-73.672447,6.009275,
10482,VÉLEZ,"1,991",1,68,SANTANDER,68861,Municipio,-73.672447,6.009275,
10483,VÉLEZ,"1,992",1,68,SANTANDER,68861,Municipio,-73.672447,6.009275,
10484,VÉLEZ,"1,993",2,68,SANTANDER,68861,Municipio,-73.672447,6.009275,
10485,VÉLEZ,"1,995",1,68,SANTANDER,68861,Municipio,-73.672447,6.009275,
10486,VÉLEZ,"1,996",2,68,SANTANDER,68861,Municipio,-73.672447,6.009275,
10487,VÉLEZ,"1,999",1,68,SANTANDER,68861,Municipio,-73.672447,6.009275,
10488,VÉLEZ,"2,001",1,68,SANTANDER,68861,Municipio,-73.672447,6.009275,
10489,VÉLEZ,"2,002",1,68,SANTANDER,68861,Municipio,-73.672447,6.009275,
10490,VÉLEZ,"2,003",1,68,SANTANDER,68861,Municipio,-73.672447,6.009275,
10491,VÉLEZ,"2,006",1,68,SANTANDER,68861,Municipio,-73.672447,6.009275,
10492,VÉLEZ,"2,007",3,68,SANTANDER,68861,Municipio,-73.672447,6.009275,
10493,VÉLEZ,"2,008",3,68,SANTANDER,68861,Municipio,-73.672447,6.009275,
10494,VÉLEZ,"2,009",1,68,SANTANDER,68861,Municipio,-73.672447,6.009275,
10495,VÉLEZ,"2,010",1,68,SANTANDER,68861,Municipio,-73.672447,6.009275,
10496,VÉLEZ,"2,017",2,68,SANTANDER,68861,Municipio,-73.672447,6.009275,
10497,VÉLEZ,"2,018",3,68,SANTANDER,68861,Municipio,-73.672447,6.009275,
10498,VÉLEZ,"2,019",5,68,SANTANDER,68861,Municipio,-73.672447,6.009275,
10499,YACOPÍ,"1,991",1,25,CUNDINAMARCA,25885,Municipio,-74.33806,5.459272,
10500,YACOPÍ,"1,998",1,25,CUNDINAMARCA,25885,Municipio,-74.33806,5.459272,
10501,YACOPÍ,"1,999",1,25,CUNDINAMARCA,25885,Municipio,-74.33806,5.459272,
10502,YACOPÍ,"2,000",2,25,CUNDINAMARCA,25885,Municipio,-74.33806,5.459272,
10503,YACOPÍ,"2,002",1,25,CUNDINAMARCA,25885,Municipio,-74.33806,5.459272,
10504,YACOPÍ,"2,004",1,25,CUNDINAMARCA,25885,Municipio,-74.33806,5.459272,
10505,YACOPÍ,"2,011",1,25,CUNDINAMARCA,25885,Municipio,-74.33806,5.459272,
10506,YACOPÍ,"2,012",1,25,CUNDINAMARCA,25885,Municipio,-74.33806,5.459272,
10507,YACOPÍ,"2,015",1,25,CUNDINAMARCA,25885,Municipio,-74.33806,5.459272,
10508,YACUANQUER,"1,991",1,52,NARIÑO,52885,Municipio,-77.400169,1.115937,
10509,YACUANQUER,"1,998",1,52,NARIÑO,52885,Municipio,-77.400169,1.115937,
10510,YACUANQUER,"2,003",2,52,NARIÑO,52885,Municipio,-77.400169,1.115937,
10511,YAGUARÁ,"1,994",1,41,HUILA,41885,Municipio,-75.518023,2.664694,
10512,YAGUARÁ,"2,006",2,41,HUILA,41885,Municipio,-75.518023,2.664694,
10513,YAGUARÁ,"2,010",1,41,HUILA,41885,Municipio,-75.518023,2.664694,
10514,YAGUARÁ,"2,012",1,41,HUILA,41885,Municipio,-75.518023,2.664694,
10515,YAGUARÁ,"2,013",1,41,HUILA,41885,Municipio,-75.518023,2.664694,
10516,YAGUARÁ,"2,014",1,41,HUILA,41885,Municipio,-75.518023,2.664694,
10517,YALÍ,"1,989",2,5,ANTIOQUIA,5885,Municipio,-74.840059,6.676554,
10518,YALÍ,"1,991",1,5,ANTIOQUIA,5885,Municipio,-74.840059,6.676554,
10519,YALÍ,"1,999",2,5,ANTIOQUIA,5885,Municipio,-74.840059,6.676554,
10520,YALÍ,"2,000",2,5,ANTIOQUIA,5885,Municipio,-74.840059,6.676554,
10521,YALÍ,"2,001",1,5,ANTIOQUIA,5885,Municipio,-74.840059,6.676554,
10522,YALÍ,"2,003",1,5,ANTIOQUIA,5885,Municipio,-74.840059,6.676554,
10523,YALÍ,"2,006",2,5,ANTIOQUIA,5885,Municipio,-74.840059,6.676554,
10524,YARUMAL,"1,985",2,5,ANTIOQUIA,5887,Municipio,-75.418828,6.963832,
10525,YARUMAL,"1,986",1,5,ANTIOQUIA,5887,Municipio,-75.418828,6.963832,
10526,YARUMAL,"1,987",3,5,ANTIOQUIA,5887,Municipio,-75.418828,6.963832,
10527,YARUMAL,"1,988",3,5,ANTIOQUIA,5887,Municipio,-75.418828,6.963832,
10528,YARUMAL,"1,990",1,5,ANTIOQUIA,5887,Municipio,-75.418828,6.963832,
10529,YARUMAL,"1,991",1,5,ANTIOQUIA,5887,Municipio,-75.418828,6.963832,
10530,YARUMAL,"1,993",3,5,ANTIOQUIA,5887,Municipio,-75.418828,6.963832,
10531,YARUMAL,"1,996",3,5,ANTIOQUIA,5887,Municipio,-75.418828,6.963832,
10532,YARUMAL,"1,998",1,5,ANTIOQUIA,5887,Municipio,-75.418828,6.963832,
10533,YARUMAL,"1,999",2,5,ANTIOQUIA,5887,Municipio,-75.418828,6.963832,
10534,YARUMAL,"2,000",1,5,ANTIOQUIA,5887,Municipio,-75.418828,6.963832,
10535,YARUMAL,"2,001",2,5,ANTIOQUIA,5887,Municipio,-75.418828,6.963832,
10536,YARUMAL,"2,002",1,5,ANTIOQUIA,5887,Municipio,-75.418828,6.963832,
10537,YARUMAL,"2,003",2,5,ANTIOQUIA,5887,Municipio,-75.418828,6.963832,
10538,YARUMAL,"2,004",2,5,ANTIOQUIA,5887,Municipio,-75.418828,6.963832,
10539,YARUMAL,"2,005",1,5,ANTIOQUIA,5887,Municipio,-75.418828,6.963832,
10540,YARUMAL,"2,006",4,5,ANTIOQUIA,5887,Municipio,-75.418828,6.963832,
10541,YARUMAL,"2,007",3,5,ANTIOQUIA,5887,Municipio,-75.418828,6.963832,
10542,YARUMAL,"2,008",1,5,ANTIOQUIA,5887,Municipio,-75.418828,6.963832,
10543,YARUMAL,"2,009",1,5,ANTIOQUIA,5887,Municipio,-75.418828,6.963832,
10544,YARUMAL,"2,010",1,5,ANTIOQUIA,5887,Municipio,-75.418828,6.963832,
10545,YARUMAL,"2,011",1,5,ANTIOQUIA,5887,Municipio,-75.418828,6.963832,
10546,YARUMAL,"2,012",2,5,ANTIOQUIA,5887,Municipio,-75.418828,6.963832,
10547,YARUMAL,"2,013",1,5,ANTIOQUIA,5887,Municipio,-75.418828,6.963832,
10548,YARUMAL,"2,015",1,5,ANTIOQUIA,5887,Municipio,-75.418828,6.963832,
10549,YARUMAL,"2,016",2,5,ANTIOQUIA,5887,Municipio,-75.418828,6.963832,
10550,YARUMAL,"2,017",4,5,ANTIOQUIA,5887,Municipio,-75.418828,6.963832,
10551,YARUMAL,"2,018",2,5,ANTIOQUIA,5887,Municipio,-75.418828,6.963832,
10552,YARUMAL,"2,019",3,5,ANTIOQUIA,5887,Municipio,-75.418828,6.963832,
10553,YOLOMBÓ,"1,985",1,5,ANTIOQUIA,5890,Municipio,-75.013385,6.594511,
10554,YOLOMBÓ,"1,989",2,5,ANTIOQUIA,5890,Municipio,-75.013385,6.594511,
10555,YOLOMBÓ,"1,990",1,5,ANTIOQUIA,5890,Municipio,-75.013385,6.594511,
10556,YOLOMBÓ,"1,992",2,5,ANTIOQUIA,5890,Municipio,-75.013385,6.594511,
10557,YOLOMBÓ,"1,997",1,5,ANTIOQUIA,5890,Municipio,-75.013385,6.594511,
10558,YOLOMBÓ,"2,002",1,5,ANTIOQUIA,5890,Municipio,-75.013385,6.594511,
10559,YOLOMBÓ,"2,003",1,5,ANTIOQUIA,5890,Municipio,-75.013385,6.594511,
10560,YOLOMBÓ,"2,006",1,5,ANTIOQUIA,5890,Municipio,-75.013385,6.594511,
10561,YOLOMBÓ,"2,007",1,5,ANTIOQUIA,5890,Municipio,-75.013385,6.594511,
10562,YOLOMBÓ,"2,008",3,5,ANTIOQUIA,5890,Municipio,-75.013385,6.594511,
10563,YOLOMBÓ,"2,010",4,5,ANTIOQUIA,5890,Municipio,-75.013385,6.594511,
10564,YOLOMBÓ,"2,014",2,5,ANTIOQUIA,5890,Municipio,-75.013385,6.594511,
10565,YOLOMBÓ,"2,016",1,5,ANTIOQUIA,5890,Municipio,-75.013385,6.594511,
10566,YOLOMBÓ,"2,017",1,5,ANTIOQUIA,5890,Municipio,-75.013385,6.594511,
10567,YOLOMBÓ,"2,018",1,5,ANTIOQUIA,5890,Municipio,-75.013385,6.594511,
10568,YOLOMBÓ,"2,019",1,5,ANTIOQUIA,5890,Municipio,-75.013385,6.594511,
10569,YONDÓ,"1,994",1,5,ANTIOQUIA,5893,Municipio,-73.912445,7.00396,
10570,YONDÓ,"2,008",1,5,ANTIOQUIA,5893,Municipio,-73.912445,7.00396,
10571,YOPAL,"1,985",1,85,CASANARE,85001,Municipio,-72.396132,5.327102,
10572,YOPAL,"1,986",1,85,CASANARE,85001,Municipio,-72.396132,5.327102,
10573,YOPAL,"1,989",1,85,CASANARE,85001,Municipio,-72.396132,5.327102,
10574,YOPAL,"1,990",1,85,CASANARE,85001,Municipio,-72.396132,5.327102,
10575,YOPAL,"1,993",1,85,CASANARE,85001,Municipio,-72.396132,5.327102,
10576,YOPAL,"1,994",1,85,CASANARE,85001,Municipio,-72.396132,5.327102,
10577,YOPAL,"1,997",1,85,CASANARE,85001,Municipio,-72.396132,5.327102,
10578,YOPAL,"1,999",2,85,CASANARE,85001,Municipio,-72.396132,5.327102,
10579,YOPAL,"2,000",2,85,CASANARE,85001,Municipio,-72.396132,5.327102,
10580,YOPAL,"2,002",1,85,CASANARE,85001,Municipio,-72.396132,5.327102,
10581,YOPAL,"2,003",4,85,CASANARE,85001,Municipio,-72.396132,5.327102,
10582,YOPAL,"2,004",1,85,CASANARE,85001,Municipio,-72.396132,5.327102,
10583,YOPAL,"2,005",1,85,CASANARE,85001,Municipio,-72.396132,5.327102,
10584,YOPAL,"2,006",2,85,CASANARE,85001,Municipio,-72.396132,5.327102,
10585,YOPAL,"2,007",2,85,CASANARE,85001,Municipio,-72.396132,5.327102,
10586,YOPAL,"2,008",2,85,CASANARE,85001,Municipio,-72.396132,5.327102,
10587,YOPAL,"2,009",2,85,CASANARE,85001,Municipio,-72.396132,5.327102,
10588,YOPAL,"2,010",5,85,CASANARE,85001,Municipio,-72.396132,5.327102,
10589,YOPAL,"2,011",8,85,CASANARE,85001,Municipio,-72.396132,5.327102,
10590,YOPAL,"2,012",5,85,CASANARE,85001,Municipio,-72.396132,5.327102,
10591,YOPAL,"2,013",2,85,CASANARE,85001,Municipio,-72.396132,5.327102,
10592,YOPAL,"2,014",6,85,CASANARE,85001,Municipio,-72.396132,5.327102,
10593,YOPAL,"2,015",6,85,CASANARE,85001,Municipio,-72.396132,5.327102,
10594,YOPAL,"2,016",6,85,CASANARE,85001,Municipio,-72.396132,5.327102,
10595,YOPAL,"2,017",5,85,CASANARE,85001,Municipio,-72.396132,5.327102,
10596,YOPAL,"2,018",14,85,CASANARE,85001,Municipio,-72.396132,5.327102,
10597,YOPAL,"2,019",11,85,CASANARE,85001,Municipio,-72.396132,5.327102,
10598,YOTOCO,"1,986",1,76,VALLE DEL CAUCA,76890,Municipio,-76.382698,3.861241,
10599,YOTOCO,"1,987",1,76,VALLE DEL CAUCA,76890,Municipio,-76.382698,3.861241,
10600,YOTOCO,"1,988",1,76,VALLE DEL CAUCA,76890,Municipio,-76.382698,3.861241,
10601,YOTOCO,"1,991",1,76,VALLE DEL CAUCA,76890,Municipio,-76.382698,3.861241,
10602,YOTOCO,"1,998",2,76,VALLE DEL CAUCA,76890,Municipio,-76.382698,3.861241,
10603,YOTOCO,"2,000",1,76,VALLE DEL CAUCA,76890,Municipio,-76.382698,3.861241,
10604,YOTOCO,"2,001",1,76,VALLE DEL CAUCA,76890,Municipio,-76.382698,3.861241,
10605,YOTOCO,"2,003",1,76,VALLE DEL CAUCA,76890,Municipio,-76.382698,3.861241,
10606,YOTOCO,"2,006",2,76,VALLE DEL CAUCA,76890,Municipio,-76.382698,3.861241,
10607,YOTOCO,"2,007",2,76,VALLE DEL CAUCA,76890,Municipio,-76.382698,3.861241,
10608,YOTOCO,"2,008",1,76,VALLE DEL CAUCA,76890,Municipio,-76.382698,3.861241,
10609,YOTOCO,"2,009",1,76,VALLE DEL CAUCA,76890,Municipio,-76.382698,3.861241,
10610,YOTOCO,"2,010",1,76,VALLE DEL CAUCA,76890,Municipio,-76.382698,3.861241,
10611,YOTOCO,"2,012",1,76,VALLE DEL CAUCA,76890,Municipio,-76.382698,3.861241,
10612,YOTOCO,"2,015",1,76,VALLE DEL CAUCA,76890,Municipio,-76.382698,3.861241,
10613,YOTOCO,"2,017",1,76,VALLE DEL CAUCA,76890,Municipio,-76.382698,3.861241,
10614,YOTOCO,"2,019",2,76,VALLE DEL CAUCA,76890,Municipio,-76.382698,3.861241,
10615,YUMBO,"1,986",1,76,VALLE DEL CAUCA,76892,Municipio,-76.499893,3.540097,
10616,YUMBO,"1,987",5,76,VALLE DEL CAUCA,76892,Municipio,-76.499893,3.540097,
10617,YUMBO,"1,988",1,76,VALLE DEL CAUCA,76892,Municipio,-76.499893,3.540097,
10618,YUMBO,"1,991",1,76,VALLE DEL CAUCA,76892,Municipio,-76.499893,3.540097,
10619,YUMBO,"1,993",3,76,VALLE DEL CAUCA,76892,Municipio,-76.499893,3.540097,
10620,YUMBO,"1,994",2,76,VALLE DEL CAUCA,76892,Municipio,-76.499893,3.540097,
10621,YUMBO,"1,995",5,76,VALLE DEL CAUCA,76892,Municipio,-76.499893,3.540097,
10622,YUMBO,"1,997",2,76,VALLE DEL CAUCA,76892,Municipio,-76.499893,3.540097,
10623,YUMBO,"1,998",1,76,VALLE DEL CAUCA,76892,Municipio,-76.499893,3.540097,
10624,YUMBO,"1,999",1,76,VALLE DEL CAUCA,76892,Municipio,-76.499893,3.540097,
10625,YUMBO,"2,000",1,76,VALLE DEL CAUCA,76892,Municipio,-76.499893,3.540097,
10626,YUMBO,"2,001",5,76,VALLE DEL CAUCA,76892,Municipio,-76.499893,3.540097,
10627,YUMBO,"2,002",2,76,VALLE DEL CAUCA,76892,Municipio,-76.499893,3.540097,
10628,YUMBO,"2,003",1,76,VALLE DEL CAUCA,76892,Municipio,-76.499893,3.540097,
10629,YUMBO,"2,004",2,76,VALLE DEL CAUCA,76892,Municipio,-76.499893,3.540097,
10630,YUMBO,"2,005",3,76,VALLE DEL CAUCA,76892,Municipio,-76.499893,3.540097,
10631,YUMBO,"2,006",5,76,VALLE DEL CAUCA,76892,Municipio,-76.499893,3.540097,
10632,YUMBO,"2,007",2,76,VALLE DEL CAUCA,76892,Municipio,-76.499893,3.540097,
10633,YUMBO,"2,008",3,76,VALLE DEL CAUCA,76892,Municipio,-76.499893,3.540097,
10634,YUMBO,"2,009",3,76,VALLE DEL CAUCA,76892,Municipio,-76.499893,3.540097,
10635,YUMBO,"2,010",3,76,VALLE DEL CAUCA,76892,Municipio,-76.499893,3.540097,
10636,YUMBO,"2,011",2,76,VALLE DEL CAUCA,76892,Municipio,-76.499893,3.540097,
10637,YUMBO,"2,013",4,76,VALLE DEL CAUCA,76892,Municipio,-76.499893,3.540097,
10638,YUMBO,"2,014",2,76,VALLE DEL CAUCA,76892,Municipio,-76.499893,3.540097,
10639,YUMBO,"2,015",5,76,VALLE DEL CAUCA,76892,Municipio,-76.499893,3.540097,
10640,YUMBO,"2,016",6,76,VALLE DEL CAUCA,76892,Municipio,-76.499893,3.540097,
10641,YUMBO,"2,017",1,76,VALLE DEL CAUCA,76892,Municipio,-76.499893,3.540097,
10642,YUMBO,"2,018",8,76,VALLE DEL CAUCA,76892,Municipio,-76.499893,3.540097,
10643,YUMBO,"2,019",2,76,VALLE DEL CAUCA,76892,Municipio,-76.499893,3.540097,
10644,ZAMBRANO,"1,997",1,13,BOLÍVAR,13894,Municipio,-74.817879,9.746306,
10645,ZAMBRANO,"1,998",1,13,BOLÍVAR,13894,Municipio,-74.817879,9.746306,
10646,ZAMBRANO,"2,006",1,13,BOLÍVAR,13894,Municipio,-74.817879,9.746306,
10647,ZAMBRANO,"2,016",1,13,BOLÍVAR,13894,Municipio,-74.817879,9.746306,
10648,ZAPATOCA,"1,993",1,68,SANTANDER,68895,Municipio,-73.268034,6.814387,
10649,ZAPATOCA,"1,996",1,68,SANTANDER,68895,Municipio,-73.268034,6.814387,
10650,ZAPATOCA,"2,003",1,68,SANTANDER,68895,Municipio,-73.268034,6.814387,
10651,ZAPATOCA,"2,005",1,68,SANTANDER,68895,Municipio,-73.268034,6.814387,
10652,ZAPATOCA,"2,006",2,68,SANTANDER,68895,Municipio,-73.268034,6.814387,
10653,ZAPATOCA,"2,010",1,68,SANTANDER,68895,Municipio,-73.268034,6.814387,
10654,ZAPATOCA,"2,013",1,68,SANTANDER,68895,Municipio,-73.268034,6.814387,
10655,ZAPATOCA,"2,014",1,68,SANTANDER,68895,Municipio,-73.268034,6.814387,
10656,ZAPATOCA,"2,017",2,68,SANTANDER,68895,Municipio,-73.268034,6.814387,
10657,ZARAGOZA,"1,985",1,5,ANTIOQUIA,5895,Municipio,-74.867075,7.488583,
10658,ZARAGOZA,"1,990",1,5,ANTIOQUIA,5895,Municipio,-74.867075,7.488583,
10659,ZARAGOZA,"1,996",1,5,ANTIOQUIA,5895,Municipio,-74.867075,7.488583,
10660,ZARAGOZA,"1,997",1,5,ANTIOQUIA,5895,Municipio,-74.867075,7.488583,
10661,ZARAGOZA,"2,001",1,5,ANTIOQUIA,5895,Municipio,-74.867075,7.488583,
10662,ZARAGOZA,"2,003",1,5,ANTIOQUIA,5895,Municipio,-74.867075,7.488583,
10663,ZARAGOZA,"2,005",2,5,ANTIOQUIA,5895,Municipio,-74.867075,7.488583,
10664,ZARAGOZA,"2,013",1,5,ANTIOQUIA,5895,Municipio,-74.867075,7.488583,
10665,ZARAGOZA,"2,019",3,5,ANTIOQUIA,5895,Municipio,-74.867075,7.488583,
10666,ZARZAL,"1,985",2,76,VALLE DEL CAUCA,76895,Municipio,-76.070795,4.392658,
10667,ZARZAL,"1,986",1,76,VALLE DEL CAUCA,76895,Municipio,-76.070795,4.392658,
10668,ZARZAL,"1,988",1,76,VALLE DEL CAUCA,76895,Municipio,-76.070795,4.392658,
10669,ZARZAL,"1,990",1,76,VALLE DEL CAUCA,76895,Municipio,-76.070795,4.392658,
10670,ZARZAL,"1,996",3,76,VALLE DEL CAUCA,76895,Municipio,-76.070795,4.392658,
10671,ZARZAL,"1,997",1,76,VALLE DEL CAUCA,76895,Municipio,-76.070795,4.392658,
10672,ZARZAL,"1,999",2,76,VALLE DEL CAUCA,76895,Municipio,-76.070795,4.392658,
10673,ZARZAL,"2,000",1,76,VALLE DEL CAUCA,76895,Municipio,-76.070795,4.392658,
10674,ZARZAL,"2,003",5,76,VALLE DEL CAUCA,76895,Municipio,-76.070795,4.392658,
10675,ZARZAL,"2,004",1,76,VALLE DEL CAUCA,76895,Municipio,-76.070795,4.392658,
10676,ZARZAL,"2,005",2,76,VALLE DEL CAUCA,76895,Municipio,-76.070795,4.392658,
10677,ZARZAL,"2,006",5,76,VALLE DEL CAUCA,76895,Municipio,-76.070795,4.392658,
10678,ZARZAL,"2,008",1,76,VALLE DEL CAUCA,76895,Municipio,-76.070795,4.392658,
10679,ZARZAL,"2,009",2,76,VALLE DEL CAUCA,76895,Municipio,-76.070795,4.392658,
10680,ZARZAL,"2,010",5,76,VALLE DEL CAUCA,76895,Municipio,-76.070795,4.392658,
10681,ZARZAL,"2,012",1,76,VALLE DEL CAUCA,76895,Municipio,-76.070795,4.392658,
10682,ZARZAL,"2,013",3,76,VALLE DEL CAUCA,76895,Municipio,-76.070795,4.392658,
10683,ZARZAL,"2,014",4,76,VALLE DEL CAUCA,76895,Municipio,-76.070795,4.392658,
10684,ZARZAL,"2,015",2,76,VALLE DEL CAUCA,76895,Municipio,-76.070795,4.392658,
10685,ZARZAL,"2,016",1,76,VALLE DEL CAUCA,76895,Municipio,-76.070795,4.392658,
10686,ZARZAL,"2,017",1,76,VALLE DEL CAUCA,76895,Municipio,-76.070795,4.392658,
10687,ZARZAL,"2,018",3,76,VALLE DEL CAUCA,76895,Municipio,-76.070795,4.392658,
10688,ZETAQUIRA,"2,008",1,15,BOYACÁ,15897,Municipio,-73.17098,5.283443,
10689,ZETAQUIRA,"2,012",1,15,BOYACÁ,15897,Municipio,-73.17098,5.283443,
10690,ZETAQUIRA,"2,013",1,15,BOYACÁ,15897,Municipio,-73.17098,5.283443,
10691,ZETAQUIRA,"2,017",1,15,BOYACÁ,15897,Municipio,-73.17098,5.283443,
10692,ZIPACÓN,"1,985",1,25,CUNDINAMARCA,25898,Municipio,-74.379566,4.759932,
10693,ZIPACÓN,"1,993",1,25,CUNDINAMARCA,25898,Municipio,-74.379566,4.759932,
10694,ZIPACÓN,"2,000",1,25,CUNDINAMARCA,25898,Municipio,-74.379566,4.759932,
10695,ZIPACÓN,"2,011",1,25,CUNDINAMARCA,25898,Municipio,-74.379566,4.759932,
10696,ZIPAQUIRÁ,"1,985",1,25,CUNDINAMARCA,25899,Municipio,-73.994444,5.025477,
10697,ZIPAQUIRÁ,"1,986",1,25,CUNDINAMARCA,25899,Municipio,-73.994444,5.025477,
10698,ZIPAQUIRÁ,"1,987",1,25,CUNDINAMARCA,25899,Municipio,-73.994444,5.025477,
10699,ZIPAQUIRÁ,"1,989",3,25,CUNDINAMARCA,25899,Municipio,-73.994444,5.025477,
10700,ZIPAQUIRÁ,"1,990",3,25,CUNDINAMARCA,25899,Municipio,-73.994444,5.025477,
10701,ZIPAQUIRÁ,"1,991",4,25,CUNDINAMARCA,25899,Municipio,-73.994444,5.025477,
10702,ZIPAQUIRÁ,"1,992",2,25,CUNDINAMARCA,25899,Municipio,-73.994444,5.025477,
10703,ZIPAQUIRÁ,"1,993",3,25,CUNDINAMARCA,25899,Municipio,-73.994444,5.025477,
10704,ZIPAQUIRÁ,"1,994",3,25,CUNDINAMARCA,25899,Municipio,-73.994444,5.025477,
10705,ZIPAQUIRÁ,"1,995",7,25,CUNDINAMARCA,25899,Municipio,-73.994444,5.025477,
10706,ZIPAQUIRÁ,"1,996",5,25,CUNDINAMARCA,25899,Municipio,-73.994444,5.025477,
10707,ZIPAQUIRÁ,"1,997",1,25,CUNDINAMARCA,25899,Municipio,-73.994444,5.025477,
10708,ZIPAQUIRÁ,"1,998",4,25,CUNDINAMARCA,25899,Municipio,-73.994444,5.025477,
10709,ZIPAQUIRÁ,"1,999",3,25,CUNDINAMARCA,25899,Municipio,-73.994444,5.025477,
10710,ZIPAQUIRÁ,"2,000",2,25,CUNDINAMARCA,25899,Municipio,-73.994444,5.025477,
10711,ZIPAQUIRÁ,"2,001",3,25,CUNDINAMARCA,25899,Municipio,-73.994444,5.025477,
10712,ZIPAQUIRÁ,"2,002",3,25,CUNDINAMARCA,25899,Municipio,-73.994444,5.025477,
10713,ZIPAQUIRÁ,"2,003",6,25,CUNDINAMARCA,25899,Municipio,-73.994444,5.025477,
10714,ZIPAQUIRÁ,"2,004",3,25,CUNDINAMARCA,25899,Municipio,-73.994444,5.025477,
10715,ZIPAQUIRÁ,"2,005",6,25,CUNDINAMARCA,25899,Municipio,-73.994444,5.025477,
10716,ZIPAQUIRÁ,"2,006",4,25,CUNDINAMARCA,25899,Municipio,-73.994444,5.025477,
10717,ZIPAQUIRÁ,"2,007",5,25,CUNDINAMARCA,25899,Municipio,-73.994444,5.025477,
10718,ZIPAQUIRÁ,"2,008",7,25,CUNDINAMARCA,25899,Municipio,-73.994444,5.025477,
10719,ZIPAQUIRÁ,"2,009",1,25,CUNDINAMARCA,25899,Municipio,-73.994444,5.025477,
10720,ZIPAQUIRÁ,"2,010",3,25,CUNDINAMARCA,25899,Municipio,-73.994444,5.025477,
10721,ZIPAQUIRÁ,"2,011",10,25,CUNDINAMARCA,25899,Municipio,-73.994444,5.025477,
10722,ZIPAQUIRÁ,"2,012",7,25,CUNDINAMARCA,25899,Municipio,-73.994444,5.025477,
10723,ZIPAQUIRÁ,"2,013",3,25,CUNDINAMARCA,25899,Municipio,-73.994444,5.025477,
10724,ZIPAQUIRÁ,"2,014",3,25,CUNDINAMARCA,25899,Municipio,-73.994444,5.025477,
10725,ZIPAQUIRÁ,"2,015",5,25,CUNDINAMARCA,25899,Municipio,-73.994444,5.025477,
10726,ZIPAQUIRÁ,"2,016",6,25,CUNDINAMARCA,25899,Municipio,-73.994444,5.025477,
10727,ZIPAQUIRÁ,"2,017",10,25,CUNDINAMARCA,25899,Municipio,-73.994444,5.025477,
10728,ZIPAQUIRÁ,"2,018",14,25,CUNDINAMARCA,25899,Municipio,-73.994444,5.025477,
10729,ZIPAQUIRÁ,"2,019",14,25,CUNDINAMARCA,25899,Municipio,-73.994444,5.025477,
10730,ZONA BANANERA,"2,008",1,47,MAGDALENA,47980,Municipio,-74.140091,10.763024,
10731,ZONA BANANERA,"2,009",1,47,MAGDALENA,47980,Municipio,-74.140091,10.763024,
10732,ZONA BANANERA,"2,010",1,47,MAGDALENA,47980,Municipio,-74.140091,10.763024,
10733,ZONA BANANERA,"2,011",1,47,MAGDALENA,47980,Municipio,-74.140091,10.763024,
10734,ZONA BANANERA,"2,014",2,47,MAGDALENA,47980,Municipio,-74.140091,10.763024,
10735,ZONA BANANERA,"2,017",1,47,MAGDALENA,47980,Municipio,-74.140091,10.763024,
10736,ZONA BANANERA,"2,018",1,47,MAGDALENA,47980,Municipio,-74.140091,10.763024,
10737,ÁBREGO,"1,988",1,54,NORTE DE SANTANDER,54003,Municipio,-73.221722,8.081616,
10738,ÁBREGO,"2,003",1,54,NORTE DE SANTANDER,54003,Municipio,-73.221722,8.081616,
10739,ÁBREGO,"2,004",1,54,NORTE DE SANTANDER,54003,Municipio,-73.221722,8.081616,
10740,ÁBREGO,"2,005",1,54,NORTE DE SANTANDER,54003,Municipio,-73.221722,8.081616,
10741,ÁBREGO,"2,011",1,54,NORTE DE SANTANDER,54003,Municipio,-73.221722,8.081616,
10742,ÁBREGO,"2,013",1,54,NORTE DE SANTANDER,54003,Municipio,-73.221722,8.081616,
10743,ÁBREGO,"2,014",1,54,NORTE DE SANTANDER,54003,Municipio,-73.221722,8.081616,
10744,ÁBREGO,"2,015",1,54,NORTE DE SANTANDER,54003,Municipio,-73.221722,8.081616,
10745,ÁBREGO,"2,016",2,54,NORTE DE SANTANDER,54003,Municipio,-73.221722,8.081616,
10746,ÁBREGO,"2,017",1,54,NORTE DE SANTANDER,54003,Municipio,-73.221722,8.081616,
10747,ÁBREGO,"2,019",1,54,NORTE DE SANTANDER,54003,Municipio,-73.221722,8.081616,
10748,ÍQUIRA,"1,999",1,41,HUILA,41357,Municipio,-75.634497,2.649359,
10749,ÍQUIRA,"2,003",2,41,HUILA,41357,Municipio,-75.634497,2.649359,
10750,ÍQUIRA,"2,016",1,41,HUILA,41357,Municipio,-75.634497,2.649359,
10751,ÚMBITA,"2,005",1,15,BOYACÁ,15842,Municipio,-73.456917,5.221176,
10752,ÚMBITA,"2,007",1,15,BOYACÁ,15842,Municipio,-73.456917,5.221176,
10753,ÚMBITA,"2,016",1,15,BOYACÁ,15842,Municipio,-73.456917,5.221176,
10754,ÚTICA,"1,989",1,25,CUNDINAMARCA,25851,Municipio,-74.483154,5.19055,
10755,ÚTICA,"2,009",1,25,CUNDINAMARCA,25851,Municipio,-74.483154,5.19055,
